held_out_country,branch,inner_macro_ap,inner_macro_f1,threshold,selected_candidate,candidate_diagnostics
Algeria,nb9_baseline,0.918459723024249,0.8260721247563353,0.38831101298214976,,
Algeria,temporal_features,0.9088865902430172,0.8275691378985097,0.39817118183074257,,
Algeria,rank_blend_nb9_baseline,0.9130119139800457,0.7916499814608824,0.7291666666666667,,
Algeria,rank_blend_temporal_features,0.9062295559121075,0.7975973303670746,0.7625,,
Algeria,tcn_only,0.8321541541555852,0.7308510995467518,0.6483678817749023,,
Algeria,nested_champion,0.918459723024249,0.8260721247563353,0.38831101298214976,nb9_baseline,"[{""branch"": ""nb9_baseline"", ""macro_ap"": 0.918459723024249, ""ap_gain_vs_baseline"": 0.0, ""improved_countries"": 0, ""worst_ap_delta"": 0.0, ""eligible"": true}, {""branch"": ""rank_blend_nb9_baseline"", ""macro_ap"": 0.9130119139800457, ""ap_gain_vs_baseline"": -0.005447809044203366, ""improved_countries"": 2, ""worst_ap_delta"": -0.023809523809523947, ""eligible"": false}, {""branch"": ""temporal_features"", ""macro_ap"": 0.9088865902430172, ""ap_gain_vs_baseline"": -0.00957313278123204, ""improved_countries"": 1, ""worst_ap_delta"": -0.04601231510283077, ""eligible"": false}, {""branch"": ""rank_blend_temporal_features"", ""macro_ap"": 0.9062295559121075, ""ap_gain_vs_baseline"": -0.012230167112141487, ""improved_countries"": 1, ""worst_ap_delta"": -0.03747256250843034, ""eligible"": false}, {""branch"": ""tcn_only"", ""macro_ap"": 0.8321541541555852, ""ap_gain_vs_baseline"": -0.08630556886866385, ""improved_countries"": 0, ""worst_ap_delta"": -0.20833333333333337, ""eligible"": false}]"
Angola,nb9_baseline,0.8575122288698814,0.7686685823754789,0.36500566036203064,,
Angola,temporal_features,0.8528690516842419,0.7721735791090629,0.3794737094115125,,
Angola,rank_blend_nb9_baseline,0.8598972880561797,0.7927893019105478,0.75,,
Angola,rank_blend_temporal_features,0.8533464781889297,0.7838338895068595,0.7375,,
Angola,tcn_only,0.8142024673828041,0.7193305845258308,0.4157941937446594,,
Angola,nested_champion,0.8575122288698814,0.7686685823754789,0.36500566036203064,nb9_baseline,"[{""branch"": ""nb9_baseline"", ""macro_ap"": 0.8575122288698814, ""ap_gain_vs_baseline"": 0.0, ""improved_countries"": 0, ""worst_ap_delta"": 0.0, ""eligible"": true}, {""branch"": ""rank_blend_nb9_baseline"", ""macro_ap"": 0.8598972880561797, ""ap_gain_vs_baseline"": 0.002385059186298233, ""improved_countries"": 3, ""worst_ap_delta"": -0.012884729649435656, ""eligible"": false}, {""branch"": ""rank_blend_temporal_features"", ""macro_ap"": 0.8533464781889297, ""ap_gain_vs_baseline"": -0.0041657506809518186, ""improved_countries"": 3, ""worst_ap_delta"": -0.03589693187216425, ""eligible"": false}, {""branch"": ""temporal_features"", ""macro_ap"": 0.8528690516842419, ""ap_gain_vs_baseline"": -0.004643177185639646, ""improved_countries"": 1, ""worst_ap_delta"": -0.013284968426735766, ""eligible"": false}, {""branch"": ""tcn_only"", ""macro_ap"": 0.8142024673828041, ""ap_gain_vs_baseline"": -0.043309761487077346, ""improved_countries"": 1, ""worst_ap_delta"": -0.1285617057700046, ""eligible"": false}]"
Indonesia,nb9_baseline,0.8508429270657532,0.7064285714285713,0.4291004456760507,,
Indonesia,temporal_features,0.8510246209380303,0.708167116862769,0.3556124664004966,,
Indonesia,rank_blend_nb9_baseline,0.8589519625978067,0.7604484881904237,0.75,,
Indonesia,rank_blend_temporal_features,0.8610275530239155,0.7713485766077535,0.7591836734693878,,
Indonesia,tcn_only,0.8299352296078141,0.7439139784946236,0.68467116355896,,
Indonesia,nested_champion,0.8610275530239155,0.7713485766077535,0.7591836734693878,rank_blend_temporal_features,"[{""branch"": ""rank_blend_temporal_features"", ""macro_ap"": 0.8610275530239155, ""ap_gain_vs_baseline"": 0.01018462595816243, ""improved_countries"": 4, ""worst_ap_delta"": -0.019578230411563813, ""eligible"": true}, {""branch"": ""rank_blend_nb9_baseline"", ""macro_ap"": 0.8589519625978067, ""ap_gain_vs_baseline"": 0.008109035532053466, ""improved_countries"": 4, ""worst_ap_delta"": -0.025405277926767167, ""eligible"": true}, {""branch"": ""nb9_baseline"", ""macro_ap"": 0.8508429270657532, ""ap_gain_vs_baseline"": 0.0, ""improved_countries"": 0, ""worst_ap_delta"": 0.0, ""eligible"": true}, {""branch"": ""temporal_features"", ""macro_ap"": 0.8510246209380303, ""ap_gain_vs_baseline"": 0.00018169387227728873, ""improved_countries"": 4, ""worst_ap_delta"": -0.03974358974358971, ""eligible"": false}, {""branch"": ""tcn_only"", ""macro_ap"": 0.8299352296078141, ""ap_gain_vs_baseline"": -0.020907697457939058, ""improved_countries"": 3, ""worst_ap_delta"": -0.13748973864063385, ""eligible"": false}]"
Iraq,nb9_baseline,0.8731092007706746,0.7738875855327468,0.4096356724412543,,
Iraq,temporal_features,0.868186406754074,0.7660562770562771,0.36302480723542574,,
Iraq,rank_blend_nb9_baseline,0.8889082041295117,0.7891075050709939,0.7208333333333333,,
Iraq,rank_blend_temporal_features,0.882097448200498,0.7775537634408601,0.7137254901960784,,
Iraq,tcn_only,0.8296186996890459,0.7443894523326572,0.6229003667831421,,
Iraq,nested_champion,0.8889082041295117,0.7891075050709939,0.7208333333333333,rank_blend_nb9_baseline,"[{""branch"": ""rank_blend_nb9_baseline"", ""macro_ap"": 0.8889082041295117, ""ap_gain_vs_baseline"": 0.01579900335883704, ""improved_countries"": 4, ""worst_ap_delta"": -0.005183871967759268, ""eligible"": true}, {""branch"": ""rank_blend_temporal_features"", ""macro_ap"": 0.882097448200498, ""ap_gain_vs_baseline"": 0.008988247429823315, ""improved_countries"": 3, ""worst_ap_delta"": -0.016496453979406134, ""eligible"": true}, {""branch"": ""nb9_baseline"", ""macro_ap"": 0.8731092007706746, ""ap_gain_vs_baseline"": 0.0, ""improved_countries"": 0, ""worst_ap_delta"": 0.0, ""eligible"": true}, {""branch"": ""temporal_features"", ""macro_ap"": 0.868186406754074, ""ap_gain_vs_baseline"": -0.004922794016600585, ""improved_countries"": 1, ""worst_ap_delta"": -0.014359601584489123, ""eligible"": false}, {""branch"": ""tcn_only"", ""macro_ap"": 0.8296186996890459, ""ap_gain_vs_baseline"": -0.04349050108162864, ""improved_countries"": 2, ""worst_ap_delta"": -0.16772438165132142, ""eligible"": false}]"
Libya,nb9_baseline,0.8743256559315549,0.7531711804956586,0.4533247252910229,,
Libya,temporal_features,0.8799809494952985,0.7484652981427175,0.4573627321621084,,
Libya,rank_blend_nb9_baseline,0.8836352735513906,0.7762551174315881,0.7416666666666667,,
Libya,rank_blend_temporal_features,0.8842217026858105,0.7762551174315881,0.7416666666666667,,
Libya,tcn_only,0.8134984500964537,0.7468864468864469,0.8038526177406311,,
Libya,nested_champion,0.8842217026858105,0.7762551174315881,0.7416666666666667,rank_blend_temporal_features,"[{""branch"": ""rank_blend_temporal_features"", ""macro_ap"": 0.8842217026858105, ""ap_gain_vs_baseline"": 0.00989604675425546, ""improved_countries"": 4, ""worst_ap_delta"": -0.001009557804793615, ""eligible"": true}, {""branch"": ""rank_blend_nb9_baseline"", ""macro_ap"": 0.8836352735513906, ""ap_gain_vs_baseline"": 0.009309617619835665, ""improved_countries"": 3, ""worst_ap_delta"": -0.005419532340271593, ""eligible"": true}, {""branch"": ""nb9_baseline"", ""macro_ap"": 0.8743256559315549, ""ap_gain_vs_baseline"": 0.0, ""improved_countries"": 0, ""worst_ap_delta"": 0.0, ""eligible"": true}, {""branch"": ""temporal_features"", ""macro_ap"": 0.8799809494952985, ""ap_gain_vs_baseline"": 0.0056552935637435246, ""improved_countries"": 2, ""worst_ap_delta"": -0.004155371032432353, ""eligible"": false}, {""branch"": ""tcn_only"", ""macro_ap"": 0.8134984500964537, ""ap_gain_vs_baseline"": -0.06082720583510128, ""improved_countries"": 0, ""worst_ap_delta"": -0.10079881473469954, ""eligible"": false}]"
Nigeria,nb9_baseline,0.8688927690994948,0.7460673457838144,0.360133726990286,,
Nigeria,temporal_features,0.8643029989755142,0.727470990742338,0.37667197479782366,,
Nigeria,rank_blend_nb9_baseline,0.881419243504476,0.7565331442750798,0.7666666666666667,,
Nigeria,rank_blend_temporal_features,0.8824573791470899,0.7628490028490029,0.7833333333333333,,
Nigeria,tcn_only,0.8306386842122006,0.7315358172307036,0.5078058242797852,,
Nigeria,nested_champion,0.8824573791470899,0.7628490028490029,0.7833333333333333,rank_blend_temporal_features,"[{""branch"": ""rank_blend_temporal_features"", ""macro_ap"": 0.8824573791470899, ""ap_gain_vs_baseline"": 0.013564610047595039, ""improved_countries"": 4, ""worst_ap_delta"": -0.008697326065747246, ""eligible"": true}, {""branch"": ""rank_blend_nb9_baseline"", ""macro_ap"": 0.881419243504476, ""ap_gain_vs_baseline"": 0.012526474404981247, ""improved_countries"": 4, ""worst_ap_delta"": -0.0065768348073249605, ""eligible"": true}, {""branch"": ""nb9_baseline"", ""macro_ap"": 0.8688927690994948, ""ap_gain_vs_baseline"": 0.0, ""improved_countries"": 0, ""worst_ap_delta"": 0.0, ""eligible"": true}, {""branch"": ""temporal_features"", ""macro_ap"": 0.8643029989755142, ""ap_gain_vs_baseline"": -0.004589770123980608, ""improved_countries"": 1, ""worst_ap_delta"": -0.019841269841269882, ""eligible"": false}, {""branch"": ""tcn_only"", ""macro_ap"": 0.8306386842122006, ""ap_gain_vs_baseline"": -0.038254084887294225, ""improved_countries"": 1, ""worst_ap_delta"": -0.09521072847541201, ""eligible"": false}]"
