excluded_countries,train_countries,training_sources,training_positives,training_unlabeled,seed,epochs,batch_size,unlabeled_keep_fraction,device,parameter_count,sampler,loss,normalization,bag_index,pu_bags,kind,scored_sources,scored_cohort_sources,score_population,embedding_dimension
['Algeria'],"['Angola', 'Indonesia', 'Iraq', 'Libya', 'Nigeria']",7839,871,6968,1131,8,512,0.8,cuda,27873,"{'policy': 'inverse-country-count', 'replacement': True, 'draws_per_epoch': 7839, 'country_source_counts': {'Angola': 90, 'Indonesia': 1656, 'Iraq': 1980, 'Libya': 1521, 'Nigeria': 2592}}","[0.8480935307132421, 0.620976211670665, 0.5539167142215471, 0.5618934848962778, 0.5341686338076012, 0.5391746989043487, 0.49045108577885455, 0.5270670830541947]","{'center': [1.0986123085021973, 1.0986123085021973, 2.8495497703552246, 1.7474592924118042, 328.29998779296875, 30.05999755859375, 0.60447758436203, 0.0, 0.0, 0.0, 0.0, 0.0], 'scale': [1.7047481536865234, 1.3862943649291992, 2.533527374267578, 1.5069119930267334, 27.96014404296875, 16.944969177246094, 1.0, 0.19298961758613586, 0.1428571492433548, 1.0, 1.0, 1.0]}",0,2,single,10163,48.0,True,0
['Algeria'],"['Angola', 'Indonesia', 'Iraq', 'Libya', 'Nigeria']",7839,871,6968,1232,8,512,0.8,cuda,27873,"{'policy': 'inverse-country-count', 'replacement': True, 'draws_per_epoch': 7839, 'country_source_counts': {'Angola': 90, 'Indonesia': 1656, 'Iraq': 1980, 'Libya': 1521, 'Nigeria': 2592}}","[0.8744759748124669, 0.6389121375288916, 0.5344914007223387, 0.5212919184224523, 0.5000237780788873, 0.5380910117113099, 0.5422337678017429, 0.5094507386952368]","{'center': [1.0986123085021973, 1.0986123085021973, 2.8387861251831055, 1.7439687252044678, 328.29998779296875, 29.989990234375, 0.604651153087616, 0.0, 0.0, 0.0, 0.0, 0.0], 'scale': [1.7047481536865234, 1.3862943649291992, 2.531062126159668, 1.5158114433288574, 27.98755645751953, 16.96626853942871, 1.0, 0.19382674992084503, 0.1428571492433548, 1.0, 1.0, 1.0]}",1,2,single,10163,48.0,True,0
['Angola'],"['Algeria', 'Indonesia', 'Iraq', 'Libya', 'Nigeria']",10998,1222,9776,2131,8,512,0.8,cuda,27873,"{'policy': 'inverse-country-count', 'replacement': True, 'draws_per_epoch': 10998, 'country_source_counts': {'Algeria': 3249, 'Indonesia': 1656, 'Iraq': 1980, 'Libya': 1521, 'Nigeria': 2592}}","[0.9475140605737652, 0.6927625723894476, 0.6511366424137386, 0.6354379319758778, 0.6467443580659091, 0.6095381522421448, 0.598261922202255, 0.6368026139411433]","{'center': [1.3862943649291992, 1.0986123085021973, 2.8317418098449707, 1.5851452350616455, 325.5675048828125, 29.02001953125, 0.6755001544952393, 0.0, 0.0, 0.0, 0.0, 0.0], 'scale': [2.0149030685424805, 1.7047481536865234, 2.5602166652679443, 1.484931230545044, 28.90123748779297, 16.854116439819336, 1.0, 0.18320561945438385, 0.09677419066429138, 1.0, 1.0, 1.0]}",0,2,single,970253,50.0,True,0
['Angola'],"['Algeria', 'Indonesia', 'Iraq', 'Libya', 'Nigeria']",10998,1222,9776,2232,8,512,0.8,cuda,27873,"{'policy': 'inverse-country-count', 'replacement': True, 'draws_per_epoch': 10998, 'country_source_counts': {'Algeria': 3249, 'Indonesia': 1656, 'Iraq': 1980, 'Libya': 1521, 'Nigeria': 2592}}","[0.897549945487827, 0.6557020268931911, 0.6409183688371003, 0.6091514346945999, 0.6199759999217282, 0.6029486525793643, 0.5859570465080953, 0.5995930211612107]","{'center': [1.3862943649291992, 1.0986123085021973, 2.823460102081299, 1.5851452350616455, 325.8206787109375, 29.068096160888672, 0.6703296899795532, 0.0, 0.0, 0.0, 0.0, 0.0], 'scale': [1.9459102153778076, 1.7047481536865234, 2.5476837158203125, 1.4671883583068848, 28.864990234375, 16.868921279907227, 1.0, 0.18332679569721222, 0.09090909361839294, 1.0, 1.0, 1.0]}",1,2,single,970253,50.0,True,0
['Indonesia'],"['Algeria', 'Angola', 'Iraq', 'Libya', 'Nigeria']",9432,1048,8384,3131,8,512,0.8,cuda,27873,"{'policy': 'inverse-country-count', 'replacement': True, 'draws_per_epoch': 9432, 'country_source_counts': {'Algeria': 3249, 'Angola': 90, 'Iraq': 1980, 'Libya': 1521, 'Nigeria': 2592}}","[0.9499242268344728, 0.6150115338597285, 0.6063880504340413, 0.5156524000883709, 0.5480613703946121, 0.4865570596661782, 0.4880075776243331, 0.5026915620402627]","{'center': [1.3862943649291992, 1.0986123085021973, 2.8667619228363037, 1.539015531539917, 325.3247985839844, 28.55168342590332, 0.6969696879386902, 0.0, 0.0, 0.0, 0.0, 0.0], 'scale': [2.140066146850586, 1.8718020915985107, 2.561497211456299, 1.4308264255523682, 29.28337860107422, 16.260602951049805, 1.0, 0.1876286417245865, 0.07901250571012497, 1.0, 1.0, 1.0]}",0,2,single,183558,48.0,True,0
['Indonesia'],"['Algeria', 'Angola', 'Iraq', 'Libya', 'Nigeria']",9432,1048,8384,3232,8,512,0.8,cuda,27873,"{'policy': 'inverse-country-count', 'replacement': True, 'draws_per_epoch': 9432, 'country_source_counts': {'Algeria': 3249, 'Angola': 90, 'Iraq': 1980, 'Libya': 1521, 'Nigeria': 2592}}","[0.9480089486605844, 0.6351166069254822, 0.601883529757321, 0.5455110081683993, 0.5062560927473558, 0.4984168321323961, 0.5027157084430245, 0.49374964193735615]","{'center': [1.3862943649291992, 1.0986123085021973, 2.8892600536346436, 1.5496878623962402, 325.50164794921875, 28.603092193603516, 0.692307710647583, 0.0, 0.0, 0.0, 0.0, 0.0], 'scale': [2.140066146850586, 1.8718020915985107, 2.576667308807373, 1.4305781126022339, 29.123092651367188, 16.224990844726562, 1.0, 0.1885487586259842, 0.08163265138864517, 1.0, 1.0, 1.0]}",1,2,single,183558,48.0,True,0
['Iraq'],"['Algeria', 'Angola', 'Indonesia', 'Libya', 'Nigeria']",9108,1012,8096,4131,8,512,0.8,cuda,27873,"{'policy': 'inverse-country-count', 'replacement': True, 'draws_per_epoch': 9108, 'country_source_counts': {'Algeria': 3249, 'Angola': 90, 'Indonesia': 1656, 'Libya': 1521, 'Nigeria': 2592}}","[0.9747545382250911, 0.6301035156206023, 0.6462172453320754, 0.5793775613757147, 0.5444809109116522, 0.512913900859847, 0.5409222764041165, 0.5588664605945257]","{'center': [1.0986123085021973, 1.0986123085021973, 2.626840114593506, 1.5216989517211914, 325.51800537109375, 29.30864143371582, 0.6666666865348816, 0.0, 0.0, 0.0, 0.0, 0.0], 'scale': [1.6094379425048828, 1.252763032913208, 2.35214900970459, 1.4288029670715332, 29.662506103515625, 17.06914520263672, 1.0, 0.1668374091386795, 0.02777777798473835, 1.0, 1.0, 1.0]}",0,2,single,30598,48.0,True,0
['Iraq'],"['Algeria', 'Angola', 'Indonesia', 'Libya', 'Nigeria']",9108,1012,8096,4232,8,512,0.8,cuda,27873,"{'policy': 'inverse-country-count', 'replacement': True, 'draws_per_epoch': 9108, 'country_source_counts': {'Algeria': 3249, 'Angola': 90, 'Indonesia': 1656, 'Libya': 1521, 'Nigeria': 2592}}","[0.9450464160179537, 0.6560495298684664, 0.5859620023255396, 0.5716503597321508, 0.5622412312381562, 0.5671560531600714, 0.5322952894825238, 0.5310280242927461]","{'center': [1.0986123085021973, 1.0986123085021973, 2.624668598175049, 1.5173226594924927, 325.2198486328125, 29.213031768798828, 0.6666666865348816, 0.0, 0.0, 0.0, 0.0, 0.0], 'scale': [1.6094379425048828, 1.252763032913208, 2.357346296310425, 1.4342634677886963, 29.701004028320312, 17.090015411376953, 1.0, 0.16644318401813507, 0.02777777798473835, 1.0, 1.0, 1.0]}",1,2,single,30598,48.0,True,0
['Libya'],"['Algeria', 'Angola', 'Indonesia', 'Iraq', 'Nigeria']",9567,1063,8504,5131,8,512,0.8,cuda,27873,"{'policy': 'inverse-country-count', 'replacement': True, 'draws_per_epoch': 9567, 'country_source_counts': {'Algeria': 3249, 'Angola': 90, 'Indonesia': 1656, 'Iraq': 1980, 'Nigeria': 2592}}","[0.8154481742353888, 0.5615809994692387, 0.5256701838986383, 0.49584886884943524, 0.5067655320599671, 0.44833998228049, 0.49349677397612435, 0.49337794108613603]","{'center': [1.3862943649291992, 1.0986123085021973, 2.895911931991577, 1.7095329761505127, 328.11407470703125, 30.02022361755371, 0.6000000238418579, 0.0, 0.0, 0.0, 0.0, 0.0], 'scale': [1.7917594909667969, 1.504077434539795, 2.5195817947387695, 1.4816045761108398, 28.23999786376953, 16.624469757080078, 1.0, 0.19710053503513336, 0.125, 1.0, 1.0, 1.0]}",0,2,single,2696,51.0,True,0
['Libya'],"['Algeria', 'Angola', 'Indonesia', 'Iraq', 'Nigeria']",9567,1063,8504,5232,8,512,0.8,cuda,27873,"{'policy': 'inverse-country-count', 'replacement': True, 'draws_per_epoch': 9567, 'country_source_counts': {'Algeria': 3249, 'Angola': 90, 'Indonesia': 1656, 'Iraq': 1980, 'Nigeria': 2592}}","[0.9805433611031472, 0.6396489043937054, 0.48703462648032864, 0.5112205979012142, 0.513204544474242, 0.5226520956453515, 0.4937118880456177, 0.48882965408822415]","{'center': [1.3862943649291992, 1.0986123085021973, 2.8920369148254395, 1.7029281854629517, 327.89501953125, 29.94999885559082, 0.6000000238418579, 0.0, 0.0, 0.0, 0.0, 0.0], 'scale': [1.7917594909667969, 1.504077434539795, 2.526305675506592, 1.4881837368011475, 28.444900512695312, 16.626684188842773, 1.0, 0.1960849016904831, 0.125, 1.0, 1.0, 1.0]}",1,2,single,2696,51.0,True,0
['Nigeria'],"['Algeria', 'Angola', 'Indonesia', 'Iraq', 'Libya']",8496,944,7552,6131,8,512,0.8,cuda,27873,"{'policy': 'inverse-country-count', 'replacement': True, 'draws_per_epoch': 8496, 'country_source_counts': {'Algeria': 3249, 'Angola': 90, 'Indonesia': 1656, 'Iraq': 1980, 'Libya': 1521}}","[0.9912958623325757, 0.6901144319110446, 0.5618310957978674, 0.5387967951778189, 0.5559982679882517, 0.580437472254992, 0.5342105756147209, 0.5418093864527126]","{'center': [1.6094379425048828, 1.0986123085021973, 2.9523026943206787, 1.475906491279602, 322.11260986328125, 27.89143180847168, 0.7564102411270142, 0.0, 0.0, 0.0, 0.0, 0.0], 'scale': [2.397895336151123, 2.079441547393799, 2.8369839191436768, 1.4923627376556396, 27.780746459960938, 17.392478942871094, 1.0, 0.17777499556541443, 0.08571428805589676, 1.0, 1.0, 1.0]}",0,2,single,436887,49.0,True,0
['Nigeria'],"['Algeria', 'Angola', 'Indonesia', 'Iraq', 'Libya']",8496,944,7552,6232,8,512,0.8,cuda,27873,"{'policy': 'inverse-country-count', 'replacement': True, 'draws_per_epoch': 8496, 'country_source_counts': {'Algeria': 3249, 'Angola': 90, 'Indonesia': 1656, 'Iraq': 1980, 'Libya': 1521}}","[0.9557724359345301, 0.6259018335414247, 0.6089907683670633, 0.588354792972069, 0.5823278176245716, 0.5638995557855078, 0.5335365001203426, 0.5725110423542461]","{'center': [1.6094379425048828, 1.0986123085021973, 2.9601049423217773, 1.4701017141342163, 321.9700012207031, 27.847780227661133, 0.760869562625885, 0.0, 0.0, 0.0, 0.0, 0.0], 'scale': [2.397895336151123, 2.079441547393799, 2.800145387649536, 1.4963874816894531, 27.950347900390625, 17.337604522705078, 1.0, 0.1799924671649933, 0.07999999821186066, 1.0, 1.0, 1.0]}",1,2,single,436887,49.0,True,0
"['Algeria', 'Angola']","['Indonesia', 'Iraq', 'Libya', 'Nigeria']",7749,861,6888,101131,8,512,0.8,cuda,27873,"{'policy': 'inverse-country-count', 'replacement': True, 'draws_per_epoch': 7749, 'country_source_counts': {'Indonesia': 1656, 'Iraq': 1980, 'Libya': 1521, 'Nigeria': 2592}}","[1.0115070209639783, 0.6531839253195086, 0.5947130936963402, 0.6357331216789119, 0.5680978758240657, 0.6065372108590112, 0.5996583474076229, 0.5653503233655097]","{'center': [1.0986123085021973, 1.0986123085021973, 2.8273136615753174, 1.7404661178588867, 328.27490234375, 29.96426773071289, 0.6060606241226196, 0.0, 0.0, 0.0, 0.0, 0.0], 'scale': [1.7047481536865234, 1.3862943649291992, 2.5288891792297363, 1.5052976608276367, 28.021446228027344, 16.94699478149414, 1.0, 0.1912255883216858, 0.1428571492433548, 1.0, 1.0, 1.0]}",0,2,pair,98,,,0
"['Algeria', 'Angola']","['Indonesia', 'Iraq', 'Libya', 'Nigeria']",7749,861,6888,101232,8,512,0.8,cuda,27873,"{'policy': 'inverse-country-count', 'replacement': True, 'draws_per_epoch': 7749, 'country_source_counts': {'Indonesia': 1656, 'Iraq': 1980, 'Libya': 1521, 'Nigeria': 2592}}","[0.902397393088046, 0.7471467350887351, 0.6287552627198449, 0.6259413894137531, 0.6208011954195931, 0.6159577921469421, 0.5775469558664192, 0.5554277105383111]","{'center': [1.0986123085021973, 1.0986123085021973, 2.8293824195861816, 1.7404661178588867, 328.29998779296875, 29.97903060913086, 0.6102795600891113, 0.0, 0.0, 0.0, 0.0, 0.0], 'scale': [1.7047481536865234, 1.3862943649291992, 2.540900707244873, 1.5079010725021362, 28.070526123046875, 16.991458892822266, 1.0, 0.19289857149124146, 0.1428571492433548, 1.0, 1.0, 1.0]}",1,2,pair,98,,,0
"['Algeria', 'Indonesia']","['Angola', 'Iraq', 'Libya', 'Nigeria']",6183,687,5496,102131,8,512,0.8,cuda,27873,"{'policy': 'inverse-country-count', 'replacement': True, 'draws_per_epoch': 6183, 'country_source_counts': {'Angola': 90, 'Iraq': 1980, 'Libya': 1521, 'Nigeria': 2592}}","[0.9836052621951404, 0.6399053496950443, 0.5791986796841659, 0.5056285174672279, 0.5968385364618691, 0.5203269152517518, 0.46881053330307154, 0.5341959825114256]","{'center': [1.3862943649291992, 1.0986123085021973, 2.8942530155181885, 1.6916849613189697, 328.00439453125, 29.24191665649414, 0.6435445547103882, 0.0, 0.0, 0.0, 0.0, 0.0], 'scale': [1.9459102153778076, 1.7047481536865234, 2.521595001220703, 1.479298710823059, 28.469757080078125, 16.25509262084961, 1.0, 0.19817577302455902, 0.13513512909412384, 1.0, 1.0, 1.0]}",0,2,pair,96,,,0
"['Algeria', 'Indonesia']","['Angola', 'Iraq', 'Libya', 'Nigeria']",6183,687,5496,102232,8,512,0.8,cuda,27873,"{'policy': 'inverse-country-count', 'replacement': True, 'draws_per_epoch': 6183, 'country_source_counts': {'Angola': 90, 'Iraq': 1980, 'Libya': 1521, 'Nigeria': 2592}}","[1.0227058654741121, 0.6299271794048382, 0.4915602773273722, 0.5728337616427285, 0.5222899811940345, 0.47807017296972004, 0.48496547113358734, 0.4767493022822377]","{'center': [1.3862943649291992, 1.0986123085021973, 2.9107189178466797, 1.6902236938476562, 327.9599304199219, 29.279998779296875, 0.6487517952919006, 0.0, 0.0, 0.0, 0.0, 0.0], 'scale': [1.9459102153778076, 1.7047481536865234, 2.539581060409546, 1.4746960401535034, 28.447921752929688, 16.24907112121582, 1.0, 0.19833147525787354, 0.13513512909412384, 1.0, 1.0, 1.0]}",1,2,pair,96,,,0
"['Algeria', 'Iraq']","['Angola', 'Indonesia', 'Libya', 'Nigeria']",5859,651,5208,103131,8,512,0.8,cuda,27873,"{'policy': 'inverse-country-count', 'replacement': True, 'draws_per_epoch': 5859, 'country_source_counts': {'Angola': 90, 'Indonesia': 1656, 'Libya': 1521, 'Nigeria': 2592}}","[0.9557504818736133, 0.633107021300942, 0.5555448890302058, 0.5702074589044044, 0.5321369000741861, 0.47937813429198467, 0.49108657133540595, 0.47355892712558406]","{'center': [1.0986123085021973, 0.6931471824645996, 2.5455312728881836, 1.691939115524292, 329.0247497558594, 30.595008850097656, 0.4000000059604645, 0.0, 0.0, 0.0, 0.0, 0.0], 'scale': [1.252763032913208, 0.6931471824645996, 2.217886447906494, 1.5068086385726929, 28.80474090576172, 17.232147216796875, 1.0, 0.17428195476531982, 0.095238097012043, 1.0, 1.0, 1.0]}",0,2,pair,96,,,0
"['Algeria', 'Iraq']","['Angola', 'Indonesia', 'Libya', 'Nigeria']",5859,651,5208,103232,8,512,0.8,cuda,27873,"{'policy': 'inverse-country-count', 'replacement': True, 'draws_per_epoch': 5859, 'country_source_counts': {'Angola': 90, 'Indonesia': 1656, 'Libya': 1521, 'Nigeria': 2592}}","[1.1013108070321123, 0.7576287683213321, 0.5815646151549012, 0.5516263726506752, 0.5923063682449782, 0.525334740096055, 0.5038417211712617, 0.4566961774689322]","{'center': [1.0986123085021973, 0.6931471824645996, 2.543175458908081, 1.6733512878417969, 328.8999938964844, 30.487272262573242, 0.4000000059604645, 0.0, 0.0, 0.0, 0.0, 0.0], 'scale': [1.252763032913208, 0.9162907600402832, 2.2143940925598145, 1.505488634109497, 28.83392333984375, 17.23001480102539, 1.0, 0.1740722507238388, 0.09090909361839294, 1.0, 1.0, 1.0]}",1,2,pair,96,,,0
"['Algeria', 'Libya']","['Angola', 'Indonesia', 'Iraq', 'Nigeria']",6318,702,5616,104131,8,512,0.8,cuda,27873,"{'policy': 'inverse-country-count', 'replacement': True, 'draws_per_epoch': 6318, 'country_source_counts': {'Angola': 90, 'Indonesia': 1656, 'Iraq': 1980, 'Nigeria': 2592}}","[0.8608950992934724, 0.5904192446190634, 0.4733107861894413, 0.4552244240628575, 0.43322078300148825, 0.4332902137332794, 0.4176744404624783, 0.40827878628512204]","{'center': [1.0986123085021973, 0.6931471824645996, 2.933856725692749, 1.918575644493103, 331.239990234375, 31.410003662109375, 0.3333333432674408, 0.0, 0.0, 0.0, 0.0, 0.0], 'scale': [1.3862943649291992, 1.0986123085021973, 2.474165439605713, 1.4208365678787231, 25.875030517578125, 16.142478942871094, 0.9354838728904724, 0.20957708358764648, 0.18478260934352875, 1.0, 1.0, 1.0]}",0,2,pair,99,,,0
"['Algeria', 'Libya']","['Angola', 'Indonesia', 'Iraq', 'Nigeria']",6318,702,5616,104232,8,512,0.8,cuda,27873,"{'policy': 'inverse-country-count', 'replacement': True, 'draws_per_epoch': 6318, 'country_source_counts': {'Angola': 90, 'Indonesia': 1656, 'Iraq': 1980, 'Nigeria': 2592}}","[0.9303120511474018, 0.5183756801194501, 0.47862938173815733, 0.449878181411934, 0.4091154136077329, 0.4206656989284466, 0.42874232169456516, 0.4439423243789667]","{'center': [1.0986123085021973, 0.6931471824645996, 2.9269180297851562, 1.919859528541565, 331.163818359375, 31.28791618347168, 0.3333333432674408, 0.0, 0.0, 0.0, 0.0, 0.0], 'scale': [1.3862943649291992, 1.0986123085021973, 2.475327491760254, 1.4302637577056885, 25.705947875976562, 16.280527114868164, 0.9375, 0.2098761349916458, 0.190476194024086, 1.0, 1.0, 1.0]}",1,2,pair,99,,,0
"['Algeria', 'Nigeria']","['Angola', 'Indonesia', 'Iraq', 'Libya']",5247,583,4664,105131,8,512,0.8,cuda,27873,"{'policy': 'inverse-country-count', 'replacement': True, 'draws_per_epoch': 5247, 'country_source_counts': {'Angola': 90, 'Indonesia': 1656, 'Iraq': 1980, 'Libya': 1521}}","[0.9243079343363743, 0.6998153927554761, 0.5724829169814192, 0.5696318710284254, 0.5058984620095844, 0.5760293190584242, 0.4882268097847331, 0.5134906422553436]","{'center': [1.3862943649291992, 1.0986123085021973, 3.015779972076416, 1.6389967203140259, 323.79998779296875, 28.599166870117188, 0.7368420958518982, 0.0, 0.0, 0.0, 0.0, 0.0], 'scale': [2.397895336151123, 2.0149030685424805, 2.917553424835205, 1.6216191053390503, 27.386764526367188, 18.161144256591797, 1.0, 0.18846316635608673, 0.1428571492433548, 1.0, 1.0, 1.0]}",0,2,pair,97,,,0
"['Algeria', 'Nigeria']","['Angola', 'Indonesia', 'Iraq', 'Libya']",5247,583,4664,105232,8,512,0.8,cuda,27873,"{'policy': 'inverse-country-count', 'replacement': True, 'draws_per_epoch': 5247, 'country_source_counts': {'Angola': 90, 'Indonesia': 1656, 'Iraq': 1980, 'Libya': 1521}}","[1.0226947309994938, 0.7864673049853874, 0.6460606844249807, 0.5398776012362583, 0.5276500588715679, 0.5431683582988766, 0.5632032607881733, 0.518382659248336]","{'center': [1.3862943649291992, 1.0986123085021973, 3.024319648742676, 1.6480445861816406, 324.0, 28.6453857421875, 0.7333333492279053, 0.0, 0.0, 0.0, 0.0, 0.0], 'scale': [2.397895336151123, 2.079441547393799, 2.925442695617676, 1.6062217950820923, 27.399993896484375, 18.20877456665039, 1.0, 0.18969008326530457, 0.1428571492433548, 1.0, 1.0, 1.0]}",1,2,pair,97,,,0
"['Angola', 'Indonesia']","['Algeria', 'Iraq', 'Libya', 'Nigeria']",9342,1038,8304,106131,8,512,0.8,cuda,27873,"{'policy': 'inverse-country-count', 'replacement': True, 'draws_per_epoch': 9342, 'country_source_counts': {'Algeria': 3249, 'Iraq': 1980, 'Libya': 1521, 'Nigeria': 2592}}","[0.9653952917611668, 0.7194820285685642, 0.6438899848987397, 0.6355886053053885, 0.6238994150875314, 0.5930933744078962, 0.5755839224572203, 0.6002059821027476]","{'center': [1.3862943649291992, 1.0986123085021973, 2.872434139251709, 1.542229175567627, 325.3423767089844, 28.519989013671875, 0.6985294222831726, 0.0, 0.0, 0.0, 0.0, 0.0], 'scale': [2.1972246170043945, 1.8718020915985107, 2.58858585357666, 1.4164936542510986, 28.93707275390625, 16.150009155273438, 1.0, 0.18575960397720337, 0.0833333358168602, 1.0, 1.0, 1.0]}",0,2,pair,98,,,0
"['Angola', 'Indonesia']","['Algeria', 'Iraq', 'Libya', 'Nigeria']",9342,1038,8304,106232,8,512,0.8,cuda,27873,"{'policy': 'inverse-country-count', 'replacement': True, 'draws_per_epoch': 9342, 'country_source_counts': {'Algeria': 3249, 'Iraq': 1980, 'Libya': 1521, 'Nigeria': 2592}}","[0.9326106953278928, 0.6617313322916809, 0.6748699793798258, 0.6224995418869436, 0.615089643169996, 0.5859934053286269, 0.5803808898748154, 0.5634094309025877]","{'center': [1.3862943649291992, 1.0986123085021973, 2.8735647201538086, 1.5332298278808594, 325.0927734375, 28.449981689453125, 0.7015527486801147, 0.0, 0.0, 0.0, 0.0, 0.0], 'scale': [2.1972246170043945, 1.8718020915985107, 2.5739383697509766, 1.4213569164276123, 29.1419677734375, 16.209972381591797, 1.0, 0.18529316782951355, 0.07692307978868484, 1.0, 1.0, 1.0]}",1,2,pair,98,,,0
"['Angola', 'Iraq']","['Algeria', 'Indonesia', 'Libya', 'Nigeria']",9018,1002,8016,107131,8,512,0.8,cuda,27873,"{'policy': 'inverse-country-count', 'replacement': True, 'draws_per_epoch': 9018, 'country_source_counts': {'Algeria': 3249, 'Indonesia': 1656, 'Libya': 1521, 'Nigeria': 2592}}","[1.111652994372676, 0.689215072244571, 0.6817072031634904, 0.6462130688476203, 0.6241775623285789, 0.6371939634372612, 0.5979805146545389, 0.6086862772789094]","{'center': [1.3862943649291992, 1.0986123085021973, 2.626840114593506, 1.5062971115112305, 325.13323974609375, 29.1500244140625, 0.6666666865348816, 0.0, 0.0, 0.0, 0.0, 0.0], 'scale': [1.6094379425048828, 1.3862943649291992, 2.356571674346924, 1.423708200454712, 29.661148071289062, 16.993270874023438, 1.0, 0.1641300618648529, 0.027027027681469917, 1.0, 1.0, 1.0]}",0,2,pair,98,,,0
"['Angola', 'Iraq']","['Algeria', 'Indonesia', 'Libya', 'Nigeria']",9018,1002,8016,107232,8,512,0.8,cuda,27873,"{'policy': 'inverse-country-count', 'replacement': True, 'draws_per_epoch': 9018, 'country_source_counts': {'Algeria': 3249, 'Indonesia': 1656, 'Libya': 1521, 'Nigeria': 2592}}","[0.9754079456312426, 0.7186960991588499, 0.6645546711371568, 0.6672042510440224, 0.6455896220759242, 0.6115774924592766, 0.6640210682945522, 0.6113144786163824]","{'center': [1.0986123085021973, 1.0986123085021973, 2.614471912384033, 1.508512020111084, 325.27288818359375, 29.249996185302734, 0.6666666865348816, 0.0, 0.0, 0.0, 0.0, 0.0], 'scale': [1.6094379425048828, 1.3862943649291992, 2.3635573387145996, 1.4151623249053955, 29.626312255859375, 16.995895385742188, 1.0, 0.16602937877178192, 0.024390242993831635, 1.0, 1.0, 1.0]}",1,2,pair,98,,,0
"['Angola', 'Libya']","['Algeria', 'Indonesia', 'Iraq', 'Nigeria']",9477,1053,8424,108131,8,512,0.8,cuda,27873,"{'policy': 'inverse-country-count', 'replacement': True, 'draws_per_epoch': 9477, 'country_source_counts': {'Algeria': 3249, 'Indonesia': 1656, 'Iraq': 1980, 'Nigeria': 2592}}","[0.9719717493159894, 0.6640858622880076, 0.5855815300172148, 0.5887706932845945, 0.5930938872340561, 0.5902097977778825, 0.5576152817929007, 0.5525759370207246]","{'center': [1.3862943649291992, 1.0986123085021973, 2.895911931991577, 1.695615530014038, 327.7799987792969, 29.85654067993164, 0.6078431606292725, 0.0, 0.0, 0.0, 0.0, 0.0], 'scale': [1.7917594909667969, 1.504077434539795, 2.5216727256774902, 1.4716765880584717, 28.336082458496094, 16.602785110473633, 1.0, 0.19342352449893951, 0.125, 1.0, 1.0, 1.0]}",0,2,pair,101,,,0
"['Angola', 'Libya']","['Algeria', 'Indonesia', 'Iraq', 'Nigeria']",9477,1053,8424,108232,8,512,0.8,cuda,27873,"{'policy': 'inverse-country-count', 'replacement': True, 'draws_per_epoch': 9477, 'country_source_counts': {'Algeria': 3249, 'Indonesia': 1656, 'Iraq': 1980, 'Nigeria': 2592}}","[0.9441414334558417, 0.6468073635133017, 0.5843727836078565, 0.5745429768521562, 0.5592185792772532, 0.5553002000842477, 0.5696287439054888, 0.5588584719635558]","{'center': [1.3862943649291992, 1.0986123085021973, 2.895911931991577, 1.6950993537902832, 327.70001220703125, 29.850378036499023, 0.6111111044883728, 0.0, 0.0, 0.0, 0.0, 0.0], 'scale': [1.8718020915985107, 1.504077434539795, 2.5280871391296387, 1.4725368022918701, 28.4183349609375, 16.541433334350586, 1.0, 0.19328255951404572, 0.125, 1.0, 1.0, 1.0]}",1,2,pair,101,,,0
"['Angola', 'Nigeria']","['Algeria', 'Indonesia', 'Iraq', 'Libya']",8406,934,7472,109131,8,512,0.8,cuda,27873,"{'policy': 'inverse-country-count', 'replacement': True, 'draws_per_epoch': 8406, 'country_source_counts': {'Algeria': 3249, 'Indonesia': 1656, 'Iraq': 1980, 'Libya': 1521}}","[0.9110789124012106, 0.6952100444585971, 0.6480442228953724, 0.6446355219514717, 0.6105775066409654, 0.6065524899332744, 0.5849819231424733, 0.5690241503326944]","{'center': [1.6094379425048828, 1.0986123085021973, 2.9549102783203125, 1.4616379737854004, 321.79998779296875, 27.800003051757812, 0.7647058963775635, 0.0, 0.0, 0.0, 0.0, 0.0], 'scale': [2.4423470497131348, 2.079441547393799, 2.8227720260620117, 1.4796264171600342, 27.68761444091797, 17.358217239379883, 1.0, 0.1763233095407486, 0.0833333358168602, 1.0, 1.0, 1.0]}",0,2,pair,99,,,0
"['Angola', 'Nigeria']","['Algeria', 'Indonesia', 'Iraq', 'Libya']",8406,934,7472,109232,8,512,0.8,cuda,27873,"{'policy': 'inverse-country-count', 'replacement': True, 'draws_per_epoch': 8406, 'country_source_counts': {'Algeria': 3249, 'Indonesia': 1656, 'Iraq': 1980, 'Libya': 1521}}","[0.8834095050146714, 0.6866187126812923, 0.6422556247451378, 0.6006759534470955, 0.5907649205691355, 0.6415284942962316, 0.5876085977029041, 0.5656081873576981]","{'center': [1.6094379425048828, 1.0986123085021973, 2.9549102783203125, 1.4762922525405884, 322.20361328125, 27.996212005615234, 0.7558139562606812, 0.0, 0.0, 0.0, 0.0, 0.0], 'scale': [2.4423470497131348, 2.079441547393799, 2.8375167846679688, 1.4790070056915283, 27.670257568359375, 17.35019874572754, 1.0, 0.17831610143184662, 0.08166474103927612, 1.0, 1.0, 1.0]}",1,2,pair,99,,,0
"['Indonesia', 'Iraq']","['Algeria', 'Angola', 'Libya', 'Nigeria']",7452,828,6624,110131,8,512,0.8,cuda,27873,"{'policy': 'inverse-country-count', 'replacement': True, 'draws_per_epoch': 7452, 'country_source_counts': {'Algeria': 3249, 'Angola': 90, 'Libya': 1521, 'Nigeria': 2592}}","[0.9138626144320109, 0.7194948623849702, 0.5611665821561747, 0.5710790568439793, 0.5083654935457216, 0.49585654432582904, 0.5028738812355987, 0.4926047427194834]","{'center': [1.3862943649291992, 1.0986123085021973, 2.6447553634643555, 1.4445632696151733, 324.5, 28.510009765625, 0.694915235042572, 0.0, 0.0, 0.0, 0.0, 0.0], 'scale': [1.7917594909667969, 1.504077434539795, 2.348484992980957, 1.3422960042953491, 29.993194580078125, 16.140850067138672, 1.0, 0.16717615723609924, 0.0117647061124444, 1.0, 1.0, 1.0]}",0,2,pair,96,,,0
"['Indonesia', 'Iraq']","['Algeria', 'Angola', 'Libya', 'Nigeria']",7452,828,6624,110232,8,512,0.8,cuda,27873,"{'policy': 'inverse-country-count', 'replacement': True, 'draws_per_epoch': 7452, 'country_source_counts': {'Algeria': 3249, 'Angola': 90, 'Libya': 1521, 'Nigeria': 2592}}","[0.9323297601455139, 0.6723619099592433, 0.539274563855915, 0.523831802609782, 0.5545521132803961, 0.49058036537370053, 0.5029410823371804, 0.5108076277690361]","{'center': [1.3862943649291992, 1.0986123085021973, 2.6361961364746094, 1.44926917552948, 324.4587707519531, 28.514999389648438, 0.692307710647583, 0.0, 0.0, 0.0, 0.0, 0.0], 'scale': [1.7047481536865234, 1.504077434539795, 2.3574914932250977, 1.3453820943832397, 30.0050048828125, 16.221410751342773, 1.0, 0.16683372855186462, 0.013888888992369175, 1.0, 1.0, 1.0]}",1,2,pair,96,,,0
"['Indonesia', 'Libya']","['Algeria', 'Angola', 'Iraq', 'Nigeria']",7911,879,7032,111131,8,512,0.8,cuda,27873,"{'policy': 'inverse-country-count', 'replacement': True, 'draws_per_epoch': 7911, 'country_source_counts': {'Algeria': 3249, 'Angola': 90, 'Iraq': 1980, 'Nigeria': 2592}}","[0.9403671234254665, 0.5951643618330644, 0.5551320475304478, 0.5148059147684512, 0.477880283280399, 0.48773688731912623, 0.4917228226150247, 0.45568768397744003]","{'center': [1.3862943649291992, 1.0986123085021973, 2.9512579441070557, 1.6505799293518066, 327.472412109375, 29.22562026977539, 0.6379310488700867, 0.0, 0.0, 0.0, 0.0, 0.0], 'scale': [2.0149030685424805, 1.7047481536865234, 2.5178275108337402, 1.4334471225738525, 28.813743591308594, 15.959613800048828, 1.0, 0.20035941898822784, 0.11764705926179886, 1.0, 1.0, 1.0]}",0,2,pair,99,,,0
"['Indonesia', 'Libya']","['Algeria', 'Angola', 'Iraq', 'Nigeria']",7911,879,7032,111232,8,512,0.8,cuda,27873,"{'policy': 'inverse-country-count', 'replacement': True, 'draws_per_epoch': 7911, 'country_source_counts': {'Algeria': 3249, 'Angola': 90, 'Iraq': 1980, 'Nigeria': 2592}}","[0.9574241914093351, 0.6437449328231233, 0.5384231148613281, 0.5107312235981697, 0.5172402720251844, 0.46834209238122165, 0.43490786687897726, 0.490938635040303]","{'center': [1.3862943649291992, 1.0986123085021973, 2.967589855194092, 1.6601310968399048, 327.5420227050781, 29.30931854248047, 0.6363636255264282, 0.0, 0.0, 0.0, 0.0, 0.0], 'scale': [2.0149030685424805, 1.7917594909667969, 2.506633758544922, 1.4350515604019165, 28.618553161621094, 15.770673751831055, 1.0, 0.19886979460716248, 0.11764705926179886, 1.0, 1.0, 1.0]}",1,2,pair,99,,,0
"['Indonesia', 'Nigeria']","['Algeria', 'Angola', 'Iraq', 'Libya']",6840,760,6080,112131,8,512,0.8,cuda,27873,"{'policy': 'inverse-country-count', 'replacement': True, 'draws_per_epoch': 6840, 'country_source_counts': {'Algeria': 3249, 'Angola': 90, 'Iraq': 1980, 'Libya': 1521}}","[0.9029549433473956, 0.627859930545963, 0.5701903420233587, 0.5614034684080826, 0.5530950944326077, 0.5333711790062531, 0.4906449233230792, 0.47791669800964715]","{'center': [1.7917594909667969, 1.3862943649291992, 3.0204248428344727, 1.3670587539672852, 320.2833251953125, 26.69000244140625, 0.800000011920929, 0.0, 0.0, 0.0, 0.0, 0.0], 'scale': [2.6390573978424072, 2.2512917518615723, 2.8876147270202637, 1.389922022819519, 27.688629150390625, 16.14455795288086, 1.0, 0.18042659759521484, 0.0625, 1.0, 1.0, 1.0]}",0,2,pair,97,,,0
"['Indonesia', 'Nigeria']","['Algeria', 'Angola', 'Iraq', 'Libya']",6840,760,6080,112232,8,512,0.8,cuda,27873,"{'policy': 'inverse-country-count', 'replacement': True, 'draws_per_epoch': 6840, 'country_source_counts': {'Algeria': 3249, 'Angola': 90, 'Iraq': 1980, 'Libya': 1521}}","[0.9387041110044334, 0.7083151585177372, 0.5523595805753742, 0.533816837776474, 0.5073610895209842, 0.5314095669322544, 0.5131552211722435, 0.458746319904662]","{'center': [1.7917594909667969, 1.3862943649291992, 3.0206687450408936, 1.371307611465454, 320.5320129394531, 26.77119255065918, 0.800000011920929, 0.0, 0.0, 0.0, 0.0, 0.0], 'scale': [2.6390573978424072, 2.2512917518615723, 2.9016175270080566, 1.3828809261322021, 27.636337280273438, 16.142845153808594, 1.0, 0.17953969538211823, 0.0625, 1.0, 1.0, 1.0]}",1,2,pair,97,,,0
"['Iraq', 'Libya']","['Algeria', 'Angola', 'Indonesia', 'Nigeria']",7587,843,6744,113131,8,512,0.8,cuda,27873,"{'policy': 'inverse-country-count', 'replacement': True, 'draws_per_epoch': 7587, 'country_source_counts': {'Algeria': 3249, 'Angola': 90, 'Indonesia': 1656, 'Nigeria': 2592}}","[0.9918459919863765, 0.571188123766355, 0.5009769903933152, 0.5462551688007236, 0.4872393497125078, 0.5064976562840265, 0.46533239203211474, 0.4744984451507067]","{'center': [1.0986123085021973, 0.6931471824645996, 2.663749933242798, 1.6409209966659546, 328.1000061035156, 30.28476905822754, 0.5, 0.0, 0.0, 0.0, 0.0, 0.0], 'scale': [1.3862943649291992, 1.0986123085021973, 2.2836570739746094, 1.4577304124832153, 29.278343200683594, 16.74909019470215, 1.0, 0.18181158602237701, 0.0555555559694767, 1.0, 1.0, 1.0]}",0,2,pair,99,,,0
"['Iraq', 'Libya']","['Algeria', 'Angola', 'Indonesia', 'Nigeria']",7587,843,6744,113232,8,512,0.8,cuda,27873,"{'policy': 'inverse-country-count', 'replacement': True, 'draws_per_epoch': 7587, 'country_source_counts': {'Algeria': 3249, 'Angola': 90, 'Indonesia': 1656, 'Nigeria': 2592}}","[0.8837732410060097, 0.6085141586883432, 0.5875632978953187, 0.5092783858846169, 0.531721617419116, 0.49141415983882364, 0.47288326788863067, 0.4875483512878418]","{'center': [1.0986123085021973, 0.6931471824645996, 2.6528897285461426, 1.6389967203140259, 328.1622314453125, 30.306854248046875, 0.5, 0.0, 0.0, 0.0, 0.0, 0.0], 'scale': [1.3862943649291992, 0.9162907600402832, 2.286184310913086, 1.448699951171875, 29.17267608642578, 16.64422035217285, 1.0, 0.17938025295734406, 0.05882352963089943, 1.0, 1.0, 1.0]}",1,2,pair,99,,,0
"['Iraq', 'Nigeria']","['Algeria', 'Angola', 'Indonesia', 'Libya']",6516,724,5792,114131,8,512,0.8,cuda,27873,"{'policy': 'inverse-country-count', 'replacement': True, 'draws_per_epoch': 6516, 'country_source_counts': {'Algeria': 3249, 'Angola': 90, 'Indonesia': 1656, 'Libya': 1521}}","[0.9932677263200759, 0.7118817214368676, 0.6338757085902622, 0.5510350364786925, 0.5030577941457504, 0.5400548752573386, 0.5258420625297916, 0.5658007971416448]","{'center': [1.3862943649291992, 1.0986123085021973, 2.654649496078491, 1.312689185142517, 319.6100158691406, 27.582000732421875, 0.800000011920929, 0.0, 0.0, 0.0, 0.0, 0.0], 'scale': [2.140066146850586, 1.7917594909667969, 2.5904016494750977, 1.358052134513855, 28.27349853515625, 17.76519203186035, 1.0, 0.14962831139564514, 0.2590455114841461, 1.0, 1.0, 1.0]}",0,2,pair,97,,,0
"['Iraq', 'Nigeria']","['Algeria', 'Angola', 'Indonesia', 'Libya']",6516,724,5792,114232,8,512,0.8,cuda,27873,"{'policy': 'inverse-country-count', 'replacement': True, 'draws_per_epoch': 6516, 'country_source_counts': {'Algeria': 3249, 'Angola': 90, 'Indonesia': 1656, 'Libya': 1521}}","[1.0129586677378566, 0.7153120982346907, 0.5938997867833331, 0.5640877764454789, 0.5816799989867751, 0.5527931774884663, 0.5218250537445532, 0.4934442983111258]","{'center': [1.3862943649291992, 1.0986123085021973, 2.65675687789917, 1.3244189023971558, 319.7541198730469, 27.652496337890625, 0.800000011920929, 0.0, 0.0, 0.0, 0.0, 0.0], 'scale': [2.140066146850586, 1.7917594909667969, 2.585491180419922, 1.3727465867996216, 28.399993896484375, 17.675832748413086, 1.0, 0.1495542973279953, 0.2599489092826843, 1.0, 1.0, 1.0]}",1,2,pair,97,,,0
"['Libya', 'Nigeria']","['Algeria', 'Angola', 'Indonesia', 'Iraq']",6975,775,6200,115131,8,512,0.8,cuda,27873,"{'policy': 'inverse-country-count', 'replacement': True, 'draws_per_epoch': 6975, 'country_source_counts': {'Algeria': 3249, 'Angola': 90, 'Indonesia': 1656, 'Iraq': 1980}}","[0.9378846724229901, 0.6316394566891441, 0.5521215299124359, 0.5503975897066055, 0.4826146278586439, 0.5004207793358834, 0.4577634526409983, 0.48114124040022543]","{'center': [1.3862943649291992, 1.0986123085021973, 3.0773122310638428, 1.6180195808410645, 324.7178955078125, 28.992048263549805, 0.7068965435028076, 0.0, 0.0, 0.0, 0.0, 0.0], 'scale': [2.397895336151123, 2.0149030685424805, 2.814204454421997, 1.5326602458953857, 28.005294799804688, 17.3134708404541, 1.0, 0.19484569132328033, 0.1190476194024086, 1.0, 1.0, 1.0]}",0,2,pair,100,,,0
"['Libya', 'Nigeria']","['Algeria', 'Angola', 'Indonesia', 'Iraq']",6975,775,6200,115232,8,512,0.8,cuda,27873,"{'policy': 'inverse-country-count', 'replacement': True, 'draws_per_epoch': 6975, 'country_source_counts': {'Algeria': 3249, 'Angola': 90, 'Indonesia': 1656, 'Iraq': 1980}}","[1.0519314041188967, 0.5945850638249441, 0.5079907885674507, 0.531208378354281, 0.47054614459314653, 0.47973506445525793, 0.5045583878794024, 0.46137554469501674]","{'center': [1.3862943649291992, 1.0986123085021973, 3.074312210083008, 1.6089364290237427, 324.52093505859375, 28.898202896118164, 0.7083333134651184, 0.0, 0.0, 0.0, 0.0, 0.0], 'scale': [2.3513753414154053, 2.0149030685424805, 2.8129680156707764, 1.5261914730072021, 28.067459106445312, 17.44678497314453, 1.0, 0.19460907578468323, 0.11538461595773697, 1.0, 1.0, 1.0]}",1,2,pair,100,,,0
