source_id,country,chip_id,status,chip_file,crs,clear_fraction,center_clear_fraction,worldcover_valid_fraction,scene_id,scene_datetime,requested_lon,requested_lat,reused_from,reflectance_p01,reflectance_p99,error
Algeria_5371,Algeria,13a9ea53943a3b751605,ok,13a9ea53943a3b751605.npz,EPSG:32632,1.0,1.0,1.0,S2B_T32RNS_20240718T100439_L2A,2024-07-18T10:13:00.121000Z,9.124045789473683,28.52928236842105,/kaggle/input/notebooks/aaryanadutta/sih-nb6-img/nb6_context_v1,,,
Angola_87870,Angola,c9f36e11bcfc5de83e22,ok,c9f36e11bcfc5de83e22.npz,EPSG:32734,1.0,1.0,1.0,S2B_T34MBS_20240518T091209_L2A,2024-05-18T09:12:36.155000Z,18.49977625,-8.014165,/kaggle/input/notebooks/aaryanadutta/sih-nb6-img/nb6_context_v1,,,
Indonesia_71755,Indonesia,ddb0be43acfa9a9fbe9e,ok,ddb0be43acfa9a9fbe9e.npz,EPSG:32750,0.9983,0.9952,1.0,S2A_T50LRQ_20241027T021911_L2A,2024-10-27T02:20:21.314000Z,119.9577,-9.80007,/kaggle/input/notebooks/aaryanadutta/sih-nb6-img/nb6_context_v1,,,
Iraq_24559,Iraq,b03761a256d01e3b8e9e,ok,b03761a256d01e3b8e9e.npz,EPSG:32638,0.9771,1.0,1.0,S2B_T38SNE_20241004T074804_L2A,2024-10-04T07:50:00.436000Z,,,/kaggle/input/notebooks/aaryanadutta/sih-nb6-img/nb6_context_v1,0.040600478649139404,0.3400997221469879,
Libya_2393,Libya,fbd5f28c7bbc7c15f3f0,ok,fbd5f28c7bbc7c15f3f0.npz,EPSG:32633,1.0,1.0,1.0,S2A_T33STR_20230716T100114_L2A,2023-07-16T10:01:58.681000Z,12.70424,32.36307,/kaggle/input/notebooks/aaryanadutta/sih-nb6-img/nb6_context_v1,,,
Nigeria_60999,Nigeria,b3175aba26fc88b1f10c,ok,b3175aba26fc88b1f10c.npz,EPSG:32632,0.978,0.9584,1.0,S2A_T32NKL_20221228T100646_L2A,2022-12-28T10:09:26.535000Z,6.784736,4.959601999999999,/kaggle/input/notebooks/aaryanadutta/sih-nb6-img/nb6_context_v1,,,
Algeria_13320,Algeria,5ecba9426d7474174e3b,ok,5ecba9426d7474174e3b.npz,EPSG:32631,1.0,1.0,1.0,S2A_T31SCA_20240715T104131_L2A,2024-07-15T10:50:59.038000Z,1.84775,36.21921,/kaggle/input/notebooks/aaryanadutta/sih-nb6-img/nb6_context_v1,,,
Angola_500129,Angola,f11704842804f0067d06,ok,f11704842804f0067d06.npz,EPSG:32734,1.0,1.0,1.0,S2B_T34MDT_20230511T090219_L2A,2023-05-11T09:02:27.604000Z,,,/kaggle/input/notebooks/aaryanadutta/sih-nb6-img/nb6_context_v1,0.02329353615641594,0.22845953702926636,
Indonesia_180852,Indonesia,092df0a3557c768b1f87,ok,092df0a3557c768b1f87.npz,EPSG:32751,0.9994,0.9904,1.0,S2A_T51MTU_20230926T022328_L2A,2023-09-26T02:28:05.541000Z,120.69787,-1.45846,/kaggle/input/notebooks/aaryanadutta/sih-nb6-img/nb6_context_v1,,,
Iraq_3879,Iraq,58b18862e341c22c6d36,ok,58b18862e341c22c6d36.npz,EPSG:32638,1.0,1.0,1.0,S2B_T38RQU_20231027T073145_L2A,2023-10-27T07:41:25.367000Z,47.444536,30.109735333333337,/kaggle/input/notebooks/aaryanadutta/sih-nb6-img/nb6_context_v1,,,
Libya_2174,Libya,dcde0492f0eae2f397a1,ok,dcde0492f0eae2f397a1.npz,EPSG:32633,1.0,1.0,1.0,S2A_T33RTK_20240109T094353_L2A,2024-01-09T09:53:19.876000Z,12.95141,26.60038,/kaggle/input/notebooks/aaryanadutta/sih-nb6-img/nb6_context_v1,,,
Nigeria_52663,Nigeria,c773db2a052a780b7cd4,ok,c773db2a052a780b7cd4.npz,EPSG:32632,1.0,1.0,1.0,S2B_T32NKL_20231215T095257_L2A,2023-12-15T09:59:32.275000Z,7.119981808731809,4.893827089397089,/kaggle/input/notebooks/aaryanadutta/sih-nb6-img/nb6_context_v1,,,
Algeria_2141,Algeria,f623ac0ce59ccd890c36,ok,f623ac0ce59ccd890c36.npz,EPSG:32631,0.95705,1.0,1.0,S2B_T31SFA_20221225T104023_L2A,2022-12-25T10:40:49.282000Z,5.00921,36.55265,/kaggle/input/notebooks/aaryanadutta/sih-nb6-img/nb6_context_v1,,,
Angola_670818,Angola,6857548a9bcebce6f97b,ok,6857548a9bcebce6f97b.npz,EPSG:32733,0.93785,0.9152,1.0,S2B_T33LWG_20240607T091116_L2A,2024-06-07T09:14:05.440000Z,15.862466,-11.95442,/kaggle/input/notebooks/aaryanadutta/sih-nb6-img/nb6_context_v1,,,
Indonesia_63195,Indonesia,5ad122cee1a27f12ffc3,ok,5ad122cee1a27f12ffc3.npz,EPSG:32748,0.9022,1.0,1.0,S2A_T48MXV_20231011T031035_L2A,2023-10-11T03:19:27.369000Z,106.20992375,-5.20613125,/kaggle/input/notebooks/aaryanadutta/sih-nb6-img/nb6_context_v1,,,
Iraq_4973,Iraq,1a55d095a2488fe150d0,ok,1a55d095a2488fe150d0.npz,EPSG:32638,1.0,1.0,1.0,S2A_T38SMA_20240202T074152_L2A,2024-02-02T07:50:56.551000Z,44.9151,32.3326,/kaggle/input/notebooks/aaryanadutta/sih-nb6-img/nb6_context_v1,,,
Libya_380,Libya,fcf9714dfac18ade3626,ok,fcf9714dfac18ade3626.npz,EPSG:32634,1.0,1.0,1.0,S2B_T34RCS_20231027T091112_L2A,2023-10-27T09:22:47.841000Z,19.904057625,28.0558365,/kaggle/input/notebooks/aaryanadutta/sih-nb6-img/nb6_context_v1,,,
Nigeria_221559,Nigeria,cdce6bad2a0f42116e38,ok,cdce6bad2a0f42116e38.npz,EPSG:32632,1.0,1.0,1.0,S2B_T32PLR_20231208T100233_L2A,2023-12-08T10:08:08.784000Z,7.6275375,9.584065,/kaggle/input/notebooks/aaryanadutta/sih-nb6-img/nb6_context_v1,,,
Algeria_7303,Algeria,4b9d26c0a374270c5ee5,ok,4b9d26c0a374270c5ee5.npz,EPSG:32632,1.0,1.0,1.0,S2A_T32SLF_20240606T101605_L2A,2024-06-06T10:20:54.815000Z,,,/kaggle/input/notebooks/aaryanadutta/sih-nb6-img/nb6_context_v1,0.028190454468131065,0.42224013805389404,
Angola_343677,Angola,c90301dde0ab5d42dd4b,ok,c90301dde0ab5d42dd4b.npz,EPSG:32733,1.0,1.0,1.0,S2A_T33LXK_20240503T091022_L2A,2024-05-03T09:13:17.693000Z,16.68105,-9.7316,/kaggle/input/notebooks/aaryanadutta/sih-nb6-img/nb6_context_v1,,,
Indonesia_95098,Indonesia,f119255da3a0b9cc7587,ok,f119255da3a0b9cc7587.npz,EPSG:32649,0.9974,1.0,1.0,S2A_T49NCA_20240823T030713_L2A,2024-08-23T03:07:52.050000Z,,,/kaggle/input/notebooks/aaryanadutta/sih-nb6-img/nb6_context_v1,0.018785901367664337,0.47431814670562744,
Iraq_29660,Iraq,9036fb2ae7835a86712c,ok,9036fb2ae7835a86712c.npz,EPSG:32638,1.0,1.0,1.0,S2B_T38SLF_20240729T075213_L2A,2024-07-29T07:59:50.026000Z,43.597765,36.274975,/kaggle/input/notebooks/aaryanadutta/sih-nb6-img/nb6_context_v1,,,
Libya_1686,Libya,8c50ace7a435bf1c6a68,ok,8c50ace7a435bf1c6a68.npz,EPSG:32632,1.0,1.0,1.0,S2B_T32RPV_20231002T100024_L2A,2023-10-02T10:12:10.897000Z,10.964824166666666,31.3607125,/kaggle/input/notebooks/aaryanadutta/sih-nb6-img/nb6_context_v1,,,
Nigeria_327624,Nigeria,c7851fd6b1b4f29ae1a1,ok,c7851fd6b1b4f29ae1a1.npz,EPSG:32632,0.976775,0.9984,1.0,S2A_T31NHH_20221228T100646_L2A,2022-12-28T10:09:00.067000Z,6.692235,6.786005,/kaggle/input/notebooks/aaryanadutta/sih-nb6-img/nb6_context_v1,,,
Algeria_11739,Algeria,b4cbf82ed2cd535d07b7,ok,b4cbf82ed2cd535d07b7.npz,EPSG:32632,1.0,1.0,1.0,S2A_T32SKA_20230910T101420_L2A,2023-09-10T10:22:10.379000Z,6.20205,31.7645,/kaggle/input/notebooks/aaryanadutta/sih-nb6-img/nb6_context_v1,,,
Angola_761099,Angola,00e70a8cca074cb1dc07,ok,00e70a8cca074cb1dc07.npz,EPSG:32733,1.0,1.0,1.0,S2A_T33LYF_20230728T090438_L2A,2023-07-28T09:14:15.125000Z,17.4066175,-13.203055,/kaggle/input/notebooks/aaryanadutta/sih-nb6-img/nb6_context_v1,,,
Indonesia_132907,Indonesia,c9b1723d9876bb08a8b0,failed,c9b1723d9876bb08a8b0.npz,,,,,,,108.17624,-6.40834,,,,"RuntimeError: No acceptable scene: [{""item"": ""S2A_T48MZU_20230928T025856_L2A"", ""reason"": ""cloud/coverage"", ""clear_fraction"": 0.684225}, {""item"": ""S2B_T48MZU_20240818T030428_L2A"", ""reason"": ""cloud/coverage"", ""clear_fraction"": 0.389175}, {""item"": ""S2B_T48MZT_20240818T030428_L2A"", ""reason"": ""cloud/coverage"", ""clear_fraction"": 0.6201}, {""item"": ""S2A_T48MZU_20231028T025537_L2A"", ""reason"": ""cloud/coverage"", ""clear_fraction"": 0.683925}, {""item"": ""S2B_T48MZU_20230913T030225_L2A"", ""reason"": ""cloud/coverage"", ""clear_fraction"": 0.684025}, {""item"": ""S2A_T48MZU_20230531T025857_L2A"", ""reason"": ""cloud/coverage"", ""clear_fraction"": 0.682025}, {""item"": ""S2A_T48MZU_20240724T030651_L2A"", ""reason"": ""cloud/coverage"", ""clear_fraction"": 0.6429}, {""item"": ""S2A_T48MZU_20240813T030507_L2A"", ""reason"": ""cloud/coverage"", ""clear_fraction"": 0.367825}]"
Iraq_32729,Iraq,c92ba5c9033bb95c339d,ok,c92ba5c9033bb95c339d.npz,EPSG:32638,1.0,1.0,1.0,S2B_T38SLE_20231013T075213_L2A,2023-10-13T08:00:05.012000Z,43.37862,35.38056,/kaggle/input/notebooks/aaryanadutta/sih-nb6-img/nb6_context_v1,,,
Libya_2516,Libya,6e027dcb03a9cd1f85b2,ok,6e027dcb03a9cd1f85b2.npz,EPSG:32633,1.0,1.0,1.0,S2A_T33RVK_20230802T095154_L2A,2023-08-02T09:53:22.255000Z,14.43565,26.63507,/kaggle/input/notebooks/aaryanadutta/sih-nb6-img/nb6_context_v1,,,
Nigeria_28668,Nigeria,cc8fc96ddd273e6e9e7b,ok,cc8fc96ddd273e6e9e7b.npz,EPSG:32632,0.9928,0.9964,1.0,S2A_T31NHG_20221228T100646_L2A,2022-12-28T10:09:14.721000Z,6.667728333333334,5.640135,/kaggle/input/notebooks/aaryanadutta/sih-nb6-img/nb6_context_v1,,,
Algeria_8929,Algeria,ebe44b1ef5c90833ffda,ok,ebe44b1ef5c90833ffda.npz,EPSG:32632,1.0,1.0,1.0,S2A_T32SKA_20230910T101420_L2A,2023-09-10T10:22:10.379000Z,6.268800000000001,31.76545,/kaggle/input/notebooks/aaryanadutta/sih-nb6-img/nb6_context_v1,,,
Angola_623789,Angola,143b9415ee96f76e1b97,ok,143b9415ee96f76e1b97.npz,EPSG:32733,0.9986,0.9928,1.0,S2B_T33MTP_20240802T092157_L2A,2024-08-02T09:32:21.101000Z,,,/kaggle/input/notebooks/aaryanadutta/sih-nb6-img/nb6_context_v1,0.054779376834630966,0.4131335914134979,
Indonesia_110447,Indonesia,5e067b9bd074fedd625a,ok,5e067b9bd074fedd625a.npz,EPSG:32752,0.8234,0.8384,1.0,S2B_T52MCS_20240509T015700_L2A,2024-05-09T01:59:35.335000Z,,,/kaggle/input/notebooks/aaryanadutta/sih-nb6-img/nb6_context_v1,0.009397913701832294,0.47188669443130493,
Iraq_33880,Iraq,0997868b29fcfc4592b9,ok,0997868b29fcfc4592b9.npz,EPSG:32638,1.0,1.0,1.0,S2B_T38SLF_20240729T075213_L2A,2024-07-29T07:59:50.026000Z,43.25359,36.60143,/kaggle/input/notebooks/aaryanadutta/sih-nb6-img/nb6_context_v1,,,
Libya_2075,Libya,36897572e3f03b92b974,ok,36897572e3f03b92b974.npz,EPSG:32634,1.0,1.0,1.0,S2B_T34SFB_20241011T091503_L2A,2024-10-11T09:21:19.656000Z,,,/kaggle/input/notebooks/aaryanadutta/sih-nb6-img/nb6_context_v1,0.032033521682024,0.5483349561691284,
Nigeria_42858,Nigeria,201055ce3c7c4e6aeabd,ok,201055ce3c7c4e6aeabd.npz,EPSG:32631,0.9596,0.916,1.0,S2A_T31NGG_20231213T100429_L2A,2023-12-13T10:09:14.611000Z,,,/kaggle/input/notebooks/aaryanadutta/sih-nb6-img/nb6_context_v1,-0.00429315073415637,0.31783559918403625,
Algeria_255,Algeria,aff380590a84236b80a6,ok,aff380590a84236b80a6.npz,EPSG:32630,1.0,1.0,1.0,S2B_T31SBV_20230825T104401_L2A,2023-08-25T10:51:19.524000Z,,,/kaggle/input/notebooks/aaryanadutta/sih-nb6-img/nb6_context_v1,0.007695539854466915,0.42921215295791626,
Angola_708733,Angola,fd5a70d55afb00313f2c,ok,fd5a70d55afb00313f2c.npz,EPSG:32733,0.9878,1.0,1.0,S2B_T33LUL_20240802T092157_L2A,2024-08-02T09:33:01.453000Z,13.5086,-8.49575,/kaggle/input/notebooks/aaryanadutta/sih-nb6-img/nb6_context_v1,,,
Indonesia_58413,Indonesia,f4af7a0281c0b66c8c83,ok,f4af7a0281c0b66c8c83.npz,EPSG:32647,0.957,1.0,1.0,S2A_T47NQA_20230413T033755_L2A,2023-04-13T03:48:05.415000Z,101.39289255813952,0.8469925581395348,/kaggle/input/notebooks/aaryanadutta/sih-nb6-img/nb6_context_v1,,,
Iraq_7830,Iraq,472d4d817974bf78d96b,ok,472d4d817974bf78d96b.npz,EPSG:32638,0.999975,0.9996,1.0,S2B_T38SMF_20230506T075215_L2A,2023-05-06T07:59:47.296000Z,44.3432075,36.164125,/kaggle/input/notebooks/aaryanadutta/sih-nb6-img/nb6_context_v1,,,
Libya_2306,Libya,38ab23eb280df5f43dbb,ok,38ab23eb280df5f43dbb.npz,EPSG:32634,1.0,1.0,1.0,S2A_T34SEB_20230915T092828_L2A,2023-09-15T09:31:24.611000Z,21.78648,32.81924,/kaggle/input/notebooks/aaryanadutta/sih-nb6-img/nb6_context_v1,,,
Nigeria_53060,Nigeria,ec0e4155480beda08739,ok,ec0e4155480beda08739.npz,EPSG:32632,0.9626,0.9984,1.0,S2A_T32NKL_20221228T100646_L2A,2022-12-28T10:09:26.535000Z,6.694793333333333,5.029693333333333,/kaggle/input/notebooks/aaryanadutta/sih-nb6-img/nb6_context_v1,,,
Algeria_2790,Algeria,37c1fb5027894bdf3265,ok,37c1fb5027894bdf3265.npz,EPSG:32631,1.0,1.0,1.0,S2A_T31SES_20230906T103335_L2A,2023-09-06T10:41:56.741000Z,,,/kaggle/input/notebooks/aaryanadutta/sih-nb6-img/nb6_context_v1,0.11804203689098358,0.6737154126167297,
Angola_299863,Angola,c5f6bf2d1efea76aaf57,ok,c5f6bf2d1efea76aaf57.npz,EPSG:32734,0.938525,1.0,1.0,S2A_T34LBR_20240619T090047_L2A,2024-06-19T09:03:03.550000Z,19.106315,-8.7685975,/kaggle/input/notebooks/aaryanadutta/sih-nb6-img/nb6_context_v1,,,
Indonesia_20097,Indonesia,ec241e7e6d1262e4d095,ok,ec241e7e6d1262e4d095.npz,EPSG:32749,1.0,1.0,1.0,S2B_T49MGS_20230622T024830_L2A,2023-06-22T02:58:48.215000Z,112.86771470588236,-2.972154117647059,/kaggle/input/notebooks/aaryanadutta/sih-nb6-img/nb6_context_v1,,,
Iraq_6102,Iraq,7795740ff634e2967650,ok,7795740ff634e2967650.npz,EPSG:32638,0.9995,0.9984,1.0,S2B_T38SNF_20240828T075111_L2A,2024-08-28T07:59:42.747000Z,45.1083,36.2554,/kaggle/input/notebooks/aaryanadutta/sih-nb6-img/nb6_context_v1,,,
Libya_1817,Libya,522c1d41483abc611e3d,ok,522c1d41483abc611e3d.npz,EPSG:32633,1.0,1.0,1.0,S2A_T33RVJ_20231031T094345_L2A,2023-10-31T09:53:30.701000Z,14.09127,25.8372,/kaggle/input/notebooks/aaryanadutta/sih-nb6-img/nb6_context_v1,,,
Nigeria_319387,Nigeria,1336ab568b1c0ca11adf,ok,1336ab568b1c0ca11adf.npz,EPSG:32632,0.9982,1.0,1.0,S2A_T31PHP_20241031T100829_L2A,2024-10-31T10:17:29.351000Z,6.043415,12.630775,/kaggle/input/notebooks/aaryanadutta/sih-nb6-img/nb6_context_v1,,,
Algeria_10614,Algeria,300a4b1492aa3e293d88,ok,300a4b1492aa3e293d88.npz,EPSG:32631,1.0,1.0,1.0,S2B_T31SFV_20240806T103144_L2A,2024-08-06T10:41:07.260000Z,4.83115,35.9413,/kaggle/input/notebooks/aaryanadutta/sih-nb6-img/nb6_context_v1,,,
Angola_94537,Angola,00cc88956b4852c76856,ok,00cc88956b4852c76856.npz,EPSG:32733,1.0,1.0,1.0,S2A_T33LWK_20230512T091129_L2A,2023-05-12T09:23:13.158000Z,15.304532666666669,-9.713568,/kaggle/input/notebooks/aaryanadutta/sih-nb6-img/nb6_context_v1,,,
Indonesia_117244,Indonesia,e3bbf9c99e0228f5d00c,ok,e3bbf9c99e0228f5d00c.npz,EPSG:32748,1.0,1.0,1.0,S2A_T48MVB_20241018T032740_L2A,2024-10-18T03:29:01.338000Z,104.741935,-3.180615,/kaggle/input/notebooks/aaryanadutta/sih-nb6-img/nb6_context_v1,,,
Iraq_32338,Iraq,8e95676dfa51da79a1a6,ok,8e95676dfa51da79a1a6.npz,EPSG:32638,0.998775,1.0,1.0,S2B_T38SMC_20241007T075211_L2A,2024-10-07T08:00:27.452000Z,43.99543,33.47247,/kaggle/input/notebooks/aaryanadutta/sih-nb6-img/nb6_context_v1,,,
Libya_2189,Libya,b952e8d3358b08cd5d77,ok,b952e8d3358b08cd5d77.npz,EPSG:32633,1.0,1.0,1.0,S2A_T33RUK_20230603T095156_L2A,2023-06-03T09:53:24.880000Z,13.16233,26.553330000000003,/kaggle/input/notebooks/aaryanadutta/sih-nb6-img/nb6_context_v1,,,
Nigeria_125859,Nigeria,ed23a7925030272dfe12,ok,ed23a7925030272dfe12.npz,EPSG:32631,0.83955,0.9792,1.0,S2B_T31NGG_20231228T100254_L2A,2023-12-28T10:09:20.390000Z,5.361525,5.643372,/kaggle/input/notebooks/aaryanadutta/sih-nb6-img/nb6_context_v1,,,
Algeria_4911,Algeria,e731a8adbaed38c26daa,ok,e731a8adbaed38c26daa.npz,EPSG:32631,1.0,1.0,1.0,S2B_T31RGQ_20240604T103214_L2A,2024-06-04T10:32:23.348000Z,5.6632,30.8873,/kaggle/input/notebooks/aaryanadutta/sih-nb6-img/nb6_context_v1,,,
Angola_56051,Angola,2bd67d5e0199e485d6b5,ok,2bd67d5e0199e485d6b5.npz,EPSG:32734,0.8355,0.86,1.0,S2A_T34MES_20240619T090047_L2A,2024-06-19T09:02:37.939000Z,21.44819625,-8.06024625,/kaggle/input/notebooks/aaryanadutta/sih-nb6-img/nb6_context_v1,,,
Indonesia_47100,Indonesia,8d41b385580360e10485,ok,8d41b385580360e10485.npz,EPSG:32749,1.0,1.0,1.0,S2B_T49MDU_20230516T025857_L2A,2023-05-16T03:08:24.718000Z,110.56039,-0.991945,/kaggle/input/notebooks/aaryanadutta/sih-nb6-img/nb6_context_v1,,,
Iraq_20074,Iraq,1c2292696a8b0ca6054f,ok,1c2292696a8b0ca6054f.npz,EPSG:32638,1.0,1.0,1.0,S2B_T38SLC_20240818T075116_L2A,2024-08-18T08:00:33.898000Z,,,/kaggle/input/notebooks/aaryanadutta/sih-nb6-img/nb6_context_v1,0.09305436164140701,0.5266871452331543,
Libya_538,Libya,65bc335b376a7ca908be,ok,65bc335b376a7ca908be.npz,EPSG:32633,0.99105,0.9776,1.0,S2A_T33RVK_20230802T095154_L2A,2023-08-02T09:53:22.255000Z,14.47305,27.06451,/kaggle/input/notebooks/aaryanadutta/sih-nb6-img/nb6_context_v1,,,
Nigeria_202008,Nigeria,3cc5104ad44d7e5f7190,ok,3cc5104ad44d7e5f7190.npz,EPSG:32631,1.0,1.0,1.0,S2B_T31PEL_20241205T101642_L2A,2024-12-05T10:18:22.437000Z,,,/kaggle/input/notebooks/aaryanadutta/sih-nb6-img/nb6_context_v1,0.023821033537387848,0.31112149357795715,
Algeria_5357,Algeria,05ebef3f28380a4d56e2,ok,05ebef3f28380a4d56e2.npz,EPSG:32630,1.0,1.0,1.0,S2A_T30SYE_20231012T105229_L2A,2023-10-12T11:01:10.327000Z,-0.3379016666666667,35.807429166666665,/kaggle/input/notebooks/aaryanadutta/sih-nb6-img/nb6_context_v1,,,
Angola_488655,Angola,e6c7b363ed7b81207934,ok,e6c7b363ed7b81207934.npz,EPSG:32733,0.904375,0.8624,1.0,S2B_T33MUM_20240723T092452_L2A,2024-07-23T09:32:49.608000Z,,,/kaggle/input/notebooks/aaryanadutta/sih-nb6-img/nb6_context_v1,0.034406878054142,0.2656991481781006,
Indonesia_95918,Indonesia,ad827fb6bf6055503ab0,ok,ad827fb6bf6055503ab0.npz,EPSG:32749,0.9991,1.0,1.0,S2B_T49MFM_20231027T024033_L2A,2023-10-27T02:50:06.178000Z,112.636535,-7.42515,/kaggle/input/notebooks/aaryanadutta/sih-nb6-img/nb6_context_v1,,,
Iraq_3835,Iraq,5a38713216e8aefbc5f6,ok,5a38713216e8aefbc5f6.npz,EPSG:32638,1.0,1.0,1.0,S2A_T38RPV_20241225T073325_L2A,2024-12-25T07:41:13.512000Z,46.70213428571429,30.86649142857143,/kaggle/input/notebooks/aaryanadutta/sih-nb6-img/nb6_context_v1,,,
Libya_407,Libya,b97ee11a09f48a2ee72c,ok,b97ee11a09f48a2ee72c.npz,EPSG:32632,1.0,1.0,1.0,S2A_T32RPP_20230716T100114_L2A,2023-07-16T10:03:45.982000Z,10.5744,25.8351,/kaggle/input/notebooks/aaryanadutta/sih-nb6-img/nb6_context_v1,,,
Nigeria_347562,Nigeria,d52f8c2c4ae717c3837a,ok,d52f8c2c4ae717c3837a.npz,EPSG:32632,0.9961,1.0,1.0,S2A_T31NHF_20221228T100646_L2A,2022-12-28T10:09:29.059000Z,6.37454,4.89252,/kaggle/input/notebooks/aaryanadutta/sih-nb6-img/nb6_context_v1,,,
Algeria_12935,Algeria,66b1e4242a485b2582f8,ok,66b1e4242a485b2582f8.npz,EPSG:32631,1.0,1.0,1.0,S2A_T31SES_20230906T103335_L2A,2023-09-06T10:41:56.741000Z,3.17156,32.91604,/kaggle/input/notebooks/aaryanadutta/sih-nb6-img/nb6_context_v1,,,
Angola_791019,Angola,9cd9d6b7c2303ddfe520,ok,9cd9d6b7c2303ddfe520.npz,EPSG:32734,1.0,1.0,1.0,S2A_T34KEG_20240924T084907_L2A,2024-09-24T08:55:04.596000Z,21.5037675,-16.43795,/kaggle/input/notebooks/aaryanadutta/sih-nb6-img/nb6_context_v1,,,
Indonesia_61999,Indonesia,a40ceeb53adc7c76c6a1,ok,a40ceeb53adc7c76c6a1.npz,EPSG:32749,1.0,1.0,1.0,S2B_T49MEN_20240716T025424_L2A,2024-07-16T02:59:52.470000Z,111.745912,-7.0352820000000005,/kaggle/input/notebooks/aaryanadutta/sih-nb6-img/nb6_context_v1,,,
Iraq_35419,Iraq,9d74d44a6b59a3540ea9,ok,9d74d44a6b59a3540ea9.npz,EPSG:32638,1.0,1.0,1.0,S2B_T38SMF_20230506T075215_L2A,2023-05-06T07:59:47.296000Z,43.95407,36.47408,/kaggle/input/notebooks/aaryanadutta/sih-nb6-img/nb6_context_v1,,,
Libya_3324,Libya,1e7f54021a2708d8e0c5,ok,1e7f54021a2708d8e0c5.npz,EPSG:32634,1.0,1.0,1.0,S2B_T34RCT_20231030T093101_L2A,2023-10-30T09:32:28.133000Z,19.07303333333333,29.134456666666665,/kaggle/input/notebooks/aaryanadutta/sih-nb6-img/nb6_context_v1,,,
Nigeria_87648,Nigeria,876bd1a1d3bbd8412fbf,ok,876bd1a1d3bbd8412fbf.npz,EPSG:32631,1.0,1.0,1.0,S2B_T31PFK_20241125T101800_L2A,2024-11-25T10:18:35.201000Z,4.526044000000001,8.737026,/kaggle/input/notebooks/aaryanadutta/sih-nb6-img/nb6_context_v1,,,
Algeria_13041,Algeria,49fcd21001b5147583b4,ok,49fcd21001b5147583b4.npz,EPSG:32632,1.0,1.0,1.0,S2B_T32SMF_20230826T101140_L2A,2023-08-26T10:20:50.082000Z,8.09895,36.35852,/kaggle/input/notebooks/aaryanadutta/sih-nb6-img/nb6_context_v1,,,
Angola_522447,Angola,93b541be60e54f89f604,ok,93b541be60e54f89f604.npz,EPSG:32733,1.0,1.0,1.0,S2B_T33LVF_20230914T091733_L2A,2023-09-14T09:24:18.138000Z,14.65125375,-12.7164425,/kaggle/input/notebooks/aaryanadutta/sih-nb6-img/nb6_context_v1,,,
Indonesia_58411,Indonesia,b219d1fc504e16ea6ac9,ok,b219d1fc504e16ea6ac9.npz,EPSG:32750,0.95625,1.0,1.0,S2B_T50MNE_20240221T023540_L2A,2024-02-21T02:37:56.430000Z,117.38494816593888,-0.5826993886462882,/kaggle/input/notebooks/aaryanadutta/sih-nb6-img/nb6_context_v1,,,
Iraq_26913,Iraq,523e93fcb913c69c1f83,ok,523e93fcb913c69c1f83.npz,EPSG:32638,0.999,1.0,1.0,S2B_T38SME_20240828T075111_L2A,2024-08-28T08:00:00.953000Z,44.57414,35.95191,/kaggle/input/notebooks/aaryanadutta/sih-nb6-img/nb6_context_v1,,,
Libya_2767,Libya,96af3a91d9ea2b3a76ae,ok,96af3a91d9ea2b3a76ae.npz,EPSG:32634,0.9933,0.9952,1.0,S2A_T34SEB_20230915T092828_L2A,2023-09-15T09:31:24.611000Z,21.21887,32.77117,/kaggle/input/notebooks/aaryanadutta/sih-nb6-img/nb6_context_v1,,,
Nigeria_322551,Nigeria,d2d4e68014c54891aa6e,ok,d2d4e68014c54891aa6e.npz,EPSG:32631,0.987,1.0,1.0,S2B_T31NFJ_20221226T101220_L2A,2022-12-26T10:18:47.686000Z,4.115225,7.397868333333334,/kaggle/input/notebooks/aaryanadutta/sih-nb6-img/nb6_context_v1,,,
Algeria_4935,Algeria,8fcda36568e6a5f974f0,ok,8fcda36568e6a5f974f0.npz,EPSG:32631,1.0,1.0,1.0,S2A_T32SKA_20230910T101420_L2A,2023-09-10T10:22:10.379000Z,,,/kaggle/input/notebooks/aaryanadutta/sih-nb6-img/nb6_context_v1,0.16502529382705688,0.7324087023735046,
Angola_942753,Angola,6331d4b6aae099b4d9b3,ok,6331d4b6aae099b4d9b3.npz,EPSG:32733,1.0,1.0,1.0,S2A_T33MXN_20240506T091610_L2A,2024-05-06T09:22:29.570000Z,16.093328,-6.584644,/kaggle/input/notebooks/aaryanadutta/sih-nb6-img/nb6_context_v1,,,
Indonesia_45064,Indonesia,0f94177a810bd0128966,ok,0f94177a810bd0128966.npz,EPSG:32750,0.897175,1.0,1.0,S2B_T50MNE_20240221T023540_L2A,2024-02-21T02:37:56.430000Z,117.42248,-0.3346766666666667,/kaggle/input/notebooks/aaryanadutta/sih-nb6-img/nb6_context_v1,,,
Iraq_12740,Iraq,d1bddae82aebe6b20c79,ok,d1bddae82aebe6b20c79.npz,EPSG:32638,1.0,1.0,1.0,S2B_T38SLF_20240729T075213_L2A,2024-07-29T07:59:50.026000Z,42.99142714285715,36.72195571428572,/kaggle/input/notebooks/aaryanadutta/sih-nb6-img/nb6_context_v1,,,
Libya_2044,Libya,444b76431298ca3259aa,ok,444b76431298ca3259aa.npz,EPSG:32634,1.0,1.0,1.0,S2A_T34RET_20231121T091328_L2A,2023-11-21T09:22:19.636000Z,21.11437,29.35473,/kaggle/input/notebooks/aaryanadutta/sih-nb6-img/nb6_context_v1,,,
Nigeria_53186,Nigeria,751d29a1e86ea74f2cc5,ok,751d29a1e86ea74f2cc5.npz,EPSG:32632,1.0,1.0,1.0,S2A_T31NHH_20221228T100646_L2A,2022-12-28T10:09:00.067000Z,6.435669999999999,6.585865000000001,/kaggle/input/notebooks/aaryanadutta/sih-nb6-img/nb6_context_v1,,,
Algeria_13208,Algeria,f8bf76656d5e99883db3,ok,f8bf76656d5e99883db3.npz,EPSG:32632,1.0,1.0,1.0,S2A_T32RLS_20230910T101420_L2A,2023-09-10T10:23:03.958000Z,,,/kaggle/input/notebooks/aaryanadutta/sih-nb6-img/nb6_context_v1,0.14823251962661743,0.6463106274604797,
Angola_390542,Angola,0050f63529dc5f32fdcd,ok,0050f63529dc5f32fdcd.npz,EPSG:32733,0.97575,1.0,1.0,S2B_T33LVF_20230914T091733_L2A,2023-09-14T09:24:18.138000Z,14.569375,-12.896895,/kaggle/input/notebooks/aaryanadutta/sih-nb6-img/nb6_context_v1,,,
Indonesia_74168,Indonesia,7869db9d6d72d2cba8fc,ok,7869db9d6d72d2cba8fc.npz,EPSG:32751,1.0,1.0,1.0,S2B_T51LXK_20230826T020448_L2A,2023-08-26T02:10:14.673000Z,124.224056,-9.431494,/kaggle/input/notebooks/aaryanadutta/sih-nb6-img/nb6_context_v1,,,
Iraq_11636,Iraq,5468cb99975c6b4738f8,ok,5468cb99975c6b4738f8.npz,EPSG:32638,0.9807,0.98,1.0,S2A_T38SKF_20240826T080500_L2A,2024-08-26T08:09:46.384000Z,42.78828222222222,36.812334444444446,/kaggle/input/notebooks/aaryanadutta/sih-nb6-img/nb6_context_v1,,,
Libya_263,Libya,dc9e8be89c8428213026,ok,dc9e8be89c8428213026.npz,EPSG:32634,0.935,1.0,1.0,S2A_T34RFT_20240906T091831_L2A,2024-09-06T09:22:19.729000Z,,,/kaggle/input/notebooks/aaryanadutta/sih-nb6-img/nb6_context_v1,0.19262996315956116,0.7325665354728699,
Nigeria_154666,Nigeria,55c06d0baf4a8786c207,ok,55c06d0baf4a8786c207.npz,EPSG:32632,1.0,1.0,1.0,S2A_T32PMR_20231210T095630_L2A,2023-12-10T09:58:08.770000Z,,,/kaggle/input/notebooks/aaryanadutta/sih-nb6-img/nb6_context_v1,0.031134875491261482,0.3438582420349121,
Algeria_5293,Algeria,2155d4cf3cf3e4dc0147,ok,2155d4cf3cf3e4dc0147.npz,EPSG:32631,1.0,1.0,1.0,S2A_T31SBS_20230929T104653_L2A,2023-09-29T10:52:00.848000Z,0.52187,32.8687,/kaggle/input/notebooks/aaryanadutta/sih-nb6-img/nb6_context_v1,,,
Angola_240993,Angola,2622fa5416c9dc484ca3,ok,2622fa5416c9dc484ca3.npz,EPSG:32733,0.9927,1.0,1.0,S2B_T33LVH_20230914T091733_L2A,2023-09-14T09:23:49.003000Z,,,/kaggle/input/notebooks/aaryanadutta/sih-nb6-img/nb6_context_v1,0.042213693261146545,0.31925636529922485,
Indonesia_144890,Indonesia,06187d2d558cb7f0f0f0,ok,06187d2d558cb7f0f0f0.npz,EPSG:32754,0.9977,1.0,1.0,S2A_T54LVR_20231118T005704_L2A,2023-11-18T00:59:29.828000Z,140.91769499999998,-8.236635,/kaggle/input/notebooks/aaryanadutta/sih-nb6-img/nb6_context_v1,,,
Iraq_141,Iraq,0f06a4a0b4c2627dc8d0,ok,0f06a4a0b4c2627dc8d0.npz,EPSG:32638,0.9711,1.0,1.0,S2B_T38SQA_20240921T073750_L2A,2024-09-21T07:40:51.301000Z,,,/kaggle/input/notebooks/aaryanadutta/sih-nb6-img/nb6_context_v1,0.04823129624128342,0.5494207143783569,
Libya_2183,Libya,0894ba6876747147f74c,ok,0894ba6876747147f74c.npz,EPSG:32634,1.0,1.0,1.0,S2A_T34RFR_20221024T090332_L2A,2022-10-24T09:12:55.619000Z,22.42503,27.85913,/kaggle/input/notebooks/aaryanadutta/sih-nb6-img/nb6_context_v1,,,
Nigeria_253597,Nigeria,274b380bbdd2ef285c2c,ok,274b380bbdd2ef285c2c.npz,EPSG:32631,1.0,1.0,1.0,S2B_T31PFM_20230214T101730_L2A,2023-02-14T10:18:03.115000Z,4.271528571428571,10.167447142857142,/kaggle/input/notebooks/aaryanadutta/sih-nb6-img/nb6_context_v1,,,
Algeria_10245,Algeria,ed7272bc2b12e2738fe5,ok,ed7272bc2b12e2738fe5.npz,EPSG:32632,1.0,1.0,1.0,S2A_T31SGA_20230824T102802_L2A,2023-08-24T10:30:57.169000Z,,,/kaggle/input/notebooks/aaryanadutta/sih-nb6-img/nb6_context_v1,0.02107374556362629,0.39648276567459106,
Angola_712441,Angola,e9b715cbbbf90936273e,ok,e9b715cbbbf90936273e.npz,EPSG:32733,0.8967,0.9368,1.0,S2B_T33LVG_20230914T091733_L2A,2023-09-14T09:24:03.474000Z,14.71529,-12.276845,/kaggle/input/notebooks/aaryanadutta/sih-nb6-img/nb6_context_v1,,,
Indonesia_176979,Indonesia,4d7244a088e8a54e91c9,ok,4d7244a088e8a54e91c9.npz,EPSG:32751,0.9987,0.9888,1.0,S2A_T51LTL_20230923T021345_L2A,2023-09-23T02:20:06.222000Z,120.68671,-8.63559,/kaggle/input/notebooks/aaryanadutta/sih-nb6-img/nb6_context_v1,,,
Iraq_13763,Iraq,9d7491a73d9e1776a2f5,ok,9d7491a73d9e1776a2f5.npz,EPSG:32638,1.0,1.0,1.0,S2B_T38SLF_20240729T075213_L2A,2024-07-29T07:59:50.026000Z,,,/kaggle/input/notebooks/aaryanadutta/sih-nb6-img/nb6_context_v1,0.11581916362047195,0.5353643298149109,
Libya_3166,Libya,60d16770cc36a36c61e0,ok,60d16770cc36a36c61e0.npz,EPSG:32634,1.0,1.0,1.0,S2A_T34RES_20230803T092241_L2A,2023-08-03T09:22:48.391000Z,21.247335,28.20502,/kaggle/input/notebooks/aaryanadutta/sih-nb6-img/nb6_context_v1,,,
Nigeria_122953,Nigeria,bd574a64ff2b3358e5aa,ok,bd574a64ff2b3358e5aa.npz,EPSG:32632,0.999675,1.0,1.0,S2B_T32NML_20240124T095145_L2A,2024-01-24T09:59:25.725000Z,8.412232631578949,5.183811578947368,/kaggle/input/notebooks/aaryanadutta/sih-nb6-img/nb6_context_v1,,,
Algeria_13851,Algeria,ae7a78b462d9032805ba,ok,ae7a78b462d9032805ba.npz,EPSG:32632,1.0,1.0,1.0,S2B_T31SGV_20240704T102300_L2A,2024-07-04T10:31:09.161000Z,6.41979,35.91717,/kaggle/input/notebooks/aaryanadutta/sih-nb6-img/nb6_context_v1,,,
Angola_593524,Angola,13605d274fef448bd71e,ok,13605d274fef448bd71e.npz,EPSG:32734,1.0,1.0,1.0,S2B_T33LZF_20230603T090220_L2A,2023-06-03T09:14:10.391000Z,18.260887500000003,-13.01154,/kaggle/input/notebooks/aaryanadutta/sih-nb6-img/nb6_context_v1,,,
Indonesia_168252,Indonesia,66923121cd96e05a3575,ok,66923121cd96e05a3575.npz,EPSG:32749,0.852675,0.94,1.0,S2A_T48MZB_20231110T031539_L2A,2023-11-10T03:18:52.366000Z,108.02895,-2.92305,/kaggle/input/notebooks/aaryanadutta/sih-nb6-img/nb6_context_v1,,,
Iraq_210,Iraq,91c33cac06983decf6bb,ok,91c33cac06983decf6bb.npz,EPSG:32638,0.9957,1.0,1.0,S2B_T38RQU_20231027T073145_L2A,2023-10-27T07:41:25.367000Z,47.317718774403474,30.56430365509761,/kaggle/input/notebooks/aaryanadutta/sih-nb6-img/nb6_context_v1,,,
Libya_107,Libya,91303dc8da9dafef2a59,ok,91303dc8da9dafef2a59.npz,EPSG:32634,1.0,1.0,1.0,S2B_T34RDT_20241011T091503_L2A,2024-10-11T09:22:24.332000Z,20.783868486486487,29.058665297297296,/kaggle/input/notebooks/aaryanadutta/sih-nb6-img/nb6_context_v1,,,
Nigeria_130791,Nigeria,8f421f23af50a8748ec7,ok,8f421f23af50a8748ec7.npz,EPSG:32632,0.9993,1.0,1.0,S2A_T31NHF_20221228T100646_L2A,2022-12-28T10:09:29.059000Z,6.30644,5.021602,/kaggle/input/notebooks/aaryanadutta/sih-nb6-img/nb6_context_v1,,,
Algeria_11450,Algeria,2af352b8beaecf1a3f70,ok,2af352b8beaecf1a3f70.npz,EPSG:32631,1.0,1.0,1.0,S2A_T31RCQ_20230330T103947_L2A,2023-03-30T10:42:25.622000Z,1.92586,30.88328,/kaggle/input/notebooks/aaryanadutta/sih-nb6-img/nb6_context_v1,,,
Angola_476868,Angola,cc83724dd06efd59a343,ok,cc83724dd06efd59a343.npz,EPSG:32733,1.0,1.0,1.0,S2B_T33LWC_20230517T091511_L2A,2023-05-17T09:24:58.897000Z,15.1667,-15.4963,/kaggle/input/notebooks/aaryanadutta/sih-nb6-img/nb6_context_v1,,,
Indonesia_145080,Indonesia,cb08f0517a6267c9d378,ok,cb08f0517a6267c9d378.npz,EPSG:32751,0.9999,1.0,1.0,S2B_T51MUR_20230819T021348_L2A,2023-08-19T02:18:53.677000Z,121.64022,-4.50994,/kaggle/input/notebooks/aaryanadutta/sih-nb6-img/nb6_context_v1,,,
Iraq_32986,Iraq,d5b8526b868363c59117,ok,d5b8526b868363c59117.npz,EPSG:32638,1.0,1.0,1.0,S2B_T38SLE_20231013T075213_L2A,2023-10-13T08:00:05.012000Z,,,/kaggle/input/notebooks/aaryanadutta/sih-nb6-img/nb6_context_v1,0.055149395018815994,0.4605998396873474,
Libya_1452,Libya,2c1860098b0461b2803a,ok,2c1860098b0461b2803a.npz,EPSG:32634,1.0,1.0,1.0,S2B_T34RES_20230609T091054_L2A,2023-06-09T09:22:42.749000Z,21.85542,28.808846666666668,/kaggle/input/notebooks/aaryanadutta/sih-nb6-img/nb6_context_v1,,,
Nigeria_314365,Nigeria,4271e9d5669cf78016d3,ok,4271e9d5669cf78016d3.npz,EPSG:32631,1.0,1.0,1.0,S2A_T31PEM_20230219T101344_L2A,2023-02-19T10:18:04.976000Z,3.8982166666666656,10.16763,/kaggle/input/notebooks/aaryanadutta/sih-nb6-img/nb6_context_v1,,,
Algeria_13669,Algeria,34e925dbd02742df6d08,ok,34e925dbd02742df6d08.npz,EPSG:32632,0.8283,1.0,1.0,S2A_T32RNS_20230517T100100_L2A,2023-05-17T10:03:02.871000Z,9.81853,28.06381,/kaggle/input/notebooks/aaryanadutta/sih-nb6-img/nb6_context_v1,,,
Angola_608100,Angola,6be8776d06b6032c4e7e,ok,6be8776d06b6032c4e7e.npz,EPSG:32734,1.0,1.0,1.0,S2B_T33KZB_20230501T090302_L2A,2023-05-01T09:05:11.404000Z,18.46025,-17.104226666666666,/kaggle/input/notebooks/aaryanadutta/sih-nb6-img/nb6_context_v1,,,
Indonesia_170642,Indonesia,474f54adbf7c0b36d87b,ok,474f54adbf7c0b36d87b.npz,EPSG:32754,0.9582,1.0,1.0,S2B_T54MVS_20231113T005706_L2A,2023-11-13T00:59:18.323000Z,140.72531,-7.36767,/kaggle/input/notebooks/aaryanadutta/sih-nb6-img/nb6_context_v1,,,
Iraq_19128,Iraq,088f8adfa33aa7376d35,ok,088f8adfa33aa7376d35.npz,EPSG:32638,0.86515,1.0,1.0,S2A_T38RQV_20240419T073150_L2A,2024-04-19T07:41:12.963000Z,47.25793463414634,31.079379756097563,/kaggle/input/notebooks/aaryanadutta/sih-nb6-img/nb6_context_v1,,,
Libya_3178,Libya,730078ade3bb367a1922,ok,730078ade3bb367a1922.npz,EPSG:32634,1.0,1.0,1.0,S2B_T34SDA_20230722T091941_L2A,2023-07-22T09:31:45.017000Z,20.35079,31.789275,/kaggle/input/notebooks/aaryanadutta/sih-nb6-img/nb6_context_v1,,,
Nigeria_181151,Nigeria,10556320ee110f9b1bd0,ok,10556320ee110f9b1bd0.npz,EPSG:32631,1.0,1.0,1.0,S2B_T31PHN_20231201T101135_L2A,2023-12-01T10:17:40.781000Z,5.925805,11.06899,/kaggle/input/notebooks/aaryanadutta/sih-nb6-img/nb6_context_v1,,,
Algeria_10340,Algeria,bbf2699f3ad3df2ebf97,ok,bbf2699f3ad3df2ebf97.npz,EPSG:32632,1.0,1.0,1.0,S2A_T32SLF_20240606T101605_L2A,2024-06-06T10:20:54.815000Z,7.83624,36.37585,/kaggle/input/notebooks/aaryanadutta/sih-nb6-img/nb6_context_v1,,,
Angola_411790,Angola,133bd76282e902cf9b2a,ok,133bd76282e902cf9b2a.npz,EPSG:32733,1.0,1.0,1.0,S2B_T33LYK_20230524T090228_L2A,2023-05-24T09:13:16.775000Z,17.05652,-9.595611428571427,/kaggle/input/notebooks/aaryanadutta/sih-nb6-img/nb6_context_v1,,,
Indonesia_111230,Indonesia,613ac50d462182608700,failed,613ac50d462182608700.npz,,,,,,,111.05621666666669,0.6438466666666667,,,,"RuntimeError: No acceptable scene: [{""item"": ""S2A_T49NDA_20231117T030318_L2A"", ""reason"": ""cloud/coverage"", ""clear_fraction"": 0.0002}, {""item"": ""S2B_T49NDA_20230705T025859_L2A"", ""reason"": ""cloud/coverage"", ""clear_fraction"": 0.2338}, {""item"": ""S2B_T49NEA_20240907T030309_L2A"", ""reason"": ""cloud/coverage"", ""clear_fraction"": 0.3099}, {""item"": ""S2B_T49NEA_20230903T030224_L2A"", ""reason"": ""cloud/coverage"", ""clear_fraction"": 0.1988}, {""item"": ""S2B_T49NDA_20240907T030309_L2A"", ""reason"": ""cloud/coverage"", ""clear_fraction"": 0.2956}, {""item"": ""S2A_T49NDA_20240823T030713_L2A"", ""reason"": ""cloud/coverage"", ""clear_fraction"": 0.8105}, {""item"": ""S2B_T49NDA_20240609T030656_L2A"", ""reason"": ""cloud/coverage"", ""clear_fraction"": 0.5141}, {""item"": ""S2B_T49NEA_20230516T025857_L2A"", ""reason"": ""cloud/coverage"", ""clear_fraction"": 0.0036}]"
Iraq_16563,Iraq,0058df1ed848b8ccb260,ok,0058df1ed848b8ccb260.npz,EPSG:32638,1.0,1.0,1.0,S2B_T38SLG_20241007T075211_L2A,2024-10-07T07:59:33.800000Z,43.454395,37.19241,,,,
Libya_2364,Libya,5eaf1b3273aa17c6226a,ok,5eaf1b3273aa17c6226a.npz,EPSG:32634,1.0,1.0,1.0,S2A_T34RES_20230803T092241_L2A,2023-08-03T09:22:48.391000Z,21.21182,28.21973,,,,
Nigeria_81433,Nigeria,cb3c5b53fc0e47f31054,ok,cb3c5b53fc0e47f31054.npz,EPSG:32632,0.9995,1.0,1.0,S2B_T32PQQ_20241226T093959_L2A,2024-12-26T09:48:25.393000Z,11.42448888888889,8.23569,,,,
Algeria_5201,Algeria,f0f69e81b0769ff33b50,ok,f0f69e81b0769ff33b50.npz,EPSG:32632,1.0,1.0,1.0,S2A_T32RNR_20221228T095419_L2A,2022-12-28T10:03:13.536000Z,9.890724105263155,27.759704,,,,
Angola_258666,Angola,3db7f6a5483a79c00ea3,ok,3db7f6a5483a79c00ea3.npz,EPSG:32734,0.8688,0.9104,1.0,S2A_T34LBQ_20230628T091041_L2A,2023-06-28T09:13:10.363000Z,18.82067,-9.606662,,,,
Indonesia_181254,Indonesia,685f4a56c93f35381170,ok,685f4a56c93f35381170.npz,EPSG:32647,0.9994,0.9984,1.0,S2B_T47NQA_20240711T034535_L2A,2024-07-11T03:48:07.316000Z,101.39298,0.78775,,,,
Iraq_4959,Iraq,c3a96b5bc2ed16e7dabc,ok,c3a96b5bc2ed16e7dabc.npz,EPSG:32638,1.0,1.0,1.0,S2B_T38SMD_20240818T075116_L2A,2024-08-18T08:00:15.345000Z,44.5319,34.9932,,,,
Libya_2586,Libya,abfce6780d7ac3a34d95,ok,abfce6780d7ac3a34d95.npz,EPSG:32633,1.0,1.0,1.0,S2A_T33RVJ_20231031T094345_L2A,2023-10-31T09:53:30.701000Z,14.68499,26.10409,,,,
Nigeria_202913,Nigeria,26861f8742849e54b04e,ok,26861f8742849e54b04e.npz,EPSG:32632,0.99925,1.0,1.0,S2A_T32NNN_20241204T095621_L2A,2024-12-04T09:58:54.903000Z,9.768321666666669,7.062923333333333,,,,
Algeria_13845,Algeria,6e75ed01425b67b3ec84,ok,6e75ed01425b67b3ec84.npz,EPSG:32632,1.0,1.0,1.0,S2A_T32SLF_20240606T101605_L2A,2024-06-06T10:20:54.815000Z,7.895265999999999,36.420328,,,,
Angola_218641,Angola,556a829cb741a0149e5b,ok,556a829cb741a0149e5b.npz,EPSG:32733,0.9039,0.8528,1.0,S2A_T33LWG_20240804T091606_L2A,2024-08-04T09:23:59.381000Z,15.256941,-12.0342,,,,
Indonesia_10953,Indonesia,ee9d6a7d59042c59ef22,ok,ee9d6a7d59042c59ef22.npz,EPSG:32748,0.8264,0.9984,1.0,S2B_T48MYB_20230618T030925_L2A,2023-06-18T03:19:01.324000Z,107.5882,-2.9872,,,,
Iraq_357,Iraq,f36c057ac5e907d590dd,ok,f36c057ac5e907d590dd.npz,EPSG:32638,1.0,1.0,1.0,S2B_T38SPA_20240128T074154_L2A,2024-01-28T07:50:52.010000Z,46.06832187148594,31.768311831325303,,,,
Libya_488,Libya,f51fe1b5be597f010b6e,ok,f51fe1b5be597f010b6e.npz,EPSG:32634,1.0,1.0,1.0,S2B_T34RES_20230609T091054_L2A,2023-06-09T09:22:42.749000Z,22.021526,28.837262,,,,
Nigeria_463768,Nigeria,d8e15d5de2f4dde99ce2,ok,d8e15d5de2f4dde99ce2.npz,EPSG:32632,1.0,1.0,1.0,S2B_T32PNT_20240104T095248_L2A,2024-01-04T09:57:41.925000Z,9.55429,11.03093,,,,
Algeria_12564,Algeria,127d4bf054845e311bd1,ok,127d4bf054845e311bd1.npz,EPSG:32632,1.0,1.0,1.0,S2B_T32RNS_20240718T100439_L2A,2024-07-18T10:13:00.121000Z,,,/kaggle/input/notebooks/aaryanadutta/sih-nb6-img/nb6_context_v1,0.113036148250103,0.6482858657836914,
Angola_933471,Angola,f28507d38ad7e2900cbd,ok,f28507d38ad7e2900cbd.npz,EPSG:32734,0.9994,1.0,1.0,S2A_T34LFM_20230503T084139_L2A,2023-05-03T08:53:47.355000Z,22.01754,-12.66584,,,,
Indonesia_166829,Indonesia,08cd655cc0e29880d3a6,ok,08cd655cc0e29880d3a6.npz,EPSG:32749,1.0,1.0,1.0,S2A_T49MFV_20240412T025006_L2A,2024-04-12T02:58:05.523000Z,112.51134,-0.3,,,,
Iraq_70,Iraq,d38b5d31a5a18d2579d6,ok,d38b5d31a5a18d2579d6.npz,EPSG:32638,0.9999,1.0,1.0,S2B_T38SLE_20231013T075213_L2A,2023-10-13T08:00:05.012000Z,,,/kaggle/input/notebooks/aaryanadutta/sih-nb6-img/nb6_context_v1,0.0914892703294754,0.46237820386886597,
Libya_925,Libya,31ea85d4082322680069,ok,31ea85d4082322680069.npz,EPSG:32632,1.0,1.0,1.0,S2A_T32RQP_20240826T094755_L2A,2024-08-26T09:53:40.348000Z,11.973095,26.0364625,,,,
Nigeria_199139,Nigeria,a6cec69283c74e2b0f50,ok,a6cec69283c74e2b0f50.npz,EPSG:32631,1.0,1.0,1.0,S2B_T31PGK_20230211T095950_L2A,2023-02-11T10:08:33.576000Z,5.79761,8.94627,,,,
Algeria_2641,Algeria,c57507985999e62958de,ok,c57507985999e62958de.npz,EPSG:32631,1.0,1.0,1.0,S2B_T31RGQ_20240604T103214_L2A,2024-06-04T10:32:23.348000Z,5.7602,30.9653,,,,
Angola_729636,Angola,dd5b63a4c7da3e722198,ok,dd5b63a4c7da3e722198.npz,EPSG:32733,1.0,1.0,1.0,S2A_T33LVK_20230711T091156_L2A,2023-07-11T09:23:22.143000Z,14.715974,-9.902825,,,,
Indonesia_147036,Indonesia,cc8c7e5684c7f8f3de0a,ok,cc8c7e5684c7f8f3de0a.npz,EPSG:32749,1.0,1.0,1.0,S2A_T49MDM_20240721T025532_L2A,2024-07-21T03:00:08.496000Z,110.94994,-7.88754,,,,
Iraq_32048,Iraq,55d2ff719441910045a0,ok,55d2ff719441910045a0.npz,EPSG:32638,1.0,1.0,1.0,S2A_T38SKF_20240617T080949_L2A,2024-06-17T08:09:57.845000Z,42.85662,36.27559,,,,
Libya_2632,Libya,61893697da7b29bd7265,ok,61893697da7b29bd7265.npz,EPSG:32633,1.0,1.0,1.0,S2A_T33RVK_20230802T095154_L2A,2023-08-02T09:53:22.255000Z,14.47517,26.41426,,,,
Nigeria_366638,Nigeria,0e9f852ede314ad9c736,ok,0e9f852ede314ad9c736.npz,EPSG:32631,0.9996,1.0,1.0,S2B_T31PEK_20241205T101642_L2A,2024-12-05T10:18:36.881000Z,3.30603,8.545756666666668,,,,
Algeria_13190,Algeria,4574b6a8926ad3ad2ab3,ok,4574b6a8926ad3ad2ab3.npz,EPSG:32632,0.9984,1.0,1.0,S2A_T32SLF_20231003T102549_L2A,2023-10-03T10:30:46.893000Z,6.98053,36.85633,,,,
Angola_13849,Angola,295c313ea4d02653290b,ok,295c313ea4d02653290b.npz,EPSG:32734,0.85405,0.952,1.0,S2A_T33LZF_20230804T085258_L2A,2023-08-04T09:04:16.279000Z,18.49151857142857,-13.112398571428573,,,,
Indonesia_160802,Indonesia,bf173b205d917ded8385,ok,bf173b205d917ded8385.npz,EPSG:32749,0.9999,1.0,1.0,S2B_T49MFM_20240716T025424_L2A,2024-07-16T03:00:03.338000Z,,,/kaggle/input/notebooks/aaryanadutta/sih-nb6-img/nb6_context_v1,0.024020589888095856,0.39160510897636414,
Iraq_74,Iraq,f34b2c1ac0a63897802e,ok,f34b2c1ac0a63897802e.npz,EPSG:32638,0.9941,0.9992,1.0,S2B_T38SLF_20240729T075213_L2A,2024-07-29T07:59:50.026000Z,43.3285443373494,36.776112048192765,,,,
Libya_3129,Libya,dbdb63313f65ecf12a80,ok,dbdb63313f65ecf12a80.npz,EPSG:32633,1.0,1.0,1.0,S2A_T33RUL_20240228T094258_L2A,2024-02-28T09:53:06.099000Z,14.01118,27.4656,,,,
Nigeria_46805,Nigeria,1e6f04a1c3fc5cea815d,ok,1e6f04a1c3fc5cea815d.npz,EPSG:32633,0.9666,0.9712,1.0,S2B_T33PUQ_20241027T094126_L2A,2024-10-27T09:47:03.074000Z,13.72401,13.35926,,,,
Algeria_14071,Algeria,3f00c608342952fe272e,ok,3f00c608342952fe272e.npz,EPSG:32632,1.0,1.0,1.0,S2A_T32RNR_20230619T101308_L2A,2023-06-19T10:13:17.505000Z,9.605205294117647,27.456824705882354,,,,
Angola_193906,Angola,a430a9e0a1cfeeeab104,ok,a430a9e0a1cfeeeab104.npz,EPSG:32734,0.9994,1.0,1.0,S2B_T34LDM_20230620T090230_L2A,2023-06-20T09:03:52.769000Z,20.13503,-12.07835,,,,
Indonesia_151871,Indonesia,ef82de5d54143ceee2c4,ok,ef82de5d54143ceee2c4.npz,EPSG:32754,0.93305,0.968,1.0,S2A_T54MUS_20230902T010731_L2A,2023-09-02T01:09:21.123000Z,139.6032,-7.9791,,,,
Iraq_325,Iraq,e9936057274442d9958d,ok,e9936057274442d9958d.npz,EPSG:32638,0.981675,1.0,1.0,S2A_T38RQV_20240419T073150_L2A,2024-04-19T07:41:12.963000Z,47.33683267399267,30.829570659340657,,,,
Libya_1836,Libya,df94f7744dd933b52f23,ok,df94f7744dd933b52f23.npz,EPSG:32632,1.0,1.0,1.0,S2A_T32RNR_20221228T095419_L2A,2022-12-28T10:03:13.536000Z,9.90386,27.70508,,,,
Nigeria_276136,Nigeria,4bbd1488f689ad68e250,failed,4bbd1488f689ad68e250.npz,,,,,,,4.95309,8.133791666666667,,,,"RuntimeError: No acceptable scene: [{""item"": ""S2A_T31NGJ_20231216T101226_L2A"", ""reason"": ""cloud/coverage"", ""clear_fraction"": 0.695}, {""item"": ""S2B_T31NGJ_20241225T100801_L2A"", ""reason"": ""cloud/coverage"", ""clear_fraction"": 0.695}, {""item"": ""S2B_T31NGJ_20241125T101800_L2A"", ""reason"": ""cloud/coverage"", ""clear_fraction"": 0.695}, {""item"": ""S2A_T31NGJ_20241130T101230_L2A"", ""reason"": ""cloud/coverage"", ""clear_fraction"": 0.695}, {""item"": ""S2B_T31NGJ_20221226T101220_L2A"", ""reason"": ""cloud/coverage"", ""clear_fraction"": 0.695}, {""item"": ""S2B_T31NGJ_20241215T101536_L2A"", ""reason"": ""cloud/coverage"", ""clear_fraction"": 0.695}, {""item"": ""S2A_T31NGJ_20221211T101650_L2A"", ""reason"": ""cloud/coverage"", ""clear_fraction"": 0.695}, {""item"": ""S2A_T31NGJ_20241220T101654_L2A"", ""reason"": ""cloud/coverage"", ""clear_fraction"": 0.695}]"
Algeria_11701,Algeria,250e74b4b960923ff0d2,ok,250e74b4b960923ff0d2.npz,EPSG:32632,1.0,1.0,1.0,S2B_T32RNS_20240718T100439_L2A,2024-07-18T10:13:00.121000Z,9.572705,28.717065,,,,
Angola_845450,Angola,164b2f370f68757d5e72,ok,164b2f370f68757d5e72.npz,EPSG:32734,1.0,1.0,1.0,S2B_T34LEP_20240522T085249_L2A,2024-05-22T08:53:20.759000Z,,,/kaggle/input/notebooks/aaryanadutta/sih-nb6-img/nb6_context_v1,0.027833567932248116,0.22936728596687317,
Indonesia_155965,Indonesia,31c23a8ad7105e811261,ok,31c23a8ad7105e811261.npz,EPSG:32651,1.0,1.0,1.0,S2B_T51NVA_20240415T021344_L2A,2024-04-15T02:17:33.410000Z,,,/kaggle/input/notebooks/aaryanadutta/sih-nb6-img/nb6_context_v1,0.02030670829117298,0.4869132936000824,
Iraq_22771,Iraq,7a2269567e281044c412,ok,7a2269567e281044c412.npz,EPSG:32638,1.0,1.0,1.0,S2B_T38SLF_20240729T075213_L2A,2024-07-29T07:59:50.026000Z,,,/kaggle/input/notebooks/aaryanadutta/sih-nb6-img/nb6_context_v1,0.08578695356845856,0.49383658170700073,
Libya_907,Libya,fef3cf8c15d0899c86d7,ok,fef3cf8c15d0899c86d7.npz,EPSG:32634,0.9964,0.9424,1.0,S2A_T34RFS_20231121T091328_L2A,2023-11-21T09:22:30.427000Z,,,/kaggle/input/notebooks/aaryanadutta/sih-nb6-img/nb6_context_v1,0.18965429067611694,0.6875473260879517,
Nigeria_475045,Nigeria,606d5683a80886430bcf,ok,606d5683a80886430bcf.npz,EPSG:32632,0.9166,0.9344,1.0,S2A_T31NHF_20221228T100646_L2A,2022-12-28T10:09:29.059000Z,6.0341,5.38152,,,,
Algeria_9493,Algeria,04e3e6134a313b9122fe,ok,04e3e6134a313b9122fe.npz,EPSG:32632,1.0,1.0,1.0,S2A_T32SKA_20230910T101420_L2A,2023-09-10T10:22:10.379000Z,6.84442,32.16304,,,,
Angola_77518,Angola,08a39918c973d8efdd72,ok,08a39918c973d8efdd72.npz,EPSG:32733,1.0,1.0,1.0,S2A_T33MXN_20240506T091610_L2A,2024-05-06T09:22:29.570000Z,16.4149,-6.690133333333333,,,,
Indonesia_144528,Indonesia,b0f3c29542b6c164173c,ok,b0f3c29542b6c164173c.npz,EPSG:32751,0.998,1.0,1.0,S2A_T51LYL_20240904T020444_L2A,2024-09-04T02:09:52.200000Z,124.93798,-8.31046,,,,
Iraq_24502,Iraq,b47960ebc23fe8f6da5d,ok,b47960ebc23fe8f6da5d.npz,EPSG:32638,1.0,1.0,1.0,S2B_T38SMD_20240818T075116_L2A,2024-08-18T08:00:15.345000Z,44.33494,34.88036,,,,
Libya_1743,Libya,811dc8df55aae794b411,ok,811dc8df55aae794b411.npz,EPSG:32634,1.0,1.0,1.0,S2B_T34SDA_20230722T091941_L2A,2023-07-22T09:31:45.017000Z,20.124275,32.074985,,,,
Nigeria_69550,Nigeria,bc9512fbd33497e721ff,ok,bc9512fbd33497e721ff.npz,EPSG:32632,1.0,1.0,1.0,S2B_T32NLP_20231218T100253_L2A,2023-12-18T10:08:41.133000Z,7.674976666666667,7.990023333333333,,,,
Algeria_10476,Algeria,d849e0060850d4b69fc6,ok,d849e0060850d4b69fc6.npz,EPSG:32632,1.0,1.0,1.0,S2B_T32SKE_20231117T102936_L2A,2023-11-17T10:31:02.561000Z,6.504810000000001,36.053936,,,,
Angola_61508,Angola,6cf2934b7dbc1c19a617,ok,6cf2934b7dbc1c19a617.npz,EPSG:32733,0.9999,1.0,1.0,S2B_T33LVG_20230914T091733_L2A,2023-09-14T09:24:03.474000Z,14.475662857142856,-11.886544285714283,,,,
Indonesia_129781,Indonesia,7bf2e84d9e15e55336bf,ok,7bf2e84d9e15e55336bf.npz,EPSG:32748,0.99935,1.0,1.0,S2B_T48MUC_20240725T031701_L2A,2024-07-25T03:28:52.730000Z,104.151115,-2.657005,,,,
Iraq_25568,Iraq,3d75cae0e2e27f4bc7a1,ok,3d75cae0e2e27f4bc7a1.npz,EPSG:32638,1.0,1.0,1.0,S2A_T38SNA_20230319T074156_L2A,2023-03-19T07:50:55.618000Z,45.63354,32.3348,,,,
Libya_839,Libya,2ecad96238e9f4256c14,ok,2ecad96238e9f4256c14.npz,EPSG:32633,1.0,1.0,1.0,S2A_T33RTN_20230616T100121_L2A,2023-06-16T10:02:41.146000Z,,,/kaggle/input/notebooks/aaryanadutta/sih-nb6-img/nb6_context_v1,0.11963686347007751,0.6704123616218567,
Nigeria_53045,Nigeria,195225896c193df3f9f4,ok,195225896c193df3f9f4.npz,EPSG:32632,0.999975,1.0,1.0,S2B_T31PHR_20230214T100452_L2A,2023-02-14T10:16:58.394000Z,6.199586666666666,13.62177888888889,,,,
Algeria_3968,Algeria,739f1444e184cd896a4f,ok,739f1444e184cd896a4f.npz,EPSG:32631,0.969175,1.0,1.0,S2B_T31SFA_20221225T104023_L2A,2022-12-25T10:40:49.282000Z,4.7844,36.8086,,,,
Angola_798769,Angola,fa879db3b8080f600438,ok,fa879db3b8080f600438.npz,EPSG:32733,1.0,1.0,1.0,S2A_T33LWK_20230512T091129_L2A,2023-05-12T09:23:13.158000Z,15.779313333333334,-9.901533333333331,,,,
Indonesia_34646,Indonesia,9a1955b2994320bc2792,ok,9a1955b2994320bc2792.npz,EPSG:32754,0.89855,1.0,1.0,S2A_T54MTS_20230902T010731_L2A,2023-09-02T01:09:24.413000Z,138.778805,-7.8291875,,,,
Iraq_31131,Iraq,fd2629c584dabb01b095,ok,fd2629c584dabb01b095.npz,EPSG:32638,0.9981,0.9984,1.0,S2A_T38SKF_20240826T080500_L2A,2024-08-26T08:09:46.384000Z,42.718735,36.962140000000005,,,,
Libya_337,Libya,9d9c2abed96197a457f1,ok,9d9c2abed96197a457f1.npz,EPSG:32634,1.0,1.0,1.0,S2A_T34RCU_20230717T092817_L2A,2023-07-17T09:32:16.180000Z,19.714603333333333,30.44908,,,,
Nigeria_289534,Nigeria,b5ad98c6f6b1edc0c0f2,ok,b5ad98c6f6b1edc0c0f2.npz,EPSG:32632,0.9121,0.8032,1.0,S2A_T32NKL_20221228T100646_L2A,2022-12-28T10:09:26.535000Z,6.863586,4.925942,,,,
Algeria_10101,Algeria,47a019ebfd018d8c6ca3,ok,47a019ebfd018d8c6ca3.npz,EPSG:32631,1.0,1.0,1.0,S2B_T31SFA_20221225T104023_L2A,2022-12-25T10:40:49.282000Z,4.34884,36.46052,,,,
Angola_247454,Angola,fff27ebe908001bbbc59,ok,fff27ebe908001bbbc59.npz,EPSG:32733,0.9999,1.0,1.0,S2B_T33LVG_20230914T091733_L2A,2023-09-14T09:24:03.474000Z,14.321125,-12.301315,,,,
Indonesia_38089,Indonesia,e8cfec4561c7b0234723,ok,e8cfec4561c7b0234723.npz,EPSG:32751,0.89,1.0,1.0,S2B_T51MUQ_20230819T021348_L2A,2023-08-19T02:19:08.385000Z,121.7714425,-4.5293575,,,,
Iraq_311,Iraq,941dbc151ddd3f1ab042,ok,941dbc151ddd3f1ab042.npz,EPSG:32638,0.9981,0.9872,1.0,S2B_T38RQU_20231027T073145_L2A,2023-10-27T07:41:25.367000Z,,,/kaggle/input/notebooks/aaryanadutta/sih-nb6-img/nb6_context_v1,0.10978538542985916,0.46727409958839417,
Libya_370,Libya,7c36af90979686241311,ok,7c36af90979686241311.npz,EPSG:32634,1.0,1.0,1.0,S2B_T34RDS_20241011T091503_L2A,2024-10-11T09:22:38.919000Z,20.92776857142857,28.908201428571427,,,,
Nigeria_59047,Nigeria,4342d6329260104642e3,ok,4342d6329260104642e3.npz,EPSG:32631,1.0,1.0,1.0,S2A_T31NDJ_20231216T101226_L2A,2023-12-16T10:18:50.379000Z,,,/kaggle/input/notebooks/aaryanadutta/sih-nb6-img/nb6_context_v1,0.027713418006896973,0.30644533038139343,
Algeria_12181,Algeria,0eacac5b987cd57b502d,ok,0eacac5b987cd57b502d.npz,EPSG:32632,1.0,1.0,1.0,S2A_T31SGA_20230824T102802_L2A,2023-08-24T10:30:57.169000Z,,,/kaggle/input/notebooks/aaryanadutta/sih-nb6-img/nb6_context_v1,0.015936488285660744,0.37936753034591675,
Angola_404378,Angola,c5a35382d73165b8020f,ok,c5a35382d73165b8020f.npz,EPSG:32734,0.9972,1.0,1.0,S2A_T34LGM_20240606T084510_L2A,2024-06-06T08:53:48.626000Z,22.966126666666668,-12.311303333333331,,,,
Indonesia_95481,Indonesia,465d70c896fa664225e9,ok,465d70c896fa664225e9.npz,EPSG:32749,0.9872,1.0,1.0,S2A_T49MDT_20240912T030718_L2A,2024-09-12T03:08:33.029000Z,110.89025,-2.0204,,,,
Iraq_356,Iraq,760c5870380590526d1e,ok,760c5870380590526d1e.npz,EPSG:32638,0.9951,0.9216,1.0,S2B_T38RQU_20231027T073145_L2A,2023-10-27T07:41:25.367000Z,47.71483482758621,30.266174664246822,,,,
Libya_2106,Libya,c6c4e6ef97d7bd2aec80,ok,c6c4e6ef97d7bd2aec80.npz,EPSG:32633,1.0,1.0,1.0,S2B_T33SUS_20230618T095114_L2A,2023-06-18T09:51:43.742000Z,13.8007,32.59011,,,,
Nigeria_392441,Nigeria,92bd0fccd87d6d627634,ok,92bd0fccd87d6d627634.npz,EPSG:32632,1.0,1.0,1.0,S2A_T32NNP_20241104T095622_L2A,2024-11-04T09:58:37.548000Z,9.46597,7.59907,,,,
Algeria_11289,Algeria,018bf86f4e646d6962ec,ok,018bf86f4e646d6962ec.npz,EPSG:32632,1.0,1.0,1.0,S2B_T32RMV_20240817T100152_L2A,2024-08-17T10:12:13.416000Z,8.820348571428571,31.435595714285714,,,,
Angola_967756,Angola,7169ca6bd47c6662ec63,ok,7169ca6bd47c6662ec63.npz,EPSG:32733,1.0,1.0,1.0,S2A_T33LUE_20240705T091521_L2A,2024-07-05T09:24:36.381000Z,13.59591,-14.15993,,,,
Indonesia_68656,Indonesia,9e7b11b488390fcbfb52,ok,9e7b11b488390fcbfb52.npz,EPSG:32650,0.99695,1.0,1.0,S2B_T50NNJ_20240720T023439_L2A,2024-07-20T02:37:00.821000Z,,,/kaggle/input/notebooks/aaryanadutta/sih-nb6-img/nb6_context_v1,0.0010756643023341894,0.45120033621788025,
Iraq_29159,Iraq,1328c83a710f27b919e3,ok,1328c83a710f27b919e3.npz,EPSG:32638,0.8875,1.0,1.0,S2B_T38SMB_20240907T075319_L2A,2024-09-07T08:00:44.638000Z,,,/kaggle/input/notebooks/aaryanadutta/sih-nb6-img/nb6_context_v1,0.03640161454677582,0.389318585395813,
Libya_2249,Libya,70c88ac044813d4d1379,ok,70c88ac044813d4d1379.npz,EPSG:32633,1.0,1.0,1.0,S2B_T33RYN_20230612T093127_L2A,2023-06-12T09:32:36.987000Z,17.96826,29.45603,,,,
Nigeria_245091,Nigeria,d43ed70f1b45f4c67c65,ok,d43ed70f1b45f4c67c65.npz,EPSG:32632,1.0,1.0,1.0,S2B_T32PKT_20231108T100047_L2A,2023-11-08T10:07:48.976000Z,6.916477142857143,10.786865714285714,,,,
Algeria_10939,Algeria,14bc1f285aba84b9c728,ok,14bc1f285aba84b9c728.npz,EPSG:32632,1.0,1.0,1.0,S2A_T32SKA_20230910T101420_L2A,2023-09-10T10:22:10.379000Z,6.446904999999999,32.182125,,,,
Angola_463802,Angola,fb8a012d0628163f8368,ok,fb8a012d0628163f8368.npz,EPSG:32733,0.999,1.0,1.0,S2B_T33MTP_20240802T092157_L2A,2024-08-02T09:32:21.101000Z,,,/kaggle/input/notebooks/aaryanadutta/sih-nb6-img/nb6_context_v1,0.0638018399477005,0.435060054063797,
Indonesia_63239,Indonesia,9a9f734cee488f573394,ok,9a9f734cee488f573394.npz,EPSG:32647,0.9978,1.0,1.0,S2A_T47NKF_20240314T035814_L2A,2024-03-14T04:06:59.128000Z,,,/kaggle/input/notebooks/aaryanadutta/sih-nb6-img/nb6_context_v1,0.03807053714990616,0.4119787812232971,
Iraq_27397,Iraq,545c196299f7cc333d22,ok,545c196299f7cc333d22.npz,EPSG:32637,1.0,1.0,1.0,S2A_T37SFT_20240925T080226_L2A,2024-09-25T08:10:38.485000Z,40.98653,34.06401,,,,
Libya_2823,Libya,9c9d4fd8f14558581003,ok,9c9d4fd8f14558581003.npz,EPSG:32634,1.0,1.0,1.0,S2B_T34SDA_20230722T091941_L2A,2023-07-22T09:31:45.017000Z,20.28391,32.1786,,,,
Nigeria_458617,Nigeria,c7df59d505e36a9f3b62,ok,c7df59d505e36a9f3b62.npz,EPSG:32631,1.0,1.0,1.0,S2B_T31PFK_20241125T101800_L2A,2024-11-25T10:18:35.201000Z,4.8465,8.95467,,,,
Algeria_10944,Algeria,f4887e54e9e1135b5de2,ok,f4887e54e9e1135b5de2.npz,EPSG:32631,1.0,1.0,1.0,S2A_T31SGU_20230327T101840_L2A,2023-03-27T10:31:16.024000Z,5.31524,34.66525,,,,
Angola_658578,Angola,6c4e900a8160b03e428a,ok,6c4e900a8160b03e428a.npz,EPSG:32734,1.0,1.0,1.0,S2A_T34LGN_20241004T084907_L2A,2024-10-04T08:53:29.733000Z,23.35234,-11.062676,,,,
Indonesia_28774,Indonesia,7fde9f3d4fd3924ab59f,ok,7fde9f3d4fd3924ab59f.npz,EPSG:32749,0.99965,1.0,1.0,S2A_T49MGU_20240919T025427_L2A,2024-09-19T02:58:16.489000Z,113.25353666666666,-1.6079966666666667,,,,
Iraq_27309,Iraq,172149ff30b5d7f7b2b8,ok,172149ff30b5d7f7b2b8.npz,EPSG:32638,0.991,1.0,1.0,S2B_T38SMC_20241007T075211_L2A,2024-10-07T08:00:27.452000Z,44.5919,33.56639,,,,
Libya_1814,Libya,7c3e6f3b7d5331f57b06,ok,7c3e6f3b7d5331f57b06.npz,EPSG:32632,1.0,1.0,1.0,S2B_T32RNS_20240718T100439_L2A,2024-07-18T10:13:00.121000Z,9.84845,28.64156,,,,
Nigeria_148184,Nigeria,04f5fe34a25c145111f6,ok,04f5fe34a25c145111f6.npz,EPSG:32632,0.9938,0.9952,1.0,S2A_T32PLS_20230117T100631_L2A,2023-01-17T10:07:53.765000Z,7.438294000000001,9.996374,,,,
Algeria_4844,Algeria,f8f537a37c23eaa43deb,ok,f8f537a37c23eaa43deb.npz,EPSG:32631,1.0,1.0,1.0,S2A_T32SKA_20230910T101420_L2A,2023-09-10T10:22:10.379000Z,,,/kaggle/input/notebooks/aaryanadutta/sih-nb6-img/nb6_context_v1,0.1571751981973648,0.7075518369674683,
Angola_344428,Angola,20dde9567eb1b9721793,ok,20dde9567eb1b9721793.npz,EPSG:32733,1.0,1.0,1.0,S2B_T33LXC_20231001T090242_L2A,2023-10-01T09:14:56.303000Z,16.681796666666667,-15.63849,,,,
Indonesia_48059,Indonesia,465e4f9453b6a0fa9f1a,ok,465e4f9453b6a0fa9f1a.npz,EPSG:32748,0.9751,1.0,1.0,S2B_T48MUD_20240509T033006_L2A,2024-05-09T03:38:31.218000Z,103.46149363636364,-1.1540122727272726,,,,
Iraq_1612,Iraq,5b9762730214fd9b5147,ok,5b9762730214fd9b5147.npz,EPSG:32638,0.99145,0.9968,1.0,S2A_T38SNA_20230319T074156_L2A,2023-03-19T07:50:55.618000Z,45.87359,32.42764,,,,
Libya_1531,Libya,d2282f347df65dd5fe36,ok,d2282f347df65dd5fe36.npz,EPSG:32634,1.0,1.0,1.0,S2A_T34RFS_20231121T091328_L2A,2023-11-21T09:22:30.427000Z,22.30224875,28.82729125,,,,
Nigeria_206027,Nigeria,b2d53c15cb2d45e313e7,ok,b2d53c15cb2d45e313e7.npz,EPSG:32632,0.9894,0.9536,1.0,S2A_T32PLS_20230117T100631_L2A,2023-01-17T10:07:53.765000Z,7.90181,10.04054,,,,
Algeria_2720,Algeria,29ba605b48035c9d0daf,ok,29ba605b48035c9d0daf.npz,EPSG:32632,1.0,1.0,1.0,S2A_T32SLF_20240606T101605_L2A,2024-06-06T10:20:54.815000Z,7.77092,36.34157,,,,
Angola_349154,Angola,42111b54e627a69100d4,ok,42111b54e627a69100d4.npz,EPSG:32733,0.844975,0.8288,1.0,S2A_T33LYL_20240722T090116_L2A,2024-07-22T09:12:59.091000Z,17.656122500000002,-8.5548425,,,,
Indonesia_59933,Indonesia,048cb9777264912ac470,ok,048cb9777264912ac470.npz,EPSG:32748,0.97845,0.9984,1.0,S2B_T48MUD_20240509T033006_L2A,2024-05-09T03:38:31.218000Z,103.50873453333334,-1.4777736,,,,
Iraq_1006,Iraq,3dbc9701d8efb442bf7a,ok,3dbc9701d8efb442bf7a.npz,EPSG:32638,1.0,1.0,1.0,S2B_T38SME_20240828T075111_L2A,2024-08-28T08:00:00.953000Z,44.22462212121212,35.38841818181818,,,,
Libya_2359,Libya,ce5ac962b4571fe9fcb9,ok,ce5ac962b4571fe9fcb9.npz,EPSG:32633,1.0,1.0,1.0,S2B_T33SVS_20241003T095133_L2A,2024-10-03T10:01:32.419000Z,14.11131,32.6802,,,,
Nigeria_364958,Nigeria,dbe12ca9951433f5f6d2,ok,dbe12ca9951433f5f6d2.npz,EPSG:32631,1.0,1.0,1.0,S2A_T31PHL_20221228T100646_L2A,2022-12-28T10:08:16.324000Z,5.81863,9.348293333333332,,,,
Algeria_2917,Algeria,ff6b9bbdc9b9b9df6985,ok,ff6b9bbdc9b9b9df6985.npz,EPSG:32632,1.0,1.0,1.0,S2B_T32SMF_20230826T101140_L2A,2023-08-26T10:20:50.082000Z,8.240723333333333,36.707883333333335,,,,
Angola_41643,Angola,20e7052f449686cf5a2d,ok,20e7052f449686cf5a2d.npz,EPSG:32733,1.0,1.0,1.0,S2A_T33LXK_20240503T091022_L2A,2024-05-03T09:13:17.693000Z,16.618215,-9.371958333333334,,,,
Indonesia_84951,Indonesia,a79a085a2ab998a521cd,ok,a79a085a2ab998a521cd.npz,EPSG:32647,1.0,1.0,1.0,S2A_T46NHL_20240314T035814_L2A,2024-03-14T04:07:01.470000Z,96.55419666666668,5.097370000000001,,,,
Iraq_4954,Iraq,1e35efc85bbb74e62a61,ok,1e35efc85bbb74e62a61.npz,EPSG:32638,1.0,1.0,1.0,S2A_T38SNA_20230319T074156_L2A,2023-03-19T07:50:55.618000Z,45.7196,31.8254,,,,
Libya_741,Libya,3ecfaf9a18281279a13c,ok,3ecfaf9a18281279a13c.npz,EPSG:32634,0.999375,1.0,1.0,S2A_T34RET_20231121T091328_L2A,2023-11-21T09:22:19.636000Z,21.54793367346939,29.25613632653061,,,,
Nigeria_237877,Nigeria,d87b169d1f4e586d3ab3,ok,d87b169d1f4e586d3ab3.npz,EPSG:32632,0.9999,1.0,1.0,S2B_T32NPP_20241106T094155_L2A,2024-11-06T09:48:35.628000Z,10.29772,7.2538,,,,
Algeria_8592,Algeria,b1e4fdde08b82960eb55,ok,b1e4fdde08b82960eb55.npz,EPSG:32632,0.9915,0.8732,1.0,S2A_T31SGA_20230824T102802_L2A,2023-08-24T10:30:57.169000Z,6.089666666666666,36.770626666666665,,,,
Angola_923440,Angola,c0004153102c87c21e0d,ok,c0004153102c87c21e0d.npz,EPSG:32733,1.0,1.0,1.0,S2A_T33LXK_20240503T091022_L2A,2024-05-03T09:13:17.693000Z,16.530395,-9.17473,,,,
Indonesia_122872,Indonesia,24bd58188c04e7680bff,failed,24bd58188c04e7680bff.npz,,,,,,,117.273065,0.52315,,,,"RuntimeError: No acceptable scene: [{""item"": ""S2A_T50NNF_20240216T023658_L2A"", ""reason"": ""cloud/coverage"", ""clear_fraction"": 0.8692}, {""item"": ""S2B_T50NNF_20240221T023540_L2A"", ""reason"": ""cloud/coverage"", ""clear_fraction"": 0.7391}, {""item"": ""S2B_T50NNF_20240720T023439_L2A"", ""reason"": ""cloud/coverage"", ""clear_fraction"": 0.2265}, {""item"": ""S2A_T50NNF_20240416T023519_L2A"", ""reason"": ""cloud/coverage"", ""clear_fraction"": 0.7251}, {""item"": ""S2B_T50NNF_20240411T023436_L2A"", ""reason"": ""cloud/coverage"", ""clear_fraction"": 0.5556}, {""item"": ""S2B_T50NNF_20241028T022831_L2A"", ""reason"": ""cloud/coverage"", ""clear_fraction"": 0.735}, {""item"": ""S2A_T50NNF_20231029T023012_L2A"", ""reason"": ""cloud/coverage"", ""clear_fraction"": 0.5868}, {""item"": ""S2A_T50NNF_20231009T022803_L2A"", ""reason"": ""cloud/coverage"", ""clear_fraction"": 0.3796}]"
Iraq_34382,Iraq,af630a8cff9becd6f617,ok,af630a8cff9becd6f617.npz,EPSG:32638,1.0,1.0,1.0,S2B_T38SME_20240828T075111_L2A,2024-08-28T08:00:00.953000Z,44.486165,36.014615,,,,
Libya_783,Libya,5c22d60fe855c9deef32,pending,,,,,,,,,,,,,
Nigeria_211310,Nigeria,dbe8365070706a873246,pending,,,,,,,,,,,,,
Algeria_12997,Algeria,1474410ee94d7b38a7e4,ok,1474410ee94d7b38a7e4.npz,EPSG:32631,0.967375,0.9568,1.0,S2A_T31SFA_20231006T103243_L2A,2023-10-06T10:40:50.789000Z,,,/kaggle/input/notebooks/aaryanadutta/sih-nb6-img/nb6_context_v1,0.010237867943942547,0.31104743480682373,
Angola_327952,Angola,61328bbefa5d3bafa43f,pending,,,,,,,,,,,,,
Indonesia_31,Indonesia,008e9c406330b22a1bce,pending,,,,,,,,,,,,,
Iraq_16707,Iraq,e89e0e1966c50ec8f222,pending,,,,,,,,,,,,,
Libya_2851,Libya,8630793eb0344aaacf28,ok,8630793eb0344aaacf28.npz,EPSG:32632,1.0,1.0,1.0,S2B_T32RQV_20230810T095821_L2A,2023-08-10T10:02:16.294000Z,,,/kaggle/input/notebooks/aaryanadutta/sih-nb6-img/nb6_context_v1,0.16313721239566803,0.7361947298049927,
Nigeria_410648,Nigeria,6a6bc71e0901391b7a32,pending,,,,,,,,,,,,,
Algeria_3346,Algeria,5869439e3a735a4342b1,pending,,,,,,,,,,,,,
Angola_394246,Angola,431bdc1c4dab3c9f4bca,pending,,,,,,,,,,,,,
Indonesia_124542,Indonesia,e13d3a599b1569bc5b81,pending,,,,,,,,,,,,,
Iraq_5551,Iraq,5ac933c3b332c332a403,pending,,,,,,,,,,,,,
Libya_1222,Libya,81915b0a7ffd3df84241,ok,81915b0a7ffd3df84241.npz,EPSG:32633,1.0,1.0,1.0,S2A_T33RVK_20230802T095154_L2A,2023-08-02T09:53:22.255000Z,,,/kaggle/input/notebooks/aaryanadutta/sih-nb6-img/nb6_context_v1,0.04989941045641899,0.6191607713699341,
Nigeria_468340,Nigeria,f31fc31cce99609cf7d3,ok,f31fc31cce99609cf7d3.npz,EPSG:32631,0.993675,0.9952,1.0,S2A_T31NGF_20221228T100646_L2A,2022-12-28T10:09:32.140000Z,,,/kaggle/input/notebooks/aaryanadutta/sih-nb6-img/nb6_context_v1,-0.00445289071649313,0.30408477783203125,
Algeria_11448,Algeria,37b8e58dd0f7d1aabf9b,pending,,,,,,,,,,,,,
Angola_304077,Angola,503b2e242cef95c22541,pending,,,,,,,,,,,,,
Indonesia_52236,Indonesia,534a8867a47e82a11791,pending,,,,,,,,,,,,,
Iraq_20360,Iraq,f25ccff5d3ca939ce6e6,pending,,,,,,,,,,,,,
Libya_1306,Libya,905d284354c5e8140117,pending,,,,,,,,,,,,,
Nigeria_234275,Nigeria,16c90c27fd83ccbbf6ef,pending,,,,,,,,,,,,,
Algeria_10367,Algeria,c78d77afad599e193bfa,pending,,,,,,,,,,,,,
Angola_203314,Angola,cf4bd77d247fec410f2c,pending,,,,,,,,,,,,,
Indonesia_41182,Indonesia,0efce5da75884212d7a8,pending,,,,,,,,,,,,,
Iraq_26536,Iraq,d35dbd2b2843ea9b5857,pending,,,,,,,,,,,,,
Libya_1524,Libya,dbb6afedc5628f00d4b8,ok,dbb6afedc5628f00d4b8.npz,EPSG:32634,0.999975,0.9996,1.0,S2A_T34RBS_20240919T092850_L2A,2024-09-19T09:32:44.865000Z,,,/kaggle/input/notebooks/aaryanadutta/sih-nb6-img/nb6_context_v1,0.19555142521858215,0.7281386852264404,
Nigeria_163147,Nigeria,47ca8344097eedf790ca,pending,,,,,,,,,,,,,
Algeria_11754,Algeria,6f02bc37ba01aa761393,pending,,,,,,,,,,,,,
Angola_704440,Angola,786c668b008854a65e80,pending,,,,,,,,,,,,,
Indonesia_107991,Indonesia,fa76afd852756193e58a,pending,,,,,,,,,,,,,
Iraq_13566,Iraq,014f79cbadfb0ee0812c,pending,,,,,,,,,,,,,
Libya_3074,Libya,676b50357d644fb65d6f,pending,,,,,,,,,,,,,
Nigeria_159358,Nigeria,4f4984a8268d6a2a05c8,ok,4f4984a8268d6a2a05c8.npz,EPSG:32631,1.0,1.0,1.0,S2B_T31PFP_20241105T100527_L2A,2024-11-05T10:17:31.077000Z,,,/kaggle/input/notebooks/aaryanadutta/sih-nb6-img/nb6_context_v1,0.03821050375699997,0.3161354064941406,
Algeria_2905,Algeria,b3d4ef13b313ca030fbe,pending,,,,,,,,,,,,,
Angola_335428,Angola,d55f8f7b22c7399c8a6c,pending,,,,,,,,,,,,,
Indonesia_45409,Indonesia,9c3a2ed3e493a1ae44bd,pending,,,,,,,,,,,,,
Iraq_27569,Iraq,429782d032d41788ea6a,pending,,,,,,,,,,,,,
Libya_2204,Libya,09c6b135e9dffe4b4fa4,pending,,,,,,,,,,,,,
Nigeria_188945,Nigeria,f56bbc9a05633149d996,ok,f56bbc9a05633149d996.npz,EPSG:32632,1.0,1.0,1.0,S2A_T32PNQ_20241104T095622_L2A,2024-11-04T09:58:22.963000Z,,,/kaggle/input/notebooks/aaryanadutta/sih-nb6-img/nb6_context_v1,0.02393626794219017,0.3442334532737732,
Algeria_9416,Algeria,6a94b261b3d32b9b760e,pending,,,,,,,,,,,,,
Angola_843565,Angola,1af0c1dab75147797d71,pending,,,,,,,,,,,,,
Indonesia_68385,Indonesia,c40cbb2dae7983eb9fd3,pending,,,,,,,,,,,,,
Iraq_3582,Iraq,5738865324f41d510ce5,pending,,,,,,,,,,,,,
Libya_2413,Libya,922798dcf423b44229ac,pending,,,,,,,,,,,,,
Nigeria_431389,Nigeria,1c3408f0a665f8c2c03e,pending,,,,,,,,,,,,,
Algeria_8916,Algeria,31c5b4accf40c5de88ff,pending,,,,,,,,,,,,,
Angola_347763,Angola,33be09b41f1d1499ae0a,pending,,,,,,,,,,,,,
Indonesia_28997,Indonesia,733c647ceb7c0a448d44,ok,733c647ceb7c0a448d44.npz,EPSG:32750,1.0,1.0,1.0,S2B_T50MKC_20230927T023803_L2A,2023-09-27T02:48:32.799000Z,,,/kaggle/input/notebooks/aaryanadutta/sih-nb6-img/nb6_context_v1,0.08603031933307648,0.3373059928417206,
Iraq_1748,Iraq,51ced3cb7487073e77c1,pending,,,,,,,,,,,,,
Libya_1825,Libya,4a626d03988bfae7a6f4,pending,,,,,,,,,,,,,
Nigeria_419624,Nigeria,865f14ff8b2d4a907d8a,pending,,,,,,,,,,,,,
Algeria_12645,Algeria,533ed3f4edf856b296d6,pending,,,,,,,,,,,,,
Angola_40412,Angola,1d211a516e7578f439ce,pending,,,,,,,,,,,,,
Indonesia_119008,Indonesia,a3c6b13a539f4f6f8f5b,pending,,,,,,,,,,,,,
Iraq_27509,Iraq,95ec0c86ddae65371206,pending,,,,,,,,,,,,,
Libya_3299,Libya,6eed0a32725007cc40bf,ok,6eed0a32725007cc40bf.npz,EPSG:32634,0.9984,1.0,1.0,S2B_T34SDB_20241004T092322_L2A,2024-10-04T09:31:25.592000Z,,,/kaggle/input/notebooks/aaryanadutta/sih-nb6-img/nb6_context_v1,0.03492715209722519,0.3436174690723419,
Nigeria_171296,Nigeria,163f8a86970d47f884ac,pending,,,,,,,,,,,,,
Algeria_5963,Algeria,0220722551ce3cf1ffb4,pending,,,,,,,,,,,,,
Angola_427650,Angola,aa69951cbad251e886eb,pending,,,,,,,,,,,,,
Indonesia_5037,Indonesia,0329218fbe01153e1feb,pending,,,,,,,,,,,,,
Iraq_33590,Iraq,2431e1daf272e7d8d294,pending,,,,,,,,,,,,,
Libya_2022,Libya,3af600c965ba05a1833c,pending,,,,,,,,,,,,,
Nigeria_317323,Nigeria,0a52cc315ffc568e6047,pending,,,,,,,,,,,,,
Algeria_5422,Algeria,b1893ff24f353a9b6562,pending,,,,,,,,,,,,,
Angola_476963,Angola,6bda03937fd0f0c3d4b5,pending,,,,,,,,,,,,,
Indonesia_159160,Indonesia,da8941172bfd8e49c551,pending,,,,,,,,,,,,,
Iraq_29886,Iraq,9b48f0013b69da1a22a3,pending,,,,,,,,,,,,,
Libya_1809,Libya,e71a845468601d026e1f,pending,,,,,,,,,,,,,
Nigeria_9020,Nigeria,c86b66bff1c0d247db38,pending,,,,,,,,,,,,,
Algeria_4110,Algeria,49ff275111f46d94a46d,pending,,,,,,,,,,,,,
Angola_646089,Angola,9e420cc26b047cca51a6,pending,,,,,,,,,,,,,
Indonesia_12431,Indonesia,7efb9e63ea9aa90bd912,pending,,,,,,,,,,,,,
Iraq_7338,Iraq,3a78f5dabfadeb3d6717,pending,,,,,,,,,,,,,
Libya_290,Libya,dd58d0bbf23b2b138990,pending,,,,,,,,,,,,,
Nigeria_270686,Nigeria,300b523a61545c5d159a,pending,,,,,,,,,,,,,
Algeria_6477,Algeria,485a80ce5d07c36b39f8,pending,,,,,,,,,,,,,
Angola_515766,Angola,264666e958f7ea8e14d7,ok,264666e958f7ea8e14d7.npz,EPSG:32733,0.9998,1.0,1.0,S2B_T33MTN_20240802T092157_L2A,2024-08-02T09:32:35.529000Z,,,/kaggle/input/notebooks/aaryanadutta/sih-nb6-img/nb6_context_v1,0.02313029207289219,0.3212434649467468,
Indonesia_158694,Indonesia,6b3aaff09346cbf28e0a,pending,,,,,,,,,,,,,
Iraq_22367,Iraq,6651cd65d6c71e5a3266,pending,,,,,,,,,,,,,
Libya_2918,Libya,f7173d7d007c3e2f3f16,pending,,,,,,,,,,,,,
Nigeria_250240,Nigeria,98fd6364d3e3940826d2,pending,,,,,,,,,,,,,
Algeria_8558,Algeria,b6a9f7ed7a3c5f30b144,pending,,,,,,,,,,,,,
Angola_938524,Angola,86d036a2bf166298c0ae,ok,86d036a2bf166298c0ae.npz,EPSG:32734,1.0,1.0,1.0,S2A_T34KCG_20240606T084510_L2A,2024-06-06T08:55:14.478000Z,,,/kaggle/input/notebooks/aaryanadutta/sih-nb6-img/nb6_context_v1,0.033472925424575806,0.3154180347919464,
Indonesia_65259,Indonesia,12e492d19ef8da370261,pending,,,,,,,,,,,,,
Iraq_11494,Iraq,04eeaa4eda058d134761,pending,,,,,,,,,,,,,
Libya_532,Libya,724e331192938feaa87a,pending,,,,,,,,,,,,,
Nigeria_170372,Nigeria,c0317fd1f7a2c02f50b3,pending,,,,,,,,,,,,,
Algeria_12448,Algeria,408fbbe0300770153d47,pending,,,,,,,,,,,,,
Angola_461813,Angola,a61788e66a065d6526ad,pending,,,,,,,,,,,,,
Indonesia_119870,Indonesia,d4e8e1682905ada7de14,pending,,,,,,,,,,,,,
Iraq_20599,Iraq,762213029bd80659d3a3,pending,,,,,,,,,,,,,
Libya_2066,Libya,7d0ac132c4f7bedcf1fa,pending,,,,,,,,,,,,,
Nigeria_336140,Nigeria,06f9633b696a8c0fe0a4,pending,,,,,,,,,,,,,
Algeria_13774,Algeria,c13bc580338856b4f028,pending,,,,,,,,,,,,,
Angola_72040,Angola,52995de1f64c9f4a10ff,pending,,,,,,,,,,,,,
Indonesia_87147,Indonesia,ece536d08a0b154b280c,pending,,,,,,,,,,,,,
Iraq_19277,Iraq,109823e32a903515b3a3,pending,,,,,,,,,,,,,
Libya_1244,Libya,62a5248f8d63e2c3e52f,pending,,,,,,,,,,,,,
Nigeria_431194,Nigeria,34692f4f2b546ad557ce,ok,34692f4f2b546ad557ce.npz,EPSG:32631,0.9217,0.932,1.0,S2A_T31NGG_20231213T100429_L2A,2023-12-13T10:09:14.611000Z,,,/kaggle/input/notebooks/aaryanadutta/sih-nb6-img/nb6_context_v1,0.002376468386501074,0.3664178252220154,
Algeria_8454,Algeria,139bcb23f20622dcf6ba,pending,,,,,,,,,,,,,
Angola_178585,Angola,1817f6534a3e35570de4,pending,,,,,,,,,,,,,
Indonesia_165728,Indonesia,2aa00733149c90372955,ok,2aa00733149c90372955.npz,EPSG:32749,0.9989,0.9992,1.0,S2A_T49MFN_20230727T025835_L2A,2023-07-27T02:59:50.888000Z,,,/kaggle/input/notebooks/aaryanadutta/sih-nb6-img/nb6_context_v1,0.009567877277731895,0.3407610058784485,
Iraq_29201,Iraq,ec20858a1a5c090d7fd0,pending,,,,,,,,,,,,,
Libya_2200,Libya,88983b9771b6bd5db1ed,pending,,,,,,,,,,,,,
Nigeria_41576,Nigeria,68777dd2ba1cac78f921,pending,,,,,,,,,,,,,
Algeria_348,Algeria,b15a25bca0f35cc37013,ok,b15a25bca0f35cc37013.npz,EPSG:32632,1.0,1.0,1.0,S2B_T32RMV_20240827T100838_L2A,2024-08-27T10:12:18.163000Z,,,/kaggle/input/notebooks/aaryanadutta/sih-nb6-img/nb6_context_v1,0.14148764312267303,0.7427918910980225,
Angola_495448,Angola,78b134445530fafca845,pending,,,,,,,,,,,,,
Indonesia_179405,Indonesia,e5d9301ed22472637963,pending,,,,,,,,,,,,,
Iraq_2208,Iraq,d287423d99ec4f95bb76,pending,,,,,,,,,,,,,
Libya_1895,Libya,5ca1b4dc62a6231e4edf,pending,,,,,,,,,,,,,
Nigeria_432548,Nigeria,cc1e8dbd5a70a5ffc9ec,ok,cc1e8dbd5a70a5ffc9ec.npz,EPSG:32631,0.9973,1.0,1.0,S2B_T31NEJ_20231221T101203_L2A,2023-12-21T10:18:52.426000Z,,,/kaggle/input/notebooks/aaryanadutta/sih-nb6-img/nb6_context_v1,0.05578061193227768,0.31531989574432373,
Algeria_7113,Algeria,a781a2592e3353822223,pending,,,,,,,,,,,,,
Angola_896890,Angola,3915d944586b21d1c7f7,pending,,,,,,,,,,,,,
Indonesia_125839,Indonesia,c61bcdcd2f037cdd11db,pending,,,,,,,,,,,,,
Iraq_32073,Iraq,83bb70e17e6e345e8295,pending,,,,,,,,,,,,,
Libya_2709,Libya,330d137ba28452514aa9,pending,,,,,,,,,,,,,
Nigeria_284995,Nigeria,5b159220ee5bdd899df7,pending,,,,,,,,,,,,,
Algeria_12627,Algeria,00fcdf2aeb76b0aee7e9,pending,,,,,,,,,,,,,
Angola_351468,Angola,ab3deda87567b1b45973,pending,,,,,,,,,,,,,
Indonesia_58698,Indonesia,1d7b0e11252bd70c94a9,pending,,,,,,,,,,,,,
Iraq_33796,Iraq,9fc1d2282d1002b5c542,pending,,,,,,,,,,,,,
Libya_1945,Libya,2a200f9441389448a776,pending,,,,,,,,,,,,,
Nigeria_409374,Nigeria,cb1816aa7ab405b30bd9,pending,,,,,,,,,,,,,
Algeria_8372,Algeria,3827236cf456021cb719,pending,,,,,,,,,,,,,
Angola_887950,Angola,e3cb5ec7d70614f0fd87,ok,e3cb5ec7d70614f0fd87.npz,EPSG:32733,0.999425,1.0,1.0,S2B_T32MRU_20240815T093853_L2A,2024-08-15T09:42:20.832000Z,,,/kaggle/input/notebooks/aaryanadutta/sih-nb6-img/nb6_context_v1,-0.04853811487555504,0.3712635338306427,
Indonesia_58888,Indonesia,b365a110009dba72fa69,pending,,,,,,,,,,,,,
Iraq_7482,Iraq,ea1a74b3d6de9c7e420e,pending,,,,,,,,,,,,,
Libya_2811,Libya,8a5a75856ba37f633d5e,pending,,,,,,,,,,,,,
Nigeria_163317,Nigeria,b9d85ed792295da5ec70,ok,b9d85ed792295da5ec70.npz,EPSG:32632,0.9993,1.0,1.0,S2A_T31NHG_20221228T100646_L2A,2022-12-28T10:09:14.721000Z,,,/kaggle/input/notebooks/aaryanadutta/sih-nb6-img/nb6_context_v1,0.039615448564291,0.2946082353591919,
Algeria_4940,Algeria,d8d0a7c59951aa1ea262,pending,,,,,,,,,,,,,
Angola_731299,Angola,619d7f3e51cf7f14eb35,pending,,,,,,,,,,,,,
Indonesia_147529,Indonesia,19abae63cb684a4544c4,pending,,,,,,,,,,,,,
Iraq_2237,Iraq,8e6d36a7502a9f368a9c,pending,,,,,,,,,,,,,
Libya_3287,Libya,5fb686d6e7b6ba68a8a5,pending,,,,,,,,,,,,,
Nigeria_108843,Nigeria,4cc4a5da6ab06772edcd,pending,,,,,,,,,,,,,
Algeria_10845,Algeria,14866ebd0f983bcdba92,pending,,,,,,,,,,,,,
Angola_3171,Angola,88edc73b1cb3f7c1bd4d,ok,88edc73b1cb3f7c1bd4d.npz,EPSG:32733,0.845975,0.8336,1.0,S2A_T33MWN_20230711T091156_L2A,2023-07-11T09:22:35.447000Z,,,/kaggle/input/notebooks/aaryanadutta/sih-nb6-img/nb6_context_v1,0.02548866532742977,0.253467857837677,
Indonesia_104042,Indonesia,b5adb1e2f96e93b03823,pending,,,,,,,,,,,,,
Iraq_26348,Iraq,4ee1c1065860074aa473,pending,,,,,,,,,,,,,
Libya_3055,Libya,dc2da202998de16e1fc9,ok,dc2da202998de16e1fc9.npz,EPSG:32633,1.0,1.0,1.0,S2B_T33SUS_20230618T095114_L2A,2023-06-18T09:51:43.742000Z,,,/kaggle/input/notebooks/aaryanadutta/sih-nb6-img/nb6_context_v1,0.09069831669330597,0.6102160811424255,
Nigeria_43770,Nigeria,5465144f2bacf323080d,pending,,,,,,,,,,,,,
Algeria_5491,Algeria,9847973d175123d54fad,pending,,,,,,,,,,,,,
Angola_619866,Angola,9aacb855fd2188347480,ok,9aacb855fd2188347480.npz,EPSG:32733,0.9787,1.0,1.0,S2B_T32MRV_20240207T093122_L2A,2024-02-07T09:42:02.155000Z,,,/kaggle/input/notebooks/aaryanadutta/sih-nb6-img/nb6_context_v1,0.011034791357815266,0.3749999701976776,
Indonesia_59042,Indonesia,bba993fd9332836e2ea6,ok,bba993fd9332836e2ea6.npz,EPSG:32749,0.9999,0.9984,1.0,S2A_T48MZU_20230928T025856_L2A,2023-09-28T03:09:43.954000Z,,,/kaggle/input/notebooks/aaryanadutta/sih-nb6-img/nb6_context_v1,0.007509011775255203,0.056296590715646744,
Iraq_3688,Iraq,d4c4869ad08d4a615188,pending,,,,,,,,,,,,,
Libya_1823,Libya,f2e95ca8d35fae1f2685,pending,,,,,,,,,,,,,
Nigeria_354508,Nigeria,c9ba76863791ba23d1cf,ok,c9ba76863791ba23d1cf.npz,EPSG:32631,1.0,1.0,1.0,S2B_T31PEK_20241205T101642_L2A,2024-12-05T10:18:36.881000Z,,,/kaggle/input/notebooks/aaryanadutta/sih-nb6-img/nb6_context_v1,0.05789977312088013,0.37426823377609253,
Algeria_11088,Algeria,4c85a851fea01cea5467,pending,,,,,,,,,,,,,
Angola_1774,Angola,4844a31c89a96c2f9d05,pending,,,,,,,,,,,,,
Indonesia_148572,Indonesia,00abf063700823eb9ab1,pending,,,,,,,,,,,,,
Iraq_34356,Iraq,28f0302168d02baebe14,pending,,,,,,,,,,,,,
Libya_819,Libya,b7fc053bacf826bc4464,pending,,,,,,,,,,,,,
Nigeria_183590,Nigeria,6cefb18cb00e3d730cf3,pending,,,,,,,,,,,,,
Algeria_5717,Algeria,e76d42e903722c55569c,pending,,,,,,,,,,,,,
Angola_752906,Angola,53c336e30f6410ace668,pending,,,,,,,,,,,,,
Indonesia_123133,Indonesia,6ca475ac09b49234892f,pending,,,,,,,,,,,,,
Iraq_3621,Iraq,e8d2a43b4ec92a5972da,pending,,,,,,,,,,,,,
Libya_2913,Libya,9ec585d2b6be63d4f0bb,pending,,,,,,,,,,,,,
Nigeria_273108,Nigeria,0cad4a1c040ba5da249c,pending,,,,,,,,,,,,,
Algeria_2927,Algeria,b32d4e5790ccfad64ae1,ok,b32d4e5790ccfad64ae1.npz,EPSG:32631,1.0,1.0,1.0,S2A_T31SCA_20240715T104131_L2A,2024-07-15T10:50:59.038000Z,,,/kaggle/input/notebooks/aaryanadutta/sih-nb6-img/nb6_context_v1,0.04092537611722946,0.34478268027305603,
Angola_602935,Angola,53c03ebf4ce34d42e0dc,pending,,,,,,,,,,,,,
Indonesia_170122,Indonesia,0547d8b8ef78521fafc6,pending,,,,,,,,,,,,,
Iraq_21885,Iraq,0d898d4e8973402d2b98,ok,0d898d4e8973402d2b98.npz,EPSG:32638,1.0,1.0,1.0,S2A_T38RPV_20241225T073325_L2A,2024-12-25T07:41:13.512000Z,,,/kaggle/input/notebooks/aaryanadutta/sih-nb6-img/nb6_context_v1,0.04536809027194977,0.329142302274704,
Libya_448,Libya,bf374616c73b3635b214,ok,bf374616c73b3635b214.npz,EPSG:32634,1.0,1.0,1.0,S2B_T34RCT_20231030T093101_L2A,2023-10-30T09:32:28.133000Z,,,/kaggle/input/notebooks/aaryanadutta/sih-nb6-img/nb6_context_v1,0.23319871723651886,0.7644428014755249,
Nigeria_10753,Nigeria,3dd03d6fcffda7d66a00,ok,3dd03d6fcffda7d66a00.npz,EPSG:32632,0.99195,0.9744,1.0,S2A_T32NKM_20221228T100646_L2A,2022-12-28T10:09:12.289000Z,,,/kaggle/input/notebooks/aaryanadutta/sih-nb6-img/nb6_context_v1,0.033543746918439865,0.2927154302597046,
Algeria_4624,Algeria,89ba22581761c8434298,pending,,,,,,,,,,,,,
Angola_663225,Angola,d276640a8e4eb8840295,pending,,,,,,,,,,,,,
Indonesia_157979,Indonesia,7b68246f04d7b5e1aa19,pending,,,,,,,,,,,,,
Iraq_20233,Iraq,9cfa8433cd7346dfa712,pending,,,,,,,,,,,,,
Libya_2849,Libya,7622e9b670ddff8b7957,pending,,,,,,,,,,,,,
Nigeria_4780,Nigeria,5cad8f9332c5354b6916,pending,,,,,,,,,,,,,
Algeria_13280,Algeria,f40ecc4ac610cfc42eff,ok,f40ecc4ac610cfc42eff.npz,EPSG:32632,1.0,1.0,1.0,S2B_T32SKE_20231117T102936_L2A,2023-11-17T10:31:02.561000Z,,,/kaggle/input/notebooks/aaryanadutta/sih-nb6-img/nb6_context_v1,0.057844020426273346,0.47615766525268555,
Angola_836717,Angola,07ea8bf4847f63dd76e5,pending,,,,,,,,,,,,,
Indonesia_143058,Indonesia,e74894827a9dadc7a8e2,ok,e74894827a9dadc7a8e2.npz,EPSG:32754,0.9978,1.0,1.0,S2A_T53MRM_20230902T010731_L2A,2023-09-02T01:09:26.228000Z,,,/kaggle/input/notebooks/aaryanadutta/sih-nb6-img/nb6_context_v1,0.0048389858566224575,0.37691783905029297,
Iraq_21811,Iraq,da50125bb482c5d89ec8,pending,,,,,,,,,,,,,
Libya_680,Libya,a15d3415addf8bb0a1bf,pending,,,,,,,,,,,,,
Nigeria_120415,Nigeria,d591ed5d6756e7e1c120,ok,d591ed5d6756e7e1c120.npz,EPSG:32631,0.996375,0.948,1.0,S2B_T31NGF_20231228T100254_L2A,2023-12-28T10:09:34.840000Z,,,/kaggle/input/notebooks/aaryanadutta/sih-nb6-img/nb6_context_v1,0.0031017677392810583,0.27207303047180176,
Algeria_4509,Algeria,315dc8951952717f2967,ok,315dc8951952717f2967.npz,EPSG:32631,0.947825,1.0,1.0,S2B_T31SGA_20230822T103048_L2A,2023-08-22T10:40:48.533000Z,,,/kaggle/input/notebooks/aaryanadutta/sih-nb6-img/nb6_context_v1,0.01978391222655773,0.36194077134132385,
Angola_318240,Angola,a44e326395e7476f447f,pending,,,,,,,,,,,,,
Indonesia_147812,Indonesia,a9744863587d26a57eb1,pending,,,,,,,,,,,,,
Iraq_1383,Iraq,7bf090c161d441fa33ca,pending,,,,,,,,,,,,,
Libya_920,Libya,8f857620aff77d89d1e4,pending,,,,,,,,,,,,,
Nigeria_85063,Nigeria,84f470600eb0a1b143e9,pending,,,,,,,,,,,,,
Algeria_5269,Algeria,d64d5780784d41b482f7,ok,d64d5780784d41b482f7.npz,EPSG:32632,1.0,1.0,1.0,S2A_T32RNR_20230619T101308_L2A,2023-06-19T10:13:17.505000Z,,,/kaggle/input/notebooks/aaryanadutta/sih-nb6-img/nb6_context_v1,0.10612572729587555,0.7048096060752869,
Angola_780240,Angola,5fb26e7241776bbe040e,pending,,,,,,,,,,,,,
Indonesia_81805,Indonesia,749465aa80db894c95d1,ok,749465aa80db894c95d1.npz,EPSG:32748,1.0,1.0,1.0,S2A_T48MUB_20230927T033258_L2A,2023-09-27T03:39:01.959000Z,,,/kaggle/input/notebooks/aaryanadutta/sih-nb6-img/nb6_context_v1,0.029227575287222862,0.3346607983112335,
Iraq_5306,Iraq,822f917bee6b225468f6,pending,,,,,,,,,,,,,
Libya_798,Libya,efd7f2e3b72350c8d01c,pending,,,,,,,,,,,,,
Nigeria_34140,Nigeria,a7ef10c6a30e6bcf0731,pending,,,,,,,,,,,,,
Algeria_284,Algeria,173cf1e858c4199f3e38,ok,173cf1e858c4199f3e38.npz,EPSG:32632,0.9982,0.9868,1.0,S2B_T32RKT_20240810T101748_L2A,2024-08-10T10:22:52.807000Z,,,/kaggle/input/notebooks/aaryanadutta/sih-nb6-img/nb6_context_v1,0.1405695080757141,0.7199689149856567,
Angola_75674,Angola,0710ab794e3ff6c88c2f,pending,,,,,,,,,,,,,
Indonesia_24396,Indonesia,0ffd7d7ec8713cf5efa2,pending,,,,,,,,,,,,,
Iraq_20892,Iraq,03ce3407ca836979d3ea,pending,,,,,,,,,,,,,
Libya_2065,Libya,7c14e39feb0b0a5e0352,pending,,,,,,,,,,,,,
Nigeria_254401,Nigeria,ba54beea55127060e7c6,pending,,,,,,,,,,,,,
Algeria_68,Algeria,79e7a7fa65c2acd4dd94,pending,,,,,,,,,,,,,
Angola_251,Angola,bdb86214c896ec143419,ok,bdb86214c896ec143419.npz,EPSG:32733,1.0,1.0,1.0,S2B_T33MTP_20240802T092157_L2A,2024-08-02T09:32:21.101000Z,,,/kaggle/input/notebooks/aaryanadutta/sih-nb6-img/nb6_context_v1,0.013814372010529041,0.3710440695285797,
Indonesia_61874,Indonesia,615d960e6dfe33738a49,pending,,,,,,,,,,,,,
Iraq_397,Iraq,c0ffb5131e7b8949542d,ok,c0ffb5131e7b8949542d.npz,EPSG:32638,1.0,1.0,1.0,S2B_T38SKG_20240811T080043_L2A,2024-08-11T08:09:38.399000Z,,,/kaggle/input/notebooks/aaryanadutta/sih-nb6-img/nb6_context_v1,0.09069812297821045,0.4297187328338623,
Libya_198,Libya,f9812399f23492a10e58,pending,,,,,,,,,,,,,
Nigeria_378328,Nigeria,939a56aa5af722bbf5ff,ok,939a56aa5af722bbf5ff.npz,EPSG:32633,1.0,1.0,1.0,S2B_T33PUR_20240430T094131_L2A,2024-04-30T09:46:47.860000Z,,,/kaggle/input/notebooks/aaryanadutta/sih-nb6-img/nb6_context_v1,0.2153431475162506,0.7657067775726318,
Algeria_5095,Algeria,bc65d1274fa38820d5a9,pending,,,,,,,,,,,,,
Angola_32648,Angola,980fa28654d72a72059d,pending,,,,,,,,,,,,,
Indonesia_134859,Indonesia,d59a065f462e34ca7ba0,pending,,,,,,,,,,,,,
Iraq_993,Iraq,f0fca337a24b2f921e43,pending,,,,,,,,,,,,,
Libya_2916,Libya,ae33cb5ecb33903c009e,pending,,,,,,,,,,,,,
Nigeria_190541,Nigeria,8c901ed4281e958b1b68,pending,,,,,,,,,,,,,
Algeria_14246,Algeria,8491451366212b69e59c,pending,,,,,,,,,,,,,
Angola_465411,Angola,21e76ba674a04475f4ff,pending,,,,,,,,,,,,,
Indonesia_110993,Indonesia,cbc53103cae2ef6b3edf,pending,,,,,,,,,,,,,
Iraq_460,Iraq,d364b24982b30e981092,pending,,,,,,,,,,,,,
Libya_1563,Libya,d43f29050cb13538ab37,ok,d43f29050cb13538ab37.npz,EPSG:32634,1.0,1.0,1.0,S2A_T34RDV_20230915T093154_L2A,2023-09-15T09:32:01.787000Z,,,/kaggle/input/notebooks/aaryanadutta/sih-nb6-img/nb6_context_v1,0.1972072422504425,0.6657326221466064,
Nigeria_262015,Nigeria,f33242ab5b5b9a143d90,pending,,,,,,,,,,,,,
Algeria_5407,Algeria,655793c8659f21798a93,pending,,,,,,,,,,,,,
Angola_622437,Angola,807fd0bbe278011f620c,pending,,,,,,,,,,,,,
Indonesia_46308,Indonesia,20c94bea09ba3a2bbf47,pending,,,,,,,,,,,,,
Iraq_35468,Iraq,a41ebc69a437f21150d0,pending,,,,,,,,,,,,,
Libya_986,Libya,ab667956312ab02f114f,pending,,,,,,,,,,,,,
Nigeria_332635,Nigeria,d87bb8a06440d5af998f,pending,,,,,,,,,,,,,
Algeria_14177,Algeria,ec34b3f0af799d0c7637,pending,,,,,,,,,,,,,
Angola_723031,Angola,9da036eae1f24168ef93,pending,,,,,,,,,,,,,
Indonesia_129,Indonesia,2263f94373183ad11574,pending,,,,,,,,,,,,,
Iraq_143,Iraq,af4686ef95cf64544fef,pending,,,,,,,,,,,,,
Libya_2351,Libya,4b372bc78af054ae2af5,ok,4b372bc78af054ae2af5.npz,EPSG:32634,1.0,1.0,1.0,S2B_T34SDA_20230722T091941_L2A,2023-07-22T09:31:45.017000Z,,,/kaggle/input/notebooks/aaryanadutta/sih-nb6-img/nb6_context_v1,0.06268233060836792,0.5271126627922058,
Nigeria_2927,Nigeria,7604453bb208d54e0206,pending,,,,,,,,,,,,,
Algeria_11748,Algeria,c68b40d9b3209168e323,pending,,,,,,,,,,,,,
Angola_682162,Angola,94eca77cf2a7c25c7461,pending,,,,,,,,,,,,,
Indonesia_432,Indonesia,33b7d496b13323af244b,pending,,,,,,,,,,,,,
Iraq_35473,Iraq,6d57fcbf373fc8fd747a,ok,6d57fcbf373fc8fd747a.npz,EPSG:32638,1.0,1.0,1.0,S2B_T38SME_20240828T075111_L2A,2024-08-28T08:00:00.953000Z,,,/kaggle/input/notebooks/aaryanadutta/sih-nb6-img/nb6_context_v1,0.11400156468153,0.4606024920940399,
Libya_791,Libya,875e4c9cdf7178abf87d,pending,,,,,,,,,,,,,
Nigeria_4850,Nigeria,35ecfa3cd33262614595,pending,,,,,,,,,,,,,
Algeria_13714,Algeria,55b940100469560082df,pending,,,,,,,,,,,,,
Angola_496757,Angola,3d7d7a6246bad0d95e76,pending,,,,,,,,,,,,,
Indonesia_115530,Indonesia,b24ed98b96adc641ec66,pending,,,,,,,,,,,,,
Iraq_28437,Iraq,38f5d8afa57c81669ee1,pending,,,,,,,,,,,,,
Libya_715,Libya,b6f034f84ae1f0ad8366,pending,,,,,,,,,,,,,
Nigeria_312811,Nigeria,e4514f58806866f9f5a9,pending,,,,,,,,,,,,,
Algeria_3109,Algeria,f21717406c3df2902b57,pending,,,,,,,,,,,,,
Angola_383591,Angola,741789978154db3010e3,pending,,,,,,,,,,,,,
Indonesia_60319,Indonesia,7d7addd4948c121503d5,pending,,,,,,,,,,,,,
Iraq_33406,Iraq,c19609e492349afc3b80,pending,,,,,,,,,,,,,
Libya_1770,Libya,f44154d21a7d3f0acb77,pending,,,,,,,,,,,,,
Nigeria_68077,Nigeria,3930e18581088049ef68,pending,,,,,,,,,,,,,
Algeria_12460,Algeria,4953104cdf0321138d37,pending,,,,,,,,,,,,,
Angola_949154,Angola,a70d1f6ff8604ebdd88f,ok,a70d1f6ff8604ebdd88f.npz,EPSG:32733,1.0,1.0,1.0,S2B_T33LVE_20230914T091733_L2A,2023-09-14T09:24:32.505000Z,,,/kaggle/input/notebooks/aaryanadutta/sih-nb6-img/nb6_context_v1,0.06580633670091629,0.41071274876594543,
Indonesia_155591,Indonesia,bf94a8d7a56facda1ea1,ok,bf94a8d7a56facda1ea1.npz,EPSG:32647,0.9987,0.9904,1.0,S2A_T47NQB_20220319T033600_L2A,2022-03-19T03:47:54.657000Z,,,/kaggle/input/notebooks/aaryanadutta/sih-nb6-img/nb6_context_v1,0.016779709607362747,0.3936328887939453,
Iraq_31970,Iraq,be01112e779dec68e367,pending,,,,,,,,,,,,,
Libya_638,Libya,d2f145f3c614cdad3034,pending,,,,,,,,,,,,,
Nigeria_170876,Nigeria,0e1f59a6e80534bd719e,pending,,,,,,,,,,,,,
Algeria_10090,Algeria,8f5ca9836e153dbde99b,pending,,,,,,,,,,,,,
Angola_607537,Angola,5254720a8d8060a03358,ok,5254720a8d8060a03358.npz,EPSG:32733,1.0,1.0,1.0,S2B_T33LUK_20240723T092452_L2A,2024-07-23T09:33:18.298000Z,,,/kaggle/input/notebooks/aaryanadutta/sih-nb6-img/nb6_context_v1,0.026378294453024864,0.24735507369041443,
Indonesia_58809,Indonesia,f407391f26707cee2a58,pending,,,,,,,,,,,,,
Iraq_1231,Iraq,3b658d673d1804b9b49d,pending,,,,,,,,,,,,,
Libya_3039,Libya,6c80d54755a9ad69262e,pending,,,,,,,,,,,,,
Nigeria_296628,Nigeria,e2c2711aaeb220e4c757,pending,,,,,,,,,,,,,
Algeria_7538,Algeria,932d01c28e696ca2f675,pending,,,,,,,,,,,,,
Angola_640099,Angola,0ecd89e746c42af24519,pending,,,,,,,,,,,,,
Indonesia_114135,Indonesia,e0bb70c0c0b61f1b43d9,pending,,,,,,,,,,,,,
Iraq_12327,Iraq,8f7425737a6bba3522d2,ok,8f7425737a6bba3522d2.npz,EPSG:32638,1.0,1.0,1.0,S2B_T38SME_20240828T075111_L2A,2024-08-28T08:00:00.953000Z,,,/kaggle/input/notebooks/aaryanadutta/sih-nb6-img/nb6_context_v1,0.11851464211940765,0.47645360231399536,
Libya_394,Libya,dba3c742dbc731caa0d1,pending,,,,,,,,,,,,,
Nigeria_369623,Nigeria,507ce1b90f134c70443e,pending,,,,,,,,,,,,,
Algeria_4710,Algeria,65f46558ccdacedd0688,pending,,,,,,,,,,,,,
Angola_814403,Angola,c62ba6626ad604315fdb,ok,c62ba6626ad604315fdb.npz,EPSG:32734,0.9974,1.0,1.0,S2A_T33LZH_20230916T090156_L2A,2023-09-16T09:13:40.903000Z,,,/kaggle/input/notebooks/aaryanadutta/sih-nb6-img/nb6_context_v1,0.029101334512233734,0.2754831612110138,
Indonesia_52306,Indonesia,082a85c14c4fdf6ce7e0,pending,,,,,,,,,,,,,
Iraq_13539,Iraq,7e9f5ac33fe241d3428b,pending,,,,,,,,,,,,,
Libya_1046,Libya,ed57938a13e4d1bb5e50,ok,ed57938a13e4d1bb5e50.npz,EPSG:32634,1.0,1.0,1.0,S2B_T34RCS_20240805T092259_L2A,2024-08-05T09:32:42.786000Z,,,/kaggle/input/notebooks/aaryanadutta/sih-nb6-img/nb6_context_v1,0.19585347175598145,0.7456012964248657,
Nigeria_309678,Nigeria,3b2622cb6ff505adffec,pending,,,,,,,,,,,,,
Algeria_10163,Algeria,c9217b57210e47b00f60,pending,,,,,,,,,,,,,
Angola_69581,Angola,7881d964e6236a96f802,pending,,,,,,,,,,,,,
Indonesia_104759,Indonesia,26ceffeca845b7544a09,pending,,,,,,,,,,,,,
Iraq_5452,Iraq,5f69cda5fe3484700e73,pending,,,,,,,,,,,,,
Libya_738,Libya,e193bfd2b48c9659d598,pending,,,,,,,,,,,,,
Nigeria_261221,Nigeria,07bcdde512d68a3f03bc,pending,,,,,,,,,,,,,
Algeria_5389,Algeria,9d3638bb0db9b7968453,pending,,,,,,,,,,,,,
Angola_907476,Angola,0ee7e57ddfa9b467df19,pending,,,,,,,,,,,,,
Indonesia_86099,Indonesia,cebd02be602eab019400,pending,,,,,,,,,,,,,
Iraq_241,Iraq,51b4d54ad031e43b9e8b,pending,,,,,,,,,,,,,
Libya_2303,Libya,3ec37e52328485345b25,pending,,,,,,,,,,,,,
Nigeria_14482,Nigeria,60ca9b1094f501cdf5cc,ok,60ca9b1094f501cdf5cc.npz,EPSG:32632,0.970275,1.0,1.0,S2A_T31NHG_20221228T100646_L2A,2022-12-28T10:09:14.721000Z,,,/kaggle/input/notebooks/aaryanadutta/sih-nb6-img/nb6_context_v1,0.03778446093201637,0.3088882267475128,
Algeria_12990,Algeria,4ca079f0b11758a338e9,pending,,,,,,,,,,,,,
Angola_404749,Angola,01e42d0a2a8739a514b4,ok,01e42d0a2a8739a514b4.npz,EPSG:32733,0.995825,1.0,1.0,S2A_T33LXH_20240801T090501_L2A,2024-08-01T09:13:46.879000Z,,,/kaggle/input/notebooks/aaryanadutta/sih-nb6-img/nb6_context_v1,-0.008038073778152466,0.23202601075172424,
Indonesia_60731,Indonesia,c9f0fff8de3c51f3130b,ok,c9f0fff8de3c51f3130b.npz,EPSG:32750,1.0,1.0,1.0,S2B_T50MMD_20240221T023540_L2A,2024-02-21T02:38:14.112000Z,,,/kaggle/input/notebooks/aaryanadutta/sih-nb6-img/nb6_context_v1,0.009474932216107845,0.032948676496744156,
Iraq_4,Iraq,5b7a6bf68c69d3091e44,pending,,,,,,,,,,,,,
Libya_1980,Libya,08615294fa63b1748c5c,pending,,,,,,,,,,,,,
Nigeria_237748,Nigeria,54bebcd6fe5fc2ae0310,pending,,,,,,,,,,,,,
Algeria_11477,Algeria,ba44ecce8cbca1a531b3,pending,,,,,,,,,,,,,
Angola_325469,Angola,67ce73713ddc6d01ffce,pending,,,,,,,,,,,,,
Indonesia_159902,Indonesia,3fd64bea714106b72c4a,pending,,,,,,,,,,,,,
Iraq_8043,Iraq,ce0ffc2710f3bca26d0a,pending,,,,,,,,,,,,,
Libya_2789,Libya,e7335b246798f03d96d8,pending,,,,,,,,,,,,,
Nigeria_127364,Nigeria,318cfd2050b801787e61,pending,,,,,,,,,,,,,
Algeria_2594,Algeria,5f2a90a4438c87b224d1,pending,,,,,,,,,,,,,
Angola_770424,Angola,77e2c98b069cb397e6f4,ok,77e2c98b069cb397e6f4.npz,EPSG:32733,1.0,1.0,1.0,S2B_T33MTP_20240802T092157_L2A,2024-08-02T09:32:21.101000Z,,,/kaggle/input/notebooks/aaryanadutta/sih-nb6-img/nb6_context_v1,0.0662052184343338,0.38512513041496277,
Indonesia_110371,Indonesia,947c50ae79cb5a08abda,pending,,,,,,,,,,,,,
Iraq_331,Iraq,be506edc22aed889a68b,pending,,,,,,,,,,,,,
Libya_231,Libya,2c0ed761b5a4e2f9c69e,pending,,,,,,,,,,,,,
Nigeria_320772,Nigeria,5a5460fbec775374ca86,pending,,,,,,,,,,,,,
Algeria_3871,Algeria,22c3d8c7863574ee6453,pending,,,,,,,,,,,,,
Angola_591631,Angola,12b4a9bc4d5675daa7e6,pending,,,,,,,,,,,,,
Indonesia_96268,Indonesia,c9490b508b4d935b6ce2,pending,,,,,,,,,,,,,
Iraq_35588,Iraq,1a5b8abbf10e6d1829f5,ok,1a5b8abbf10e6d1829f5.npz,EPSG:32638,1.0,1.0,1.0,S2B_T38SKG_20240811T080043_L2A,2024-08-11T08:09:38.399000Z,,,/kaggle/input/notebooks/aaryanadutta/sih-nb6-img/nb6_context_v1,0.08987399190664291,0.43780699372291565,
Libya_3275,Libya,69ef747e22626901e95f,pending,,,,,,,,,,,,,
Nigeria_235173,Nigeria,a816ffca36d773089f03,pending,,,,,,,,,,,,,
Algeria_13025,Algeria,84d0510ae1b6cfa8b719,ok,84d0510ae1b6cfa8b719.npz,EPSG:32630,1.0,1.0,1.0,S2A_T30SXD_20230704T105844_L2A,2023-07-04T11:01:35.873000Z,,,/kaggle/input/notebooks/aaryanadutta/sih-nb6-img/nb6_context_v1,0.06670505553483963,0.5087044835090637,
Angola_543834,Angola,76ee85f8a423eea83472,pending,,,,,,,,,,,,,
Indonesia_44152,Indonesia,7b7c88f00fb2f0fde80a,pending,,,,,,,,,,,,,
Iraq_7412,Iraq,c0f8769b8c1c6f30a2ef,ok,c0f8769b8c1c6f30a2ef.npz,EPSG:32638,0.9995,1.0,1.0,S2B_T38SMF_20230506T075215_L2A,2023-05-06T07:59:47.296000Z,,,/kaggle/input/notebooks/aaryanadutta/sih-nb6-img/nb6_context_v1,0.012564005330204964,0.47679078578948975,
Libya_2232,Libya,53b02131ad87a4c0b62d,ok,53b02131ad87a4c0b62d.npz,EPSG:32634,1.0,1.0,1.0,S2B_T34SDB_20241004T092322_L2A,2024-10-04T09:31:25.592000Z,,,/kaggle/input/notebooks/aaryanadutta/sih-nb6-img/nb6_context_v1,0.05522395670413971,0.4963831603527069,
Nigeria_42895,Nigeria,f357fdc80f80a7f1f4b9,pending,,,,,,,,,,,,,
Algeria_3826,Algeria,c8b91b6befc23b55b33c,pending,,,,,,,,,,,,,
Angola_229659,Angola,5a6e740c561b2371908b,pending,,,,,,,,,,,,,
Indonesia_154966,Indonesia,662f2a45ea8418d128f1,pending,,,,,,,,,,,,,
Iraq_6436,Iraq,3d4c7c8f3cc879691645,ok,3d4c7c8f3cc879691645.npz,EPSG:32638,1.0,1.0,1.0,S2B_T38SLE_20231013T075213_L2A,2023-10-13T08:00:05.012000Z,,,/kaggle/input/notebooks/aaryanadutta/sih-nb6-img/nb6_context_v1,0.06781520694494247,0.4758077561855316,
Libya_723,Libya,82c2ebb1d504d2fe01f1,pending,,,,,,,,,,,,,
Nigeria_344834,Nigeria,a77b91286a7640022dad,pending,,,,,,,,,,,,,
Algeria_10029,Algeria,a0c02a4ae532973fc287,pending,,,,,,,,,,,,,
Angola_581554,Angola,8f95ca9c19c658f4ef44,pending,,,,,,,,,,,,,
Indonesia_45522,Indonesia,87e194dde4ea31688d49,ok,87e194dde4ea31688d49.npz,EPSG:32650,0.9998,1.0,1.0,S2B_T50NNG_20231027T024033_L2A,2023-10-27T02:47:21.648000Z,,,/kaggle/input/notebooks/aaryanadutta/sih-nb6-img/nb6_context_v1,0.02407960779964924,0.3803844451904297,
Iraq_35853,Iraq,2f882928b5e73cea32f6,pending,,,,,,,,,,,,,
Libya_2964,Libya,9177320e1acfd3c1738f,ok,9177320e1acfd3c1738f.npz,EPSG:32634,1.0,1.0,1.0,S2B_T34RES_20230609T091054_L2A,2023-06-09T09:22:42.749000Z,,,/kaggle/input/notebooks/aaryanadutta/sih-nb6-img/nb6_context_v1,0.21023185551166534,0.6773983240127563,
Nigeria_315146,Nigeria,5acb4fec00d9f96322b9,pending,,,,,,,,,,,,,
Algeria_5639,Algeria,8277881bb66468b6be40,pending,,,,,,,,,,,,,
Angola_592778,Angola,ea44c591e59471d2d05c,pending,,,,,,,,,,,,,
Indonesia_127020,Indonesia,810fa560a357d8c35fc7,pending,,,,,,,,,,,,,
Iraq_13569,Iraq,bb898a70ae891278b65f,pending,,,,,,,,,,,,,
Libya_161,Libya,eac1ca6c5c22206fe04c,ok,eac1ca6c5c22206fe04c.npz,EPSG:32634,1.0,1.0,1.0,S2A_T34RCR_20231015T092337_L2A,2023-10-15T09:32:53.413000Z,,,/kaggle/input/notebooks/aaryanadutta/sih-nb6-img/nb6_context_v1,0.016398588195443153,0.7311961054801941,
Nigeria_287921,Nigeria,cb1f265132e30406e156,pending,,,,,,,,,,,,,
Algeria_3176,Algeria,a5d8b3c2634e8141a503,pending,,,,,,,,,,,,,
Angola_408886,Angola,1b85103394a3b481e5d8,pending,,,,,,,,,,,,,
Indonesia_34452,Indonesia,f46d8361fa7cc66eb333,pending,,,,,,,,,,,,,
Iraq_5515,Iraq,514ed645883a58be14ef,pending,,,,,,,,,,,,,
Libya_1487,Libya,587a07bd7514b6e5179e,pending,,,,,,,,,,,,,
Nigeria_457601,Nigeria,8cce091ad4fc253a5159,pending,,,,,,,,,,,,,
Algeria_9285,Algeria,232f16f19580eab836fe,pending,,,,,,,,,,,,,
Angola_582026,Angola,70e19e8136ea50f8f4d8,pending,,,,,,,,,,,,,
Indonesia_132026,Indonesia,392e976fde67bad88e93,ok,392e976fde67bad88e93.npz,EPSG:32749,0.9992,1.0,1.0,S2B_T49MES_20240626T025424_L2A,2024-06-26T02:58:54.707000Z,,,/kaggle/input/notebooks/aaryanadutta/sih-nb6-img/nb6_context_v1,0.012358187697827816,0.29705724120140076,
Iraq_32265,Iraq,16f18c707c2f65fd238c,pending,,,,,,,,,,,,,
Libya_2443,Libya,4d8f2f2d4a1e21927e66,pending,,,,,,,,,,,,,
Nigeria_48802,Nigeria,629347aeec784124500d,pending,,,,,,,,,,,,,
Algeria_5745,Algeria,1fa0ea0e735daec9da25,pending,,,,,,,,,,,,,
Angola_102694,Angola,871d6c3aef790f5ae74a,pending,,,,,,,,,,,,,
Indonesia_58467,Indonesia,71680abb1b550afc408c,ok,71680abb1b550afc408c.npz,EPSG:32748,0.82585,0.944,1.0,S2B_T48MUD_20240509T033006_L2A,2024-05-09T03:38:31.218000Z,,,/kaggle/input/notebooks/aaryanadutta/sih-nb6-img/nb6_context_v1,0.01982898637652397,0.36391711235046387,
Iraq_28849,Iraq,80eba5b518a95fa0d1e3,pending,,,,,,,,,,,,,
Libya_3033,Libya,ae6c60a96f42d1e69fd3,pending,,,,,,,,,,,,,
Nigeria_61521,Nigeria,56f5ff707c71f2d11ff6,pending,,,,,,,,,,,,,
Algeria_12602,Algeria,cee979182a161fc3e087,pending,,,,,,,,,,,,,
Angola_832942,Angola,c509ca2880bd7b94e7cc,pending,,,,,,,,,,,,,
Indonesia_135227,Indonesia,8161a948381afe6accec,ok,8161a948381afe6accec.npz,EPSG:32748,1.0,1.0,1.0,S2B_T48MUA_20240814T032234_L2A,2024-08-14T03:29:23.272000Z,,,/kaggle/input/notebooks/aaryanadutta/sih-nb6-img/nb6_context_v1,0.028737206012010574,0.40047958493232727,
Iraq_27382,Iraq,a5b09c1e48a4271c2424,pending,,,,,,,,,,,,,
Libya_2682,Libya,94229e578c53e115502e,pending,,,,,,,,,,,,,
Nigeria_418927,Nigeria,fb7960582253e3eab7ca,pending,,,,,,,,,,,,,
Algeria_13863,Algeria,63c3dd2d3d5cbe25cf16,pending,,,,,,,,,,,,,
Angola_267723,Angola,650196f961fb658afa15,pending,,,,,,,,,,,,,
Indonesia_80220,Indonesia,dfd4fe4c16c25f3187a0,pending,,,,,,,,,,,,,
Iraq_28193,Iraq,6668b5cb52d0f17d7594,pending,,,,,,,,,,,,,
Libya_2569,Libya,10ba9f6f19252fda5aed,pending,,,,,,,,,,,,,
Nigeria_290600,Nigeria,04ad07ba54484971075c,pending,,,,,,,,,,,,,
Algeria_5089,Algeria,30730fb2b7fa6f4a76d9,pending,,,,,,,,,,,,,
Angola_589681,Angola,59e1eb6838c61a609930,pending,,,,,,,,,,,,,
Indonesia_82813,Indonesia,3ee0da9202a75b5302da,pending,,,,,,,,,,,,,
Iraq_1179,Iraq,6d3ed751217a158605b7,ok,6d3ed751217a158605b7.npz,EPSG:32638,1.0,1.0,1.0,S2A_T38SMA_20240202T074152_L2A,2024-02-02T07:50:56.551000Z,,,/kaggle/input/notebooks/aaryanadutta/sih-nb6-img/nb6_context_v1,0.009142315946519375,0.5069995522499084,
Libya_857,Libya,79f8ee1aa29cbd1fae00,pending,,,,,,,,,,,,,
Nigeria_141816,Nigeria,d083be0a104833ed1126,pending,,,,,,,,,,,,,
