source_id,country,block_id,lat,lon,is_eog_flare,eog_flare_id,chip_id,batch_order
Algeria_5371,Algeria,Algeria_b100027099966,28.529282368421054,9.124045789473685,1,s_7845,13a9ea53943a3b751605,0
Angola_87870,Angola,Angola_b100004100041,-8.014165,18.49977625,0,,c9f36e11bcfc5de83e22,0
Indonesia_71755,Indonesia,Indonesia_b100047099932,-9.80007,119.9577,0,,ddb0be43acfa9a9fbe9e,0
Iraq_24559,Iraq,Iraq_b99998100037,35.83051916666667,45.99635416666666,0,,b03761a256d01e3b8e9e,0
Libya_2393,Libya,Libya_b99938100040,32.36307,12.70424,0,,fbd5f28c7bbc7c15f3f0,0
Nigeria_60999,Nigeria,Nigeria_b99989099955,4.959601999999999,6.784736,1,s_4156a,b3175aba26fc88b1f10c,0
Algeria_13320,Algeria,Algeria_b99958100052,36.21921,1.84775,0,,5ecba9426d7474174e3b,1
Angola_500129,Angola,Angola_b100024100051,-7.1012,20.3688,0,,f11704842804f0067d06,1
Indonesia_180852,Indonesia,Indonesia_b100055100024,-1.45846,120.69787,0,,092df0a3557c768b1f87,1
Iraq_3879,Iraq,Iraq_b100011099974,30.109735333333337,47.444536,1,s_22056,58b18862e341c22c6d36,1
Libya_2174,Libya,Libya_b99941099975,26.60038,12.95141,0,,dcde0492f0eae2f397a1,1
Nigeria_52663,Nigeria,Nigeria_b99993099955,4.893827089397089,7.119981808731809,1,s_3788,c773db2a052a780b7cd4,1
Algeria_2141,Algeria,Algeria_b99988100056,36.55265,5.00921,0,,f623ac0ce59ccd890c36,2
Angola_670818,Angola,Angola_b99975099997,-11.954419999999999,15.862466000000001,0,,6857548a9bcebce6f97b,2
Indonesia_63195,Indonesia,Indonesia_b99894099983,-5.20613125,106.20992375,1,s_2592,5ad122cee1a27f12ffc3,2
Iraq_4973,Iraq,Iraq_b99988099998,32.3326,44.9151,0,,1a55d095a2488fe150d0,2
Libya_380,Libya,Libya_b100008099992,28.055836499999998,19.904057625,1,s_8164,fcf9714dfac18ade3626,2
Nigeria_221559,Nigeria,Nigeria_b99999100007,9.584065,7.6275375,0,,cdce6bad2a0f42116e38,2
Algeria_7303,Algeria,Algeria_b100013100059,36.86241333333333,7.672363333333333,0,,4b9d26c0a374270c5ee5,3
Angola_343677,Angola,Angola_b99984100022,-9.7316,16.68105,0,,c90301dde0ab5d42dd4b,3
Indonesia_95098,Indonesia,Indonesia_b99931100046,0.49763,109.54496,0,,f119255da3a0b9cc7587,3
Iraq_29660,Iraq,Iraq_b99975100042,36.274975,43.597765,0,,9036fb2ae7835a86712c,3
Libya_1686,Libya,Libya_b99921100028,31.3607125,10.964824166666666,1,s_20295,8c50ace7a435bf1c6a68,3
Nigeria_327624,Nigeria,Nigeria_b99988099976,6.786005,6.692235,0,,c7851fd6b1b4f29ae1a1,3
Algeria_11739,Algeria,Algeria_b99999100002,31.7645,6.20205,0,,b4cbf82ed2cd535d07b7,4
Angola_761099,Angola,Angola_b99992099983,-13.203054999999999,17.4066175,0,,00e70a8cca074cb1dc07,4
Indonesia_132907,Indonesia,Indonesia_b99916099969,-6.40834,108.17624,1,s_2634,c9b1723d9876bb08a8b0,4
Iraq_32729,Iraq,Iraq_b99973100032,35.38056,43.37862,0,,c92ba5c9033bb95c339d,4
Libya_2516,Libya,Libya_b99955099976,26.63507,14.435649999999999,0,,6e027dcb03a9cd1f85b2,4
Nigeria_28668,Nigeria,Nigeria_b99988099963,5.640135,6.667728333333334,1,s_3946,cc8fc96ddd273e6e9e7b,4
Algeria_8929,Algeria,Algeria_b100000100002,31.76545,6.268800000000001,0,,ebe44b1ef5c90833ffda,5
Angola_623789,Angola,Angola_b99939100060,-6.318169999999999,12.536566666666667,1,s_2035,143b9415ee96f76e1b97,5
Indonesia_110447,Indonesia,Indonesia_b100129099956,-7.607085,127.37672,0,,5e067b9bd074fedd625a,5
Iraq_33880,Iraq,Iraq_b99972100046,36.60143,43.25359,0,,0997868b29fcfc4592b9,5
Libya_2075,Libya,Libya_b100037100043,32.63375,22.85473,0,,36897572e3f03b92b974,5
Nigeria_42858,Nigeria,Nigeria_b99972099965,5.8193729411764705,5.200427058823529,1,s_3954,201055ce3c7c4e6aeabd,5
Algeria_255,Algeria,Algeria_b99938100047,35.80291051948052,-0.21593961038961038,1,s_19895a,aff380590a84236b80a6,6
Angola_708733,Angola,Angola_b99949100036,-8.49575,13.5086,0,,fd5a70d55afb00313f2c,6
Indonesia_58413,Indonesia,Indonesia_b99841100050,0.8469925581395348,101.39289255813952,1,s_4585,f4af7a0281c0b66c8c83,6
Iraq_7830,Iraq,Iraq_b99982100041,36.164125,44.3432075,0,,472d4d817974bf78d96b,6
Libya_2306,Libya,Libya_b100027100045,32.81924,21.78648,0,,38ab23eb280df5f43dbb,6
Nigeria_53060,Nigeria,Nigeria_b99988099956,5.029693333333333,6.694793333333333,1,s_4009a,ec0e4155480beda08739,6
Algeria_2790,Algeria,Algeria_b99972100017,33.066997931034486,3.3330055172413795,1,m_301,37c1fb5027894bdf3265,7
Angola_299863,Angola,Angola_b100010100033,-8.7685975,19.106315,0,,c5f6bf2d1efea76aaf57,7
Indonesia_20097,Indonesia,Indonesia_b99968100008,-2.972154117647059,112.86771470588235,0,,ec241e7e6d1262e4d095,7
Iraq_6102,Iraq,Iraq_b99990100042,36.2554,45.1083,0,,7795740ff634e2967650,7
Libya_1817,Libya,Libya_b99952099967,25.8372,14.09127,0,,522c1d41483abc611e3d,7
Nigeria_319387,Nigeria,Nigeria_b99981100041,12.630775,6.0434149999999995,0,,1336ab568b1c0ca11adf,7
Algeria_10614,Algeria,Algeria_b99986100049,35.9413,4.83115,0,,300a4b1492aa3e293d88,8
Angola_94537,Angola,Angola_b99969100022,-9.713568,15.304532666666667,0,,00cc88956b4852c76856,8
Indonesia_117244,Indonesia,Indonesia_b99878100005,-3.180615,104.741935,0,,e3bbf9c99e0228f5d00c,8
Iraq_32338,Iraq,Iraq_b99979100011,33.47247,43.99543,0,,8e95676dfa51da79a1a6,8
Libya_2189,Libya,Libya_b99943099975,26.553330000000003,13.16233,0,,b952e8d3358b08cd5d77,8
Nigeria_125859,Nigeria,Nigeria_b99974099963,5.643372,5.361525,1,s_3648,ed23a7925030272dfe12,8
Algeria_4911,Algeria,Algeria_b99994099993,30.8873,5.6632,0,,e731a8adbaed38c26daa,9
Angola_56051,Angola,Angola_b100036100041,-8.06024625,21.44819625,0,,2bd67d5e0199e485d6b5,9
Indonesia_47100,Indonesia,Indonesia_b99943100030,-0.991945,110.56039,0,,8d41b385580360e10485,9
Iraq_20074,Iraq,Iraq_b99978100011,33.51346,43.89408,1,s_20989,1c2292696a8b0ca6054f,9
Libya_538,Libya,Libya_b99956099981,27.06451,14.47305,0,,65bc335b376a7ca908be,9
Nigeria_202008,Nigeria,Nigeria_b99957100010,9.85023,3.796556666666667,0,,3cc5104ad44d7e5f7190,9
Algeria_5357,Algeria,Algeria_b99937100047,35.807429166666665,-0.3379016666666667,0,,05ebef3f28380a4d56e2,10
Angola_488655,Angola,Angola_b99952100040,-8.075365999999999,13.769304,0,,e6c7b363ed7b81207934,10
Indonesia_95918,Indonesia,Indonesia_b99966099958,-7.42515,112.63653500000001,0,,ad827fb6bf6055503ab0,10
Iraq_3835,Iraq,Iraq_b100004099982,30.86649142857143,46.70213428571429,0,,5a38713216e8aefbc5f6,10
Libya_407,Libya,Libya_b99918099967,25.8351,10.5744,0,,b97ee11a09f48a2ee72c,10
Nigeria_347562,Nigeria,Nigeria_b99985099955,4.89252,6.37454,1,s_3787,d52f8c2c4ae717c3837a,10
Algeria_12935,Algeria,Algeria_b99970100015,32.91604,3.17156,0,,66b1e4242a485b2582f8,11
Angola_791019,Angola,Angola_b100036099947,-16.43795,21.5037675,0,,9cd9d6b7c2303ddfe520,11
Indonesia_61999,Indonesia,Indonesia_b99956099962,-7.0352820000000005,111.745912,1,s_2610,a40ceeb53adc7c76c6a1,11
Iraq_35419,Iraq,Iraq_b99979100044,36.47408,43.95407,0,,9d74d44a6b59a3540ea9,11
Libya_3324,Libya,Libya_b100000100004,29.134456666666665,19.07303333333333,0,,1e7f54021a2708d8e0c5,11
Nigeria_87648,Nigeria,Nigeria_b99965099997,8.737026,4.526044000000001,0,,876bd1a1d3bbd8412fbf,11
Algeria_13041,Algeria,Algeria_b100017100053,36.35852,8.09895,0,,49fcd21001b5147583b4,12
Angola_522447,Angola,Angola_b99962099989,-12.7164425,14.65125375,0,,93b541be60e54f89f604,12
Indonesia_58411,Indonesia,Indonesia_b100018100034,-0.5826993886462882,117.38494816593887,1,s_2644,b219d1fc504e16ea6ac9,12
Iraq_26913,Iraq,Iraq_b99984100038,35.95191,44.57414,0,,523e93fcb913c69c1f83,12
Libya_2767,Libya,Libya_b100021100044,32.77117,21.21887,0,,96af3a91d9ea2b3a76ae,12
Nigeria_322551,Nigeria,Nigeria_b99960099983,7.397868333333334,4.115225,0,,d2d4e68014c54891aa6e,12
Algeria_4935,Algeria,Algeria_b99996100004,31.8926,5.9098,1,s_20138,8fcda36568e6a5f974f0,13
Angola_942753,Angola,Angola_b99978100057,-6.584644,16.093328,0,,6331d4b6aae099b4d9b3,13
Indonesia_45064,Indonesia,Indonesia_b100019100037,-0.3346766666666667,117.42248,1,m_35,0f94177a810bd0128966,13
Iraq_12740,Iraq,Iraq_b99970100047,36.72195571428572,42.99142714285715,0,,d1bddae82aebe6b20c79,13
Libya_2044,Libya,Libya_b100020100006,29.35473,21.11437,1,s_8186,444b76431298ca3259aa,13
Nigeria_53186,Nigeria,Nigeria_b99986099974,6.585865000000001,6.435669999999999,0,,751d29a1e86ea74f2cc5,13
Algeria_13208,Algeria,Algeria_b100011099966,28.4859,7.5097,1,s_7846,f8bf76656d5e99883db3,14
Angola_390542,Angola,Angola_b99961099987,-12.896895,14.569374999999999,0,,0050f63529dc5f32fdcd,14
Indonesia_74168,Indonesia,Indonesia_b100094099936,-9.431493999999999,124.22405599999999,0,,7869db9d6d72d2cba8fc,14
Iraq_11636,Iraq,Iraq_b99968100048,36.812334444444446,42.78828222222222,0,,5468cb99975c6b4738f8,14
Libya_263,Libya,Libya_b100030100000,28.842752,22.108392000000002,1,s_8109,dc9e8be89c8428213026,14
Nigeria_154666,Nigeria,Nigeria_b100010100001,9.079344444444445,8.63153,0,,55c06d0baf4a8786c207,14
Algeria_5293,Algeria,Algeria_b99945100015,32.8687,0.52187,0,,2155d4cf3cf3e4dc0147,15
Angola_240993,Angola,Angola_b99962100000,-11.719314,14.641738,0,,2622fa5416c9dc484ca3,15
Indonesia_144890,Indonesia,Indonesia_b100279099949,-8.236635,140.91769499999998,0,,06187d2d558cb7f0f0f0,15
Iraq_141,Iraq,Iraq_b100012099991,31.652481431372546,47.51183134640523,1,s_21833,0f06a4a0b4c2627dc8d0,15
Libya_2183,Libya,Libya_b100033099989,27.85913,22.42503,0,,0894ba6876747147f74c,15
Nigeria_253597,Nigeria,Nigeria_b99962100013,10.167447142857142,4.271528571428571,0,,274b380bbdd2ef285c2c,15
Algeria_10245,Algeria,Algeria_b99998100056,36.56876,6.0623,0,,ed7272bc2b12e2738fe5,16
Angola_712441,Angola,Angola_b99963099994,-12.276845,14.71529,0,,e9b715cbbbf90936273e,16
Indonesia_176979,Indonesia,Indonesia_b100055099945,-8.63559,120.68671,0,,4d7244a088e8a54e91c9,16
Iraq_13763,Iraq,Iraq_b99972100047,36.73168769230769,43.28588076923077,1,s_20950,9d7491a73d9e1776a2f5,16
Libya_3166,Libya,Libya_b100022099993,28.205019999999998,21.247335,0,,60d16770cc36a36c61e0,16
Nigeria_122953,Nigeria,Nigeria_b100007099958,5.183811578947368,8.412232631578949,0,,bd574a64ff2b3358e5aa,16
Algeria_13851,Algeria,Algeria_b100001100048,35.91717,6.41979,0,,ae7a78b462d9032805ba,17
Angola_593524,Angola,Angola_b100001099986,-13.01154,18.260887500000003,0,,13605d274fef448bd71e,17
Indonesia_168252,Indonesia,Indonesia_b99914100008,-2.92305,108.02895,0,,66923121cd96e05a3575,17
Iraq_210,Iraq,Iraq_b100010099979,30.564303655097614,47.317718774403474,1,s_21932a,91c33cac06983decf6bb,17
Libya_107,Libya,Libya_b100017100003,29.058665297297296,20.783868486486487,1,s_8092,91303dc8da9dafef2a59,17
Nigeria_130791,Nigeria,Nigeria_b99984099956,5.021602,6.30644,1,s_3635,8f421f23af50a8748ec7,17
Algeria_11450,Algeria,Algeria_b99958099992,30.88328,1.92586,0,,2af352b8beaecf1a3f70,18
Angola_476868,Angola,Angola_b99967099958,-15.4963,15.1667,0,,cc83724dd06efd59a343,18
Indonesia_145080,Indonesia,Indonesia_b100065099990,-4.50994,121.64022,0,,cb08f0517a6267c9d378,18
Iraq_32986,Iraq,Iraq_b99973100031,35.29722,43.37128,0,,d5b8526b868363c59117,18
Libya_1452,Libya,Libya_b100028100000,28.808846666666668,21.85542,0,,2c1860098b0461b2803a,18
Nigeria_314365,Nigeria,Nigeria_b99958100013,10.16763,3.8982166666666664,0,,4271e9d5669cf78016d3,18
Algeria_13669,Algeria,Algeria_b100033099961,28.06381,9.81853,1,s_7924,34e925dbd02742df6d08,19
Angola_608100,Angola,Angola_b100003099940,-17.104226666666666,18.46025,0,,6be8776d06b6032c4e7e,19
Indonesia_170642,Indonesia,Indonesia_b100277099959,-7.36767,140.72531,0,,474f54adbf7c0b36d87b,19
Iraq_19128,Iraq,Iraq_b100010099984,31.079379756097563,47.25793463414634,1,s_21709,088f8adfa33aa7376d35,19
Libya_3178,Libya,Libya_b100013100033,31.789275,20.35079,0,,730078ade3bb367a1922,19
Nigeria_181151,Nigeria,Nigeria_b99980100023,11.06899,5.925805,0,,10556320ee110f9b1bd0,19
Algeria_10340,Algeria,Algeria_b100014100054,36.37585,7.83624,0,,bbf2699f3ad3df2ebf97,20
Angola_411790,Angola,Angola_b99988100024,-9.595611428571429,17.05652,0,,133bd76282e902cf9b2a,20
Indonesia_111230,Indonesia,Indonesia_b99948100048,0.6438466666666667,111.05621666666667,0,,613ac50d462182608700,20
Iraq_16563,Iraq,Iraq_b99974100052,37.192409999999995,43.454395,0,,0058df1ed848b8ccb260,20
Libya_2364,Libya,Libya_b100021099993,28.21973,21.21182,0,,5eaf1b3273aa17c6226a,20
Nigeria_81433,Nigeria,Nigeria_b100040099992,8.23569,11.42448888888889,0,,cb3c5b53fc0e47f31054,20
Algeria_5201,Algeria,Algeria_b100034099958,27.759704,9.890724105263157,1,s_7854,f0f69e81b0769ff33b50,21
Angola_258666,Angola,Angola_b100007100023,-9.606662,18.82067,0,,3db7f6a5483a79c00ea3,21
Indonesia_181254,Indonesia,Indonesia_b99841100049,0.78775,101.39298,1,s_4575,685f4a56c93f35381170,21
Iraq_4959,Iraq,Iraq_b99984100028,34.9932,44.5319,0,,c3a96b5bc2ed16e7dabc,21
Libya_2586,Libya,Libya_b99958099970,26.10409,14.68499,0,,abfce6780d7ac3a34d95,21
Nigeria_202913,Nigeria,Nigeria_b100022099979,7.062923333333333,9.768321666666667,0,,26861f8742849e54b04e,21
Algeria_13845,Algeria,Algeria_b100015100054,36.420328,7.8952659999999995,0,,6e75ed01425b67b3ec84,22
Angola_218641,Angola,Angola_b99968099996,-12.0342,15.256941000000001,0,,556a829cb741a0149e5b,22
Indonesia_10953,Indonesia,Indonesia_b99910100007,-2.9872,107.5882,0,,ee9d6a7d59042c59ef22,22
Iraq_357,Iraq,Iraq_b99999099992,31.768311831325303,46.06832187148594,1,s_22039,f36c057ac5e907d590dd,22
Libya_488,Libya,Libya_b100029100000,28.837262,22.021526,0,,f51fe1b5be597f010b6e,22
Nigeria_463768,Nigeria,Nigeria_b100020100023,11.03093,9.55429,0,,d8e15d5de2f4dde99ce2,22
Algeria_12564,Algeria,Algeria_b100029099962,28.176944090909092,9.40486,1,s_7873,127d4bf054845e311bd1,23
Angola_933471,Angola,Angola_b100042099989,-12.66584,22.01754,0,,f28507d38ad7e2900cbd,23
Indonesia_166829,Indonesia,Indonesia_b99964100037,-0.3,112.51134,0,,08cd655cc0e29880d3a6,23
Iraq_70,Iraq,Iraq_b99977100039,35.97545944712829,43.770798132045094,1,s_20881,d38b5d31a5a18d2579d6,23
Libya_925,Libya,Libya_b99931099969,26.0364625,11.973095,1,s_7885,31ea85d4082322680069,23
Nigeria_199139,Nigeria,Nigeria_b99979100000,8.94627,5.79761,0,,a6cec69283c74e2b0f50,23
Algeria_2641,Algeria,Algeria_b99995099993,30.9653,5.7602,1,s_20150,c57507985999e62958de,24
Angola_729636,Angola,Angola_b99963100020,-9.902825,14.715974,0,,dd5b63a4c7da3e722198,24
Indonesia_147036,Indonesia,Indonesia_b99947099953,-7.88754,110.94994,0,,cc8c7e5684c7f8f3de0a,24
Iraq_32048,Iraq,Iraq_b99968100042,36.27559,42.85662,0,,55d2ff719441910045a0,24
Libya_2632,Libya,Libya_b99956099973,26.41426,14.47517,0,,61893697da7b29bd7265,24
Nigeria_366638,Nigeria,Nigeria_b99951099995,8.545756666666668,3.30603,0,,0e9f852ede314ad9c736,24
Algeria_13190,Algeria,Algeria_b100006100059,36.85633,6.98053,0,,4574b6a8926ad3ad2ab3,25
Angola_13849,Angola,Angola_b100004099984,-13.112398571428571,18.49151857142857,0,,295c313ea4d02653290b,25
Indonesia_160802,Indonesia,Indonesia_b99962099957,-7.48122,112.33834,0,,bf173b205d917ded8385,25
Iraq_74,Iraq,Iraq_b99973100048,36.776112048192765,43.3285443373494,1,m_335,f34b2c1ac0a63897802e,25
Libya_3129,Libya,Libya_b99951099985,27.465600000000002,14.01118,0,,dbdb63313f65ecf12a80,25
Nigeria_46805,Nigeria,Nigeria_b100066100049,13.35926,13.72401,0,,1e6f04a1c3fc5cea815d,25
Algeria_14071,Algeria,Algeria_b100031099954,27.456824705882354,9.605205294117647,1,s_7918,3f00c608342952fe272e,26
Angola_193906,Angola,Angola_b100022099996,-12.07835,20.13503,0,,a430a9e0a1cfeeeab104,26
Indonesia_151871,Indonesia,Indonesia_b100265099952,-7.9791,139.6032,0,,ef82de5d54143ceee2c4,26
Iraq_325,Iraq,Iraq_b100010099982,30.829570659340657,47.33683267399267,1,m_369,e9936057274442d9958d,26
Libya_1836,Libya,Libya_b99911099988,27.70508,9.90386,0,,df94f7744dd933b52f23,26
Nigeria_276136,Nigeria,Nigeria_b99969099991,8.133791666666667,4.95309,0,,4bbd1488f689ad68e250,26
Algeria_11701,Algeria,Algeria_b100031099968,28.717064999999998,9.572705,0,,250e74b4b960923ff0d2,27
Angola_845450,Angola,Angola_b100039100015,-10.360054,21.743078,0,,164b2f370f68757d5e72,27
Indonesia_155965,Indonesia,Indonesia_b100075100049,0.778655,122.539905,0,,31c23a8ad7105e811261,27
Iraq_22771,Iraq,Iraq_b99977100045,36.52605,43.79711,0,,7a2269567e281044c412,27
Libya_907,Libya,Libya_b100032099991,28.03281,22.29552,1,s_8105,fef3cf8c15d0899c86d7,27
Nigeria_475045,Nigeria,Nigeria_b99981099960,5.38152,6.0341,1,s_3613,606d5683a80886430bcf,27
Algeria_9493,Algeria,Algeria_b100005100007,32.16304,6.84442,1,s_20271,04e3e6134a313b9122fe,28
Angola_77518,Angola,Angola_b99981100056,-6.690133333333333,16.4149,0,,08a39918c973d8efdd72,28
Indonesia_144528,Indonesia,Indonesia_b100102099948,-8.31046,124.93798,0,,b0f3c29542b6c164173c,28
Iraq_24502,Iraq,Iraq_b99982100027,34.88036,44.33494,0,,b47960ebc23fe8f6da5d,28
Libya_1743,Libya,Libya_b100011100036,32.074985,20.124275,0,,811dc8df55aae794b411,28
Nigeria_69550,Nigeria,Nigeria_b99999099989,7.990023333333333,7.674976666666667,0,,bc9512fbd33497e721ff,28
Algeria_10476,Algeria,Algeria_b100002100050,36.053936,6.504810000000001,0,,d849e0060850d4b69fc6,29
Angola_61508,Angola,Angola_b99960099998,-11.886544285714285,14.475662857142856,0,,6cf2934b7dbc1c19a617,29
Indonesia_129781,Indonesia,Indonesia_b99871100011,-2.657005,104.151115,1,s_2468,7bf2e84d9e15e55336bf,29
Iraq_25568,Iraq,Iraq_b99994099998,32.3348,45.63354,0,,3d75cae0e2e27f4bc7a1,29
Libya_839,Libya,Libya_b99941100008,29.501042222222225,12.971689111111111,1,s_7844,2ecad96238e9f4256c14,29
Nigeria_53045,Nigeria,Nigeria_b99983100052,13.62177888888889,6.199586666666666,0,,195225896c193df3f9f4,29
Algeria_3968,Algeria,Algeria_b99986100058,36.8086,4.7844,0,,739f1444e184cd896a4f,30
Angola_798769,Angola,Angola_b99974100020,-9.901533333333333,15.779313333333334,0,,fa879db3b8080f600438,30
Indonesia_34646,Indonesia,Indonesia_b100256099954,-7.8291875,138.778805,0,,9a1955b2994320bc2792,30
Iraq_31131,Iraq,Iraq_b99967100050,36.962140000000005,42.718734999999995,0,,fd2629c584dabb01b095,30
Libya_337,Libya,Libya_b100007100018,30.44908,19.714603333333333,0,,9d9c2abed96197a457f1,30
Nigeria_289534,Nigeria,Nigeria_b99990099955,4.925942,6.863586,1,s_4023,b5ad98c6f6b1edc0c0f2,30
Algeria_10101,Algeria,Algeria_b99981100054,36.46052,4.34884,0,,47a019ebfd018d8c6ca3,31
Angola_247454,Angola,Angola_b99958099993,-12.301314999999999,14.321125,0,,fff27ebe908001bbbc59,31
Indonesia_38089,Indonesia,Indonesia_b100067099990,-4.5293575,121.7714425,0,,e8cfec4561c7b0234723,31
Iraq_311,Iraq,Iraq_b100011099975,30.21662350096712,47.39065036750484,1,s_21697,941dbc151ddd3f1ab042,31
Libya_370,Libya,Libya_b100018100001,28.908201428571427,20.927768571428572,0,,7c36af90979686241311,31
Nigeria_59047,Nigeria,Nigeria_b99949099985,7.614196666666667,3.078463333333333,0,,4342d6329260104642e3,31
Algeria_12181,Algeria,Algeria_b99997100056,36.629580000000004,6.029965000000001,0,,0eacac5b987cd57b502d,32
Angola_404378,Angola,Angola_b100052099993,-12.311303333333333,22.966126666666668,0,,c5a35382d73165b8020f,32
Indonesia_95481,Indonesia,Indonesia_b99946100018,-2.0204,110.89025000000001,0,,465d70c896fa664225e9,32
Iraq_356,Iraq,Iraq_b100014099975,30.266174664246826,47.71483482758621,1,s_21545,760c5870380590526d1e,32
Libya_2106,Libya,Libya_b99949100042,32.59011,13.8007,0,,c6c4e6ef97d7bd2aec80,32
Nigeria_392441,Nigeria,Nigeria_b100019099985,7.59907,9.46597,0,,92bd0fccd87d6d627634,32
Algeria_11289,Algeria,Algeria_b100024099999,31.435595714285714,8.820348571428571,1,s_20262,018bf86f4e646d6962ec,33
Angola_967756,Angola,Angola_b99950099973,-14.15993,13.59591,0,,7169ca6bd47c6662ec63,33
Indonesia_68656,Indonesia,Indonesia_b100024100079,3.4757493333333334,117.86428266666667,1,s_4763,9e7b11b488390fcbfb52,33
Iraq_29159,Iraq,Iraq_b99982100004,32.84278,44.29789,1,m_337,1328c83a710f27b919e3,33
Libya_2249,Libya,Libya_b99990100007,29.45603,17.96826,0,,70c88ac044813d4d1379,33
Nigeria_245091,Nigeria,Nigeria_b99991100020,10.786865714285714,6.9164771428571425,0,,d43ed70f1b45f4c67c65,33
Algeria_10939,Algeria,Algeria_b100001100007,32.182125,6.446904999999999,0,,14bc1f285aba84b9c728,34
Angola_463802,Angola,Angola_b99937100061,-6.213153260869565,12.394439239130437,1,s_2177,fb8a012d0628163f8368,34
Indonesia_63239,Indonesia,Indonesia_b99793100099,5.2275208,97.090052,1,s_4504,9a9f734cee488f573394,34
Iraq_27397,Iraq,Iraq_b99951100017,34.06401,40.98653,1,s_21096,545c196299f7cc333d22,34
Libya_2823,Libya,Libya_b100012100038,32.1786,20.28391,0,,9c9d4fd8f14558581003,34
Nigeria_458617,Nigeria,Nigeria_b99968100000,8.95467,4.8465,0,,c7df59d505e36a9f3b62,34
Algeria_10944,Algeria,Algeria_b99991100035,34.66525,5.31524,0,,f4887e54e9e1135b5de2,35
Angola_658578,Angola,Angola_b100057100007,-11.062676,23.352339999999998,0,,6c4e900a8160b03e428a,35
Indonesia_28774,Indonesia,Indonesia_b99972100023,-1.6079966666666667,113.25353666666666,0,,7fde9f3d4fd3924ab59f,35
Iraq_27309,Iraq,Iraq_b99985100012,33.56639,44.5919,0,,172149ff30b5d7f7b2b8,35
Libya_1814,Libya,Libya_b99910099998,28.64156,9.84845,0,,7c3e6f3b7d5331f57b06,35
Nigeria_148184,Nigeria,Nigeria_b99997100011,9.996374,7.438294000000001,0,,04f5fe34a25c145111f6,35
Algeria_4844,Algeria,Algeria_b99997100003,31.828766666666667,5.9726,1,s_20158,f8f537a37c23eaa43deb,36
Angola_344428,Angola,Angola_b99984099956,-15.63849,16.681796666666667,0,,20dde9567eb1b9721793,36
Indonesia_48059,Indonesia,Indonesia_b99864100028,-1.1540122727272726,103.46149363636364,1,s_2418,465e4f9453b6a0fa9f1a,36
Iraq_1612,Iraq,Iraq_b99997099999,32.42764,45.87359,0,,5b9762730214fd9b5147,36
Libya_1531,Libya,Libya_b100032100000,28.827291250000002,22.30224875,1,s_8263,d2282f347df65dd5fe36,36
Nigeria_206027,Nigeria,Nigeria_b100002100012,10.04054,7.90181,0,,b2d53c15cb2d45e313e7,36
Algeria_2720,Algeria,Algeria_b100014100053,36.34157,7.77092,0,,29ba605b48035c9d0daf,37
Angola_349154,Angola,Angola_b99995100035,-8.5548425,17.656122500000002,0,,42111b54e627a69100d4,37
Indonesia_59933,Indonesia,Indonesia_b99864100024,-1.4777736000000001,103.50873453333334,1,s_2461,048cb9777264912ac470,37
Iraq_1006,Iraq,Iraq_b99981100032,35.38841818181818,44.22462212121212,1,s_21012,3dbc9701d8efb442bf7a,37
Libya_2359,Libya,Libya_b99952100043,32.6802,14.11131,0,,ce5ac962b4571fe9fcb9,37
Nigeria_364958,Nigeria,Nigeria_b99979100004,9.348293333333332,5.81863,0,,dbe12ca9951433f5f6d2,37
Algeria_2917,Algeria,Algeria_b100018100057,36.707883333333335,8.240723333333333,0,,ff6b9bbdc9b9b9df6985,38
Angola_41643,Angola,Angola_b99983100026,-9.371958333333334,16.618215,0,,20e7052f449686cf5a2d,38
Indonesia_84951,Indonesia,Indonesia_b99787100097,5.097370000000001,96.55419666666667,0,,a79a085a2ab998a521cd,38
Iraq_4954,Iraq,Iraq_b99995099993,31.8254,45.7196,0,,1e35efc85bbb74e62a61,38
Libya_741,Libya,Libya_b100025100005,29.256136326530612,21.54793367346939,1,s_8183,3ecfaf9a18281279a13c,38
Nigeria_237877,Nigeria,Nigeria_b100028099981,7.2538,10.29772,0,,d87b169d1f4e586d3ab3,38
Algeria_8592,Algeria,Algeria_b99998100058,36.770626666666665,6.089666666666666,0,,b1e4fdde08b82960eb55,39
Angola_923440,Angola,Angola_b99982100028,-9.17473,16.530395,0,,c0004153102c87c21e0d,39
Indonesia_122872,Indonesia,Indonesia_b100017100046,0.52315,117.273065,0,,24bd58188c04e7680bff,39
Iraq_34382,Iraq,Iraq_b99984100039,36.014615,44.486165,1,s_21153,af630a8cff9becd6f617,39
Libya_783,Libya,Libya_b100009099993,28.20909391304348,19.916295507246378,1,s_8168,5c22d60fe855c9deef32,39
Nigeria_211310,Nigeria,Nigeria_b100043099993,8.35983,11.65114,0,,dbe8365070706a873246,39
Algeria_12997,Algeria,Algeria_b99983100059,36.86621,4.49171,0,,1474410ee94d7b38a7e4,40
Angola_327952,Angola,Angola_b99987100030,-9.055876666666666,16.983973333333335,0,,61328bbefa5d3bafa43f,40
Indonesia_31,Indonesia,Indonesia_b99864100011,-2.694406734693877,103.5039451020408,1,s_2475,008e9c406330b22a1bce,40
Iraq_16707,Iraq,Iraq_b99980100052,37.20792,44.11679,0,,e89e0e1966c50ec8f222,40
Libya_2851,Libya,Libya_b99928100026,31.154564117647062,11.63788411764706,1,s_20243,8630793eb0344aaacf28,40
Nigeria_410648,Nigeria,Nigeria_b100016099984,7.4913,9.19324,0,,6a6bc71e0901391b7a32,40
Algeria_3346,Algeria,Algeria_b99982100054,36.4529,4.427135,0,,5869439e3a735a4342b1,41
Angola_394246,Angola,Angola_b99957100028,-9.23574625,14.20072875,0,,431bdc1c4dab3c9f4bca,41
Indonesia_124542,Indonesia,Indonesia_b99983100033,-0.69988,114.22704,0,,e13d3a599b1569bc5b81,41
Iraq_5551,Iraq,Iraq_b100011099988,31.397175,47.4390175,0,,5ac933c3b332c332a403,41
Libya_1222,Libya,Libya_b99955099979,26.95426,14.43211,0,,81915b0a7ffd3df84241,41
Nigeria_468340,Nigeria,Nigeria_b99976099955,4.937445,5.602869999999999,1,s_3769,f31fc31cce99609cf7d3,41
Algeria_11448,Algeria,Algeria_b99997100027,33.98992,5.95358,0,,37b8e58dd0f7d1aabf9b,42
Angola_304077,Angola,Angola_b100009099941,-17.033284,19.015382,0,,503b2e242cef95c22541,42
Indonesia_52236,Indonesia,Indonesia_b99948100039,-0.15783,111.06950499999999,0,,534a8867a47e82a11791,42
Iraq_20360,Iraq,Iraq_b99979100010,33.3858,43.95695,0,,f25ccff5d3ca939ce6e6,42
Libya_1306,Libya,Libya_b100009100036,31.99909,19.99494111111111,0,,905d284354c5e8140117,42
Nigeria_234275,Nigeria,Nigeria_b99994099990,8.100679999999999,7.238510000000001,0,,16c90c27fd83ccbbf6ef,42
Algeria_10367,Algeria,Algeria_b99974100058,36.76094,3.52309,0,,c78d77afad599e193bfa,43
Angola_203314,Angola,Angola_b99987099958,-15.46994111111111,17.003298888888892,0,,cf4bd77d247fec410f2c,43
Indonesia_41182,Indonesia,Indonesia_b99853100034,-0.6016,102.4539,0,,0efce5da75884212d7a8,43
Iraq_26536,Iraq,Iraq_b100010099991,31.67679,47.33799,0,,d35dbd2b2843ea9b5857,43
Libya_1524,Libya,Libya_b99998099993,28.132216790123454,18.789805308641977,1,s_8158,dbb6afedc5628f00d4b8,43
Nigeria_163147,Nigeria,Nigeria_b99958099995,8.555446666666667,3.9192433333333336,0,,47ca8344097eedf790ca,43
Algeria_11754,Algeria,Algeria_b99968100055,36.51485,2.95445,0,,6f02bc37ba01aa761393,44
Angola_704440,Angola,Angola_b100007099983,-13.22409,18.79318,0,,786c668b008854a65e80,44
Indonesia_107991,Indonesia,Indonesia_b99998100008,-2.90853,115.56518,0,,fa76afd852756193e58a,44
Iraq_13566,Iraq,Iraq_b99976100040,36.08345267428571,43.64022563428571,1,s_21145,014f79cbadfb0ee0812c,44
Libya_3074,Libya,Libya_b99960100039,32.28342,14.901565,0,,676b50357d644fb65d6f,44
Nigeria_159358,Nigeria,Nigeria_b99967100032,11.81195,4.717432857142858,0,,4f4984a8268d6a2a05c8,44
Algeria_2905,Algeria,Algeria_b100018100053,36.2993,8.225,0,,b3d4ef13b313ca030fbe,45
Angola_335428,Angola,Angola_b100020100037,-8.419962,20.014276000000002,0,,d55f8f7b22c7399c8a6c,45
Indonesia_45409,Indonesia,Indonesia_b100000100033,-0.7158,115.7107,0,,9c3a2ed3e493a1ae44bd,45
Iraq_27569,Iraq,Iraq_b99992099997,32.178825,45.39432,0,,429782d032d41788ea6a,45
Libya_2204,Libya,Libya_b99955100041,32.45839,14.42757,0,,09c6b135e9dffe4b4fa4,45
Nigeria_188945,Nigeria,Nigeria_b100014099998,8.808663333333334,9.041556666666667,0,,f56bbc9a05633149d996,45
Algeria_9416,Algeria,Algeria_b100027099971,28.92396,9.15504,1,s_8014,6a94b261b3d32b9b760e,46
Angola_843565,Angola,Angola_b100016099992,-12.4200175,19.6599625,0,,1af0c1dab75147797d71,46
Indonesia_68385,Indonesia,Indonesia_b99989100026,-1.2923655555555555,114.75527555555556,1,s_2621,c40cbb2dae7983eb9fd3,46
Iraq_3582,Iraq,Iraq_b100011099983,30.9645,47.36,0,,5738865324f41d510ce5,46
Libya_2413,Libya,Libya_b99951099953,24.56545,13.98341,0,,922798dcf423b44229ac,46
Nigeria_431389,Nigeria,Nigeria_b100058100017,10.523703333333334,13.043096666666665,0,,1c3408f0a665f8c2c03e,46
Algeria_8916,Algeria,Algeria_b99933100045,35.64744,-0.71936,0,,31c5b4accf40c5de88ff,47
Angola_347763,Angola,Angola_b99997099977,-13.7777,17.8542,0,,33be09b41f1d1499ae0a,47
Indonesia_28997,Indonesia,Indonesia_b99991100013,-2.4662866666666665,114.89807,0,,733c647ceb7c0a448d44,47
Iraq_1748,Iraq,Iraq_b99976100039,36.018723296398896,43.67732091412742,1,s_21142a,51ced3cb7487073e77c1,47
Libya_1825,Libya,Libya_b99937100036,32.04601,12.61501,0,,4a626d03988bfae7a6f4,47
Nigeria_419624,Nigeria,Nigeria_b100034100014,10.24097,10.87782,0,,865f14ff8b2d4a907d8a,47
Algeria_12645,Algeria,Algeria_b99996100001,31.6927,5.9237,1,s_20259,533ed3f4edf856b296d6,48
Angola_40412,Angola,Angola_b100013100007,-11.117128750000001,19.3651525,0,,1d211a516e7578f439ce,48
Indonesia_119008,Indonesia,Indonesia_b99893099974,-5.99151,106.08377,0,,a3c6b13a539f4f6f8f5b,48
Iraq_27509,Iraq,Iraq_b99977100032,35.39047,43.78168,0,,95ec0c86ddae65371206,48
Libya_3299,Libya,Libya_b100019100041,32.52799,20.94622,0,,6eed0a32725007cc40bf,48
Nigeria_171296,Nigeria,Nigeria_b99990099963,5.621410625,6.816571875,1,s_3916,163f8a86970d47f884ac,48
Algeria_5963,Algeria,Algeria_b99995100001,31.671786666666666,5.804756666666666,0,,0220722551ce3cf1ffb4,49
Angola_427650,Angola,Angola_b100006099970,-14.404225,18.735695,0,,aa69951cbad251e886eb,49
Indonesia_5037,Indonesia,Indonesia_b100049099931,-9.841988333333333,120.12550666666668,0,,0329218fbe01153e1feb,49
Iraq_33590,Iraq,Iraq_b99976100043,36.32993,43.65284,0,,2431e1daf272e7d8d294,49
Libya_2022,Libya,Libya_b99956100041,32.4692,14.56064,0,,3af600c965ba05a1833c,49
Nigeria_317323,Nigeria,Nigeria_b99982100008,9.681223333333334,6.101116666666667,0,,0a52cc315ffc568e6047,49
Algeria_5422,Algeria,Algeria_b100024099951,27.147532666666667,8.807364333333334,1,s_7878,b1893ff24f353a9b6562,50
Angola_476963,Angola,Angola_b100020099976,-13.832257499999999,20.0057875,0,,6bda03937fd0f0c3d4b5,50
Indonesia_159160,Indonesia,Indonesia_b100067099991,-4.41723,121.79855,0,,da8941172bfd8e49c551,50
Iraq_29886,Iraq,Iraq_b99992100038,35.94304,45.38079,0,,9b48f0013b69da1a22a3,50
Libya_1809,Libya,Libya_b99935100044,32.769725,12.382805,0,,e71a845468601d026e1f,50
Nigeria_9020,Nigeria,Nigeria_b99988099958,5.23118,6.62856,1,s_3749,c86b66bff1c0d247db38,50
Algeria_4110,Algeria,Algeria_b99976100057,36.6901,3.7661,0,,49ff275111f46d94a46d,51
Angola_646089,Angola,Angola_b100023100050,-7.222969999999999,20.301104000000002,0,,9e420cc26b047cca51a6,51
Indonesia_12431,Indonesia,Indonesia_b99940100046,0.5189,110.3237,0,,7efb9e63ea9aa90bd912,51
Iraq_7338,Iraq,Iraq_b99985100026,34.8133,44.5845,0,,3a78f5dabfadeb3d6717,51
Libya_290,Libya,Libya_b99912100001,28.896814,10.02215,1,s_7805a,dd58d0bbf23b2b138990,51
Nigeria_270686,Nigeria,Nigeria_b99993099950,4.490516,7.07718,1,s_4024,300b523a61545c5d159a,51
Algeria_6477,Algeria,Algeria_b99999100003,31.83303,6.16753,1,s_20192,485a80ce5d07c36b39f8,52
Angola_515766,Angola,Angola_b99938100058,-6.4919433333333325,12.483773333333332,1,s_2078,264666e958f7ea8e14d7,52
Indonesia_158694,Indonesia,Indonesia_b99866100023,-1.55984,103.70085,1,s_2356,6b3aaff09346cbf28e0a,52
Iraq_22367,Iraq,Iraq_b99991100023,34.57527,45.30938,0,,6651cd65d6c71e5a3266,52
Libya_2918,Libya,Libya_b100010100037,32.09901,20.06,0,,f7173d7d007c3e2f3f16,52
Nigeria_250240,Nigeria,Nigeria_b99991099978,7.010086666666666,6.955516666666667,0,,98fd6364d3e3940826d2,52
Algeria_8558,Algeria,Algeria_b99989100001,31.65211,5.18566,0,,b6a9f7ed7a3c5f30b144,53
Angola_938524,Angola,Angola_b100021099941,-17.0174,20.05742,0,,86d036a2bf166298c0ae,53
Indonesia_65259,Indonesia,Indonesia_b99913099971,-6.286513888888889,107.88414833333334,1,s_2577,12e492d19ef8da370261,53
Iraq_11494,Iraq,Iraq_b99970100054,37.31474,43.042435,0,,04eeaa4eda058d134761,53
Libya_532,Libya,Libya_b100007100015,30.157005421686748,19.747805421686746,1,s_20656,724e331192938feaa87a,53
Nigeria_170372,Nigeria,Nigeria_b99998099954,4.8672,7.5292,0,,c0317fd1f7a2c02f50b3,53
Algeria_12448,Algeria,Algeria_b100000100055,36.52087,6.33761,0,,408fbbe0300770153d47,54
Angola_461813,Angola,Angola_b99970099962,-15.099722,15.358787999999999,0,,a61788e66a065d6526ad,54
Indonesia_119870,Indonesia,Indonesia_b100270099952,-7.9254,140.08418,0,,d4e8e1682905ada7de14,54
Iraq_20599,Iraq,Iraq_b100003099981,30.824905,46.587149999999994,0,,762213029bd80659d3a3,54
Libya_2066,Libya,Libya_b99968099973,26.37545,15.745055,0,,7d0ac132c4f7bedcf1fa,54
Nigeria_336140,Nigeria,Nigeria_b99986099967,5.986633333333334,6.481316666666667,0,,06f9633b696a8c0fe0a4,54
Algeria_13774,Algeria,Algeria_b99984100057,36.65275,4.5824,0,,c13bc580338856b4f028,55
Angola_72040,Angola,Angola_b100027100005,-11.259285,20.677825,0,,52995de1f64c9f4a10ff,55
Indonesia_87147,Indonesia,Indonesia_b99908099975,-5.895645,107.49137,1,s_2580,ece536d08a0b154b280c,55
Iraq_19277,Iraq,Iraq_b100015099978,30.4922,47.8194,0,,109823e32a903515b3a3,55
Libya_1244,Libya,Libya_b100043100034,31.823259999999998,23.48661,0,,62a5248f8d63e2c3e52f,55
Nigeria_431194,Nigeria,Nigeria_b99971099963,5.6563,5.14677,1,s_3835,34692f4f2b546ad557ce,55
Algeria_8454,Algeria,Algeria_b99969100055,36.51746,3.010915,0,,139bcb23f20622dcf6ba,56
Angola_178585,Angola,Angola_b100034100007,-11.051548,21.311304,0,,1817f6534a3e35570de4,56
Indonesia_165728,Indonesia,Indonesia_b99966099961,-7.171175,112.66642999999999,1,s_2579,2aa00733149c90372955,56
Iraq_29201,Iraq,Iraq_b99981100018,34.14163,44.23172,0,,ec20858a1a5c090d7fd0,56
Libya_2200,Libya,Libya_b100011100038,32.23347,20.16804,0,,88983b9771b6bd5db1ed,56
Nigeria_41576,Nigeria,Nigeria_b99972099963,5.642270476190476,5.200044761904762,1,s_3959,68777dd2ba1cac78f921,56
Algeria_348,Algeria,Algeria_b100017099994,31.016426666666668,8.149877142857143,0,,b15a25bca0f35cc37013,57
Angola_495448,Angola,Angola_b100021100039,-8.175734,20.117474,0,,78b134445530fafca845,57
Indonesia_179405,Indonesia,Indonesia_b100244099948,-8.3136625,137.714265,0,,e5d9301ed22472637963,57
Iraq_2208,Iraq,Iraq_b99980100047,36.690171923076925,44.07019230769231,1,s_21175,d287423d99ec4f95bb76,57
Libya_1895,Libya,Libya_b100033100000,28.8139,22.37816,1,s_8268,5ca1b4dc62a6231e4edf,57
Nigeria_432548,Nigeria,Nigeria_b99949099984,7.53178,3.13864,0,,cc1e8dbd5a70a5ffc9ec,57
Algeria_7113,Algeria,Algeria_b99989100056,36.57133888888889,5.171674444444445,0,,a781a2592e3353822223,58
Angola_896890,Angola,Angola_b99959100027,-9.293416666666667,14.376616666666665,0,,3915d944586b21d1c7f7,58
Indonesia_125839,Indonesia,Indonesia_b100016100030,-0.96225,117.154,1,s_2511,c61bcdcd2f037cdd11db,58
Iraq_32073,Iraq,Iraq_b99974100047,36.67878,43.44906,0,,83bb70e17e6e345e8295,58
Libya_2709,Libya,Libya_b99959099970,26.1013,14.86318,0,,330d137ba28452514aa9,58
Nigeria_284995,Nigeria,Nigeria_b99987099969,6.1639740000000005,6.592771999999999,0,,5b159220ee5bdd899df7,58
Algeria_12627,Algeria,Algeria_b99994100057,36.64641,5.6245,0,,00fcdf2aeb76b0aee7e9,59
Angola_351468,Angola,Angola_b99982099987,-12.841595,16.468405,0,,ab3deda87567b1b45973,59
Indonesia_58698,Indonesia,Indonesia_b99867100017,-2.101393382352941,103.79711941176471,1,s_2386,1d7b0e11252bd70c94a9,59
Iraq_33796,Iraq,Iraq_b99994100032,35.35789,45.54659,0,,9fc1d2282d1002b5c542,59
Libya_1945,Libya,Libya_b99988100008,29.555639999999997,17.808374999999998,0,,2a200f9441389448a776,59
Nigeria_409374,Nigeria,Nigeria_b100036099991,8.158545,10.99849,0,,cb1816aa7ab405b30bd9,59
Algeria_8372,Algeria,Algeria_b99998100003,31.79784,6.13625,0,,3827236cf456021cb719,60
Angola_887950,Angola,Angola_b99936100068,-5.59976,12.26394,1,s_2071,e3cb5ec7d70614f0fd87,60
Indonesia_58888,Indonesia,Indonesia_b100018100038,-0.240998125,117.328496875,1,s_2546,b365a110009dba72fa69,60
Iraq_7482,Iraq,Iraq_b99989100041,36.20043999999999,45.068913333333334,0,,ea1a74b3d6de9c7e420e,60
Libya_2811,Libya,Libya_b99956100040,32.369715,14.53933,0,,8a5a75856ba37f633d5e,60
Nigeria_163317,Nigeria,Nigeria_b99984099968,6.045084545454546,6.275035909090909,1,s_3891,b9d85ed792295da5ec70,60
Algeria_4940,Algeria,Algeria_b99997100045,35.618,5.9656,0,,d8d0a7c59951aa1ea262,61
Angola_731299,Angola,Angola_b99964100009,-10.883915,14.88914,0,,619d7f3e51cf7f14eb35,61
Indonesia_147529,Indonesia,Indonesia_b100097099930,-9.96015,124.45132,0,,19abae63cb684a4544c4,61
Iraq_2237,Iraq,Iraq_b99974100049,36.87142809917355,43.48495561983471,1,s_20890,8e6d36a7502a9f368a9c,61
Libya_3287,Libya,Libya_b99973100003,29.07295,16.27154,0,,5fb686d6e7b6ba68a8a5,61
Nigeria_108843,Nigeria,Nigeria_b99972100021,10.8702,5.1789000000000005,0,,4cc4a5da6ab06772edcd,61
Algeria_10845,Algeria,Algeria_b100016099983,30.04099,7.94321,0,,14866ebd0f983bcdba92,62
Angola_3171,Angola,Angola_b99972100056,-6.68269,15.587445,0,,88edc73b1cb3f7c1bd4d,62
Indonesia_104042,Indonesia,Indonesia_b100045099980,-5.49346,119.77975,0,,b5adb1e2f96e93b03823,62
Iraq_26348,Iraq,Iraq_b99964100051,37.07745,42.43401,0,,4ee1c1065860074aa473,62
Libya_3055,Libya,Libya_b99948100044,32.73352,13.67558,0,,dc2da202998de16e1fc9,62
Nigeria_43770,Nigeria,Nigeria_b99989099961,5.4562425,6.76322625,1,s_4077,5465144f2bacf323080d,62
Algeria_5491,Algeria,Algeria_b99989100057,36.648835000000005,5.17964,0,,9847973d175123d54fad,63
Angola_619866,Angola,Angola_b99935100070,-5.39151,12.209409333333333,1,s_2106,9aacb855fd2188347480,63
Indonesia_59042,Indonesia,Indonesia_b99916099973,-6.095594615384615,108.14001384615383,1,s_2603,bba993fd9332836e2ea6,63
Iraq_3688,Iraq,Iraq_b99977100027,34.9023525,43.80384,1,s_21159,d4c4869ad08d4a615188,63
Libya_1823,Libya,Libya_b99955099980,27.04063875,14.44349,0,,f2e95ca8d35fae1f2685,63
Nigeria_354508,Nigeria,Nigeria_b99957100000,8.96091,3.80226,0,,c9ba76863791ba23d1cf,63
Algeria_11088,Algeria,Algeria_b100015099993,30.943035000000002,7.87611,0,,4c85a851fea01cea5467,64
Angola_1774,Angola,Angola_b99990100029,-9.100719999999999,17.269577333333334,0,,4844a31c89a96c2f9d05,64
Indonesia_148572,Indonesia,Indonesia_b99874099996,-4.00035,104.40773,0,,00abf063700823eb9ab1,64
Iraq_34356,Iraq,Iraq_b99977100038,35.90194,43.72214,0,,28f0302168d02baebe14,64
Libya_819,Libya,Libya_b99930099974,26.43359657142857,11.852723428571428,1,s_7883,b7fc053bacf826bc4464,64
Nigeria_183590,Nigeria,Nigeria_b100004099953,4.72826,8.08046,0,,6cefb18cb00e3d730cf3,64
Algeria_5717,Algeria,Algeria_b100007100011,32.558944999999994,7.0504,1,s_20420,e76d42e903722c55569c,65
Angola_752906,Angola,Angola_b100010099952,-16.06214,19.08756,0,,53c336e30f6410ace668,65
Indonesia_123133,Indonesia,Indonesia_b99962099963,-6.94328,112.26966,0,,6ca475ac09b49234892f,65
Iraq_3621,Iraq,Iraq_b100011099979,30.613833333333332,47.35993333333334,0,,e8d2a43b4ec92a5972da,65
Libya_2913,Libya,Libya_b100011100035,31.96756,20.1743,0,,9ec585d2b6be63d4f0bb,65
Nigeria_273108,Nigeria,Nigeria_b100000099977,6.86651,7.75981,0,,0cad4a1c040ba5da249c,65
Algeria_2927,Algeria,Algeria_b99958100055,36.4835,1.8617825,0,,b32d4e5790ccfad64ae1,66
Angola_602935,Angola,Angola_b99982100054,-6.83831,16.501723333333334,0,,53c03ebf4ce34d42e0dc,66
Indonesia_170122,Indonesia,Indonesia_b99895100009,-2.83282,106.23379,0,,0547d8b8ef78521fafc6,66
Iraq_21885,Iraq,Iraq_b100003099982,30.90702,46.49745,0,,0d898d4e8973402d2b98,66
Libya_448,Libya,Libya_b100008100007,29.450964285714285,19.811405714285716,1,s_8234,bf374616c73b3635b214,66
Nigeria_10753,Nigeria,Nigeria_b99988099961,5.45715995412844,6.694472247706423,1,s_3951,3dd03d6fcffda7d66a00,66
Algeria_4624,Algeria,Algeria_b99995100056,36.6193,5.7692,0,,89ba22581761c8434298,67
Angola_663225,Angola,Angola_b99984100045,-7.67248,16.711055,0,,d276640a8e4eb8840295,67
Indonesia_157979,Indonesia,Indonesia_b100015100077,3.305476666666667,117.08695999999999,0,,7b68246f04d7b5e1aa19,67
Iraq_20233,Iraq,Iraq_b99996100031,35.270315,45.750585,0,,9cfa8433cd7346dfa712,67
Libya_2849,Libya,Libya_b100021100001,28.881855,21.22483,0,,7622e9b670ddff8b7957,67
Nigeria_4780,Nigeria,Nigeria_b100001100012,10.04865,7.840815,0,,5cad8f9332c5354b6916,67
Algeria_13280,Algeria,Algeria_b100002100047,35.82409,6.52911,0,,f40ecc4ac610cfc42eff,68
Angola_836717,Angola,Angola_b100007099981,-13.38234,18.76396,0,,07ea8bf4847f63dd76e5,68
Indonesia_143058,Indonesia,Indonesia_b100254099950,-8.11997,138.59361,0,,e74894827a9dadc7a8e2,68
Iraq_21811,Iraq,Iraq_b99985099999,32.39457,44.60361,0,,da50125bb482c5d89ec8,68
Libya_680,Libya,Libya_b99953099986,27.569,14.2251,0,,a15d3415addf8bb0a1bf,68
Nigeria_120415,Nigeria,Nigeria_b99976099956,5.031682727272727,5.569109090909091,1,s_4088,d591ed5d6756e7e1c120,68
Algeria_4509,Algeria,Algeria_b99991100055,36.5387,5.3225,0,,315dc8951952717f2967,69
Angola_318240,Angola,Angola_b99994100009,-10.945680000000001,17.610014166666666,0,,a44e326395e7476f447f,69
Indonesia_147812,Indonesia,Indonesia_b100054100026,-1.30994,120.6261,0,,a9744863587d26a57eb1,69
Iraq_1383,Iraq,Iraq_b99975100000,32.469755,43.558015,0,,7bf090c161d441fa33ca,69
Libya_920,Libya,Libya_b100024100001,28.921723333333333,21.506976666666663,1,s_8161,8f857620aff77d89d1e4,69
Nigeria_85063,Nigeria,Nigeria_b99980099951,4.555935803571429,5.920675044642857,1,s_3631,84f470600eb0a1b143e9,69
Algeria_5269,Algeria,Algeria_b100031099955,27.526918278688523,9.623741557377048,1,s_7817,d64d5780784d41b482f7,70
Angola_780240,Angola,Angola_b99951100022,-9.759338,13.623277999999999,0,,5fb26e7241776bbe040e,70
Indonesia_81805,Indonesia,Indonesia_b99862100002,-3.44427,103.26322,1,s_2417,749465aa80db894c95d1,70
Iraq_5306,Iraq,Iraq_b99978100007,33.0971,43.867625,0,,822f917bee6b225468f6,70
Libya_798,Libya,Libya_b100033099990,27.945111711026616,22.383070304182507,1,s_8142,efd7f2e3b72350c8d01c,70
Nigeria_34140,Nigeria,Nigeria_b100005099960,5.327421111111111,8.157084444444443,0,,a7ef10c6a30e6bcf0731,70
Algeria_284,Algeria,Algeria_b100004099979,29.668881825396824,6.7244762698412694,1,s_7830,173cf1e858c4199f3e38,71
Angola_75674,Angola,Angola_b99972100036,-8.501878571428572,15.62385142857143,0,,0710ab794e3ff6c88c2f,71
Indonesia_24396,Indonesia,Indonesia_b99863100015,-2.26215,103.39902400000001,0,,0ffd7d7ec8713cf5efa2,71
Iraq_20892,Iraq,Iraq_b100009099983,31.002698,47.136296,0,,03ce3407ca836979d3ea,71
Libya_2065,Libya,Libya_b99954099973,26.3791,14.34575,0,,7c14e39feb0b0a5e0352,71
Nigeria_254401,Nigeria,Nigeria_b99970100019,10.64516,4.97002,0,,ba54beea55127060e7c6,71
Algeria_68,Algeria,Algeria_b99997100001,31.646524779411767,5.9884052022058825,1,m_311,79e7a7fa65c2acd4dd94,72
Angola_251,Angola,Angola_b99937100062,-6.122737802197802,12.344791538461537,1,s_1997,bdb86214c896ec143419,72
Indonesia_61874,Indonesia,Indonesia_b99838100055,1.25617,101.13871499999999,1,s_4562,615d960e6dfe33738a49,72
Iraq_397,Iraq,Iraq_b99966100051,37.075900454545454,42.561313863636364,1,s_21230,c0ffb5131e7b8949542d,72
Libya_198,Libya,Libya_b100019100001,28.900812330097086,20.937695922330096,0,,f9812399f23492a10e58,72
Nigeria_378328,Nigeria,Nigeria_b100062100052,13.676555,13.3561175,0,,939a56aa5af722bbf5ff,72
Algeria_5095,Algeria,Algeria_b100025099968,28.7137,8.9655,1,s_7818b,bc65d1274fa38820d5a9,73
Angola_32648,Angola,Angola_b100025099999,-11.774364,20.493404,0,,980fa28654d72a72059d,73
Indonesia_134859,Indonesia,Indonesia_b100047099993,-4.31727,119.99296,0,,d59a065f462e34ca7ba0,73
Iraq_993,Iraq,Iraq_b100017099977,30.414996685714286,48.089783142857144,1,s_22045,f0fca337a24b2f921e43,73
Libya_2916,Libya,Libya_b99950100041,32.47645,13.8876,0,,ae33cb5ecb33903c009e,73
Nigeria_190541,Nigeria,Nigeria_b99994100017,10.518745,7.2293400000000005,0,,8c901ed4281e958b1b68,73
Algeria_14246,Algeria,Algeria_b100021099994,31.050210000000003,8.499416666666667,1,s_20422,8491451366212b69e59c,74
Angola_465411,Angola,Angola_b100028100036,-8.4999525,20.694905,0,,21e76ba674a04475f4ff,74
Indonesia_110993,Indonesia,Indonesia_b99942100030,-0.91371,110.50939,0,,cbc53103cae2ef6b3edf,74
Iraq_460,Iraq,Iraq_b100010099980,30.6731,47.3069,1,s_22302b,d364b24982b30e981092,74
Libya_1563,Libya,Libya_b100013100022,30.81045,20.37695,0,,d43f29050cb13538ab37,74
Nigeria_262015,Nigeria,Nigeria_b99962099987,7.76605,4.2986450000000005,0,,f33242ab5b5b9a143d90,74
Algeria_5407,Algeria,Algeria_b100020099994,30.987394285714284,8.422756071428571,1,s_20367,655793c8659f21798a93,75
Angola_622437,Angola,Angola_b99994099999,-11.800128235294117,17.63731470588235,0,,807fd0bbe278011f620c,75
Indonesia_46308,Indonesia,Indonesia_b99853099996,-4.016,102.5064,0,,20c94bea09ba3a2bbf47,75
Iraq_35468,Iraq,Iraq_b99963100047,36.74787,42.26084,0,,a41ebc69a437f21150d0,75
Libya_986,Libya,Libya_b99911100000,28.839695000000003,9.904876666666667,1,s_7835a,ab667956312ab02f114f,75
Nigeria_332635,Nigeria,Nigeria_b99949099977,6.8763,3.12178,0,,d87bb8a06440d5af998f,75
Algeria_14177,Algeria,Algeria_b100030099962,28.13766,9.51384,1,s_7929,ec34b3f0af799d0c7637,76
Angola_723031,Angola,Angola_b99979099976,-13.85891,16.240814285714286,0,,9da036eae1f24168ef93,76
Indonesia_129,Indonesia,Indonesia_b100193100013,-2.44061808,133.13767892,1,s_2768,2263f94373183ad11574,76
Iraq_143,Iraq,Iraq_b100010099978,30.492453357664235,47.3261701459854,1,m_377,af4686ef95cf64544fef,76
Libya_2351,Libya,Libya_b100013100039,32.29797666666666,20.37169,0,,4b372bc78af054ae2af5,76
Nigeria_2927,Nigeria,Nigeria_b99976099966,5.901944210526316,5.576108947368421,1,s_3925,7604453bb208d54e0206,76
Algeria_11748,Algeria,Algeria_b99975100051,36.17398,3.70049,0,,c68b40d9b3209168e323,77
Angola_682162,Angola,Angola_b99996100006,-11.178650000000001,17.784402,0,,94eca77cf2a7c25c7461,77
Indonesia_432,Indonesia,Indonesia_b100135100055,1.3013,127.9061,0,,33b7d496b13323af244b,77
Iraq_35473,Iraq,Iraq_b99981100039,35.9552,44.2078,0,,6d57fcbf373fc8fd747a,77
Libya_791,Libya,Libya_b100007100000,28.78405,19.79483,0,,875e4c9cdf7178abf87d,77
Nigeria_4850,Nigeria,Nigeria_b100005099977,6.937286,8.203085,0,,35ecfa3cd33262614595,77
Algeria_13714,Algeria,Algeria_b99968099982,29.96941,2.9572950000000002,0,,55b940100469560082df,78
Angola_496757,Angola,Angola_b99967100048,-7.438258,15.100668000000002,0,,3d7d7a6246bad0d95e76,78
Indonesia_115530,Indonesia,Indonesia_b99930100046,0.4817,109.45371,0,,b24ed98b96adc641ec66,78
Iraq_28437,Iraq,Iraq_b99984099991,31.67472,44.51469,0,,38f5d8afa57c81669ee1,78
Libya_715,Libya,Libya_b100006099999,28.7599,19.6499,1,s_8213,b6f034f84ae1f0ad8366,78
Nigeria_312811,Nigeria,Nigeria_b99991099951,4.52043,6.92273,1,s_4192,e4514f58806866f9f5a9,78
Algeria_3109,Algeria,Algeria_b100015100056,36.58188666666667,7.8419316666666665,0,,f21717406c3df2902b57,79
Angola_383591,Angola,Angola_b100017099934,-17.637871999999998,19.731306,0,,741789978154db3010e3,79
Indonesia_60319,Indonesia,Indonesia_b99862100028,-1.1697562962962964,103.33757444444444,1,s_2414,7d7addd4948c121503d5,79
Iraq_33406,Iraq,Iraq_b99975100047,36.73667,43.54065,0,,c19609e492349afc3b80,79
Libya_1770,Libya,Libya_b99942100045,32.831775,13.079825,0,,f44154d21a7d3f0acb77,79
Nigeria_68077,Nigeria,Nigeria_b99968100025,11.241955,4.79191,0,,3930e18581088049ef68,79
Algeria_12460,Algeria,Algeria_b100014100059,36.86451,7.75167,0,,4953104cdf0321138d37,80
Angola_949154,Angola,Angola_b99959099976,-13.83844,14.38532,0,,a70d1f6ff8604ebdd88f,80
Indonesia_155591,Indonesia,Indonesia_b99838100051,0.9246,101.15438,1,s_4521,bf94a8d7a56facda1ea1,80
Iraq_31970,Iraq,Iraq_b99974100032,35.36495333333334,43.46377666666666,0,,be01112e779dec68e367,80
Libya_638,Libya,Libya_b99950100043,32.7015,13.9529,0,,d2f145f3c614cdad3034,80
Nigeria_170876,Nigeria,Nigeria_b100012100022,10.9319,8.813296666666666,0,,0e1f59a6e80534bd719e,80
Algeria_10090,Algeria,Algeria_b99997100021,33.47464,6.00279,0,,8f5ca9836e153dbde99b,81
Angola_607537,Angola,Angola_b99954100028,-9.2146,13.9261,0,,5254720a8d8060a03358,81
Indonesia_58809,Indonesia,Indonesia_b99915099970,-6.37932090909091,108.11041545454546,1,s_2530,f407391f26707cee2a58,81
Iraq_1231,Iraq,Iraq_b99982100011,33.49034683237731,44.3443933460803,1,s_21146,3b658d673d1804b9b49d,81
Libya_3039,Libya,Libya_b99930100046,32.96968,11.8205,0,,6c80d54755a9ad69262e,81
Nigeria_296628,Nigeria,Nigeria_b100069100036,12.183356666666667,14.047026666666667,0,,e2c2711aaeb220e4c757,81
Algeria_7538,Algeria,Algeria_b99991100056,36.60107,5.309516666666666,0,,932d01c28e696ca2f675,82
Angola_640099,Angola,Angola_b99982099995,-12.161243333333333,16.526306666666667,0,,0ecd89e746c42af24519,82
Indonesia_114135,Indonesia,Indonesia_b99872099999,-3.742495,104.239905,1,s_2407,e0bb70c0c0b61f1b43d9,82
Iraq_12327,Iraq,Iraq_b99979100036,35.68547,44.01405333333333,1,s_21396,8f7425737a6bba3522d2,82
Libya_394,Libya,Libya_b100008100009,29.649786250000002,19.8620921875,1,s_8232,dba3c742dbc731caa0d1,82
Nigeria_369623,Nigeria,Nigeria_b99988099969,6.153096,6.656748,0,,507ce1b90f134c70443e,82
Algeria_4710,Algeria,Algeria_b99986100055,36.5094,4.8699,0,,65f46558ccdacedd0688,83
Angola_814403,Angola,Angola_b100001100004,-11.3389475,18.204864999999998,0,,c62ba6626ad604315fdb,83
Indonesia_52306,Indonesia,Indonesia_b100135099949,-8.199355,127.92801,0,,082a85c14c4fdf6ce7e0,83
Iraq_13539,Iraq,Iraq_b99975100032,35.3736,43.6078,0,,7e9f5ac33fe241d3428b,83
Libya_1046,Libya,Libya_b100007100001,28.86715,19.7532,0,,ed57938a13e4d1bb5e50,83
Nigeria_309678,Nigeria,Nigeria_b99975099962,5.573545,5.425244166666666,1,s_4016,3b2622cb6ff505adffec,83
Algeria_10163,Algeria,Algeria_b100014100057,36.67584,7.79717,0,,c9217b57210e47b00f60,84
Angola_69581,Angola,Angola_b100017100040,-8.130714000000001,19.700774000000003,0,,7881d964e6236a96f802,84
Indonesia_104759,Indonesia,Indonesia_b99966100036,-0.4518,112.68754,0,,26ceffeca845b7544a09,84
Iraq_5452,Iraq,Iraq_b99984099996,32.1129,44.5412,0,,5f69cda5fe3484700e73,84
Libya_738,Libya,Libya_b100017099997,28.52844597938144,20.7900281443299,1,s_8174,e193bfd2b48c9659d598,84
Nigeria_261221,Nigeria,Nigeria_b99995100013,10.13202,7.266115,0,,07bcdde512d68a3f03bc,84
Algeria_5389,Algeria,Algeria_b100026099968,28.7082,9.03954,1,m_98,9d3638bb0db9b7968453,85
Angola_907476,Angola,Angola_b100039099957,-15.613775,21.708235000000002,0,,0ee7e57ddfa9b467df19,85
Indonesia_86099,Indonesia,Indonesia_b100019100042,0.08559749999999999,117.4761025,1,s_4742,cebd02be602eab019400,85
Iraq_241,Iraq,Iraq_b99981100033,35.41896927787934,44.219037714808046,1,s_20930,51b4d54ad031e43b9e8b,85
Libya_2303,Libya,Libya_b99939100043,32.69489,12.75857,0,,3ec37e52328485345b25,85
Nigeria_14482,Nigeria,Nigeria_b99986099965,5.830885,6.438834999999999,1,s_3875,60ca9b1094f501cdf5cc,85
Algeria_12990,Algeria,Algeria_b99964099952,27.20228,2.46761,0,,4ca079f0b11758a338e9,86
Angola_404749,Angola,Angola_b99985100007,-11.081511666666666,16.745791666666666,0,,01e42d0a2a8739a514b4,86
Indonesia_60731,Indonesia,Indonesia_b100013100025,-1.43277,116.91131,1,s_2554,c9f0fff8de3c51f3130b,86
Iraq_4,Iraq,Iraq_b99978100036,35.686175136635356,43.876453114859096,1,s_21106,5b7a6bf68c69d3091e44,86
Libya_1980,Libya,Libya_b99954099971,26.19755,14.326509999999999,0,,08615294fa63b1748c5c,86
Nigeria_237748,Nigeria,Nigeria_b99994099956,4.984444444444445,7.176461111111111,1,s_3719,54bebcd6fe5fc2ae0310,86
Algeria_11477,Algeria,Algeria_b100006100033,34.53409,6.976763333333333,0,,ba44ecce8cbca1a531b3,87
Angola_325469,Angola,Angola_b100016100010,-10.782682,19.611902,0,,67ce73713ddc6d01ffce,87
Indonesia_159902,Indonesia,Indonesia_b100031099946,-8.496395,118.549105,0,,3fd64bea714106b72c4a,87
Iraq_8043,Iraq,Iraq_b100011099976,30.36092,47.36998,0,,ce0ffc2710f3bca26d0a,87
Libya_2789,Libya,Libya_b99956099956,24.87388,14.53162,0,,e7335b246798f03d96d8,87
Nigeria_127364,Nigeria,Nigeria_b100002099962,5.543708571428572,7.950201428571428,0,,318cfd2050b801787e61,87
Algeria_2594,Algeria,Algeria_b100006100007,32.210251853785905,6.969057859007833,1,s_20300,5f2a90a4438c87b224d1,88
Angola_770424,Angola,Angola_b99938100061,-6.2339199999999995,12.445487142857143,1,s_2003,77e2c98b069cb397e6f4,88
Indonesia_110371,Indonesia,Indonesia_b100258099958,-7.43747,138.99417,0,,947c50ae79cb5a08abda,88
Iraq_331,Iraq,Iraq_b100008099979,30.562715095652177,47.09754819130435,1,s_22106,be506edc22aed889a68b,88
Libya_231,Libya,Libya_b99911100001,28.852461751592354,9.917219267515923,1,s_7857,2c0ed761b5a4e2f9c69e,88
Nigeria_320772,Nigeria,Nigeria_b100059100010,9.825175,13.129475,0,,5a5460fbec775374ca86,88
Algeria_3871,Algeria,Algeria_b99970100055,36.500375,3.19064,0,,22c3d8c7863574ee6453,89
Angola_591631,Angola,Angola_b100012099963,-15.072732857142856,19.291325714285712,0,,12b4a9bc4d5675daa7e6,89
Indonesia_96268,Indonesia,Indonesia_b100050099931,-9.828759999999999,120.20213000000001,0,,c9490b508b4d935b6ce2,89
Iraq_35588,Iraq,Iraq_b99967100051,37.099875,42.7469,0,,1a5b8abbf10e6d1829f5,89
Libya_3275,Libya,Libya_b100020100007,29.479315,21.079755,1,s_8081,69ef747e22626901e95f,89
Nigeria_235173,Nigeria,Nigeria_b99997099986,7.7399644444444435,7.438793333333333,0,,a816ffca36d773089f03,89
Algeria_13025,Algeria,Algeria_b99928100038,34.9432,-1.29612,0,,84d0510ae1b6cfa8b719,90
Angola_543834,Angola,Angola_b99969100016,-10.26971,15.2748675,0,,76ee85f8a423eea83472,90
Indonesia_44152,Indonesia,Indonesia_b100041099933,-9.632825,119.41447500000001,0,,7b7c88f00fb2f0fde80a,90
Iraq_7412,Iraq,Iraq_b99982100044,36.4632,44.3608,0,,c0f8769b8c1c6f30a2ef,90
Libya_2232,Libya,Libya_b100015100041,32.51839,20.57109,0,,53b02131ad87a4c0b62d,90
Nigeria_42895,Nigeria,Nigeria_b99989099962,5.507922777777778,6.7008383333333335,1,s_4184,f357fdc80f80a7f1f4b9,90
Algeria_3826,Algeria,Algeria_b100027099969,28.733721710526318,9.155724210526316,1,m_99,c8b91b6befc23b55b33c,91
Angola_229659,Angola,Angola_b99997099966,-14.766642857142857,17.876072857142855,0,,5a6e740c561b2371908b,91
Indonesia_154966,Indonesia,Indonesia_b100024100051,0.94637,117.89006,0,,662f2a45ea8418d128f1,91
Iraq_6436,Iraq,Iraq_b99974100037,35.7847,43.47345,0,,3d4c7c8f3cc879691645,91
Libya_723,Libya,Libya_b100023099999,28.758823125,21.415339375000002,1,s_8270,82c2ebb1d504d2fe01f1,91
Nigeria_344834,Nigeria,Nigeria_b99986099969,6.155736666666666,6.455613333333334,0,,a77b91286a7640022dad,91
Algeria_10029,Algeria,Algeria_b99976100055,36.48229,3.7257200000000004,0,,a0c02a4ae532973fc287,92
Angola_581554,Angola,Angola_b100051100001,-11.657205,22.881975,0,,8f95ca9c19c658f4ef44,92
Indonesia_45522,Indonesia,Indonesia_b100015100057,1.4684,117.0835,0,,87e194dde4ea31688d49,92
Iraq_35853,Iraq,Iraq_b99972100033,35.49239,43.2831,0,,2f882928b5e73cea32f6,92
Libya_2964,Libya,Libya_b100022100000,28.83303,21.31841,1,s_8197,9177320e1acfd3c1738f,92
Nigeria_315146,Nigeria,Nigeria_b99982099960,5.356526666666667,6.144623333333333,1,s_3720,5acb4fec00d9f96322b9,92
Algeria_5639,Algeria,Algeria_b99999100001,31.69076181818182,6.234672727272727,0,,8277881bb66468b6be40,93
Angola_592778,Angola,Angola_b99978100052,-7.069342000000001,16.129834,0,,ea44c591e59471d2d05c,93
Indonesia_127020,Indonesia,Indonesia_b99845100032,-0.77722,101.81191,0,,810fa560a357d8c35fc7,93
Iraq_13569,Iraq,Iraq_b100011099996,32.0963992732049,47.42644210157618,1,m_338,bb898a70ae891278b65f,93
Libya_161,Libya,Libya_b100008099991,27.988348902439025,19.902976951219514,1,s_8181,eac1ca6c5c22206fe04c,93
Nigeria_287921,Nigeria,Nigeria_b99989099951,4.558485,6.7071125,1,s_3847,cb1f265132e30406e156,93
Algeria_3176,Algeria,Algeria_b100015100055,36.4834375,7.9381225,0,,a5d8b3c2634e8141a503,94
Angola_408886,Angola,Angola_b99967100064,-5.946466666666667,15.100693333333334,0,,1b85103394a3b481e5d8,94
Indonesia_34452,Indonesia,Indonesia_b100003100039,-0.12305,116.05242333333332,0,,f46d8361fa7cc66eb333,94
Iraq_5515,Iraq,Iraq_b99978100012,33.53795,43.841139999999996,0,,514ed645883a58be14ef,94
Libya_1487,Libya,Libya_b100002099992,28.104757142857142,19.24725,1,s_8190,587a07bd7514b6e5179e,94
Nigeria_457601,Nigeria,Nigeria_b99983099960,5.33585,6.238555,1,s_3828,8cce091ad4fc253a5159,94
Algeria_9285,Algeria,Algeria_b99997100004,31.880945,5.970165,1,s_20144,232f16f19580eab836fe,95
Angola_582026,Angola,Angola_b99973100000,-11.699036666666666,15.686253333333333,0,,70e19e8136ea50f8f4d8,95
Indonesia_132026,Indonesia,Indonesia_b99957100002,-3.432120769230769,111.8590576923077,0,,392e976fde67bad88e93,95
Iraq_32265,Iraq,Iraq_b99967100049,36.88495,42.678525,0,,16f18c707c2f65fd238c,95
Libya_2443,Libya,Libya_b100019099993,28.16597333333333,20.999386666666666,0,,4d8f2f2d4a1e21927e66,95
Nigeria_48802,Nigeria,Nigeria_b99987100043,12.8472875,6.5381599999999995,0,,629347aeec784124500d,95
Algeria_5745,Algeria,Algeria_b100022099995,31.105316666666667,8.656828333333333,1,s_20329,1fa0ea0e735daec9da25,96
Angola_102694,Angola,Angola_b100009100038,-8.26428,19.023118333333333,0,,871d6c3aef790f5ae74a,96
Indonesia_58467,Indonesia,Indonesia_b99863100028,-1.16841,103.43168,1,s_2338,71680abb1b550afc408c,96
Iraq_28849,Iraq,Iraq_b99966100046,36.64879666666667,42.647153333333335,1,s_20895,80eba5b518a95fa0d1e3,96
Libya_3033,Libya,Libya_b99929100028,31.317514358974357,11.800077692307692,1,s_20283,ae6c60a96f42d1e69fd3,96
Nigeria_61521,Nigeria,Nigeria_b99981099962,5.520549795918367,6.05767380952381,1,s_3845,56f5ff707c71f2d11ff6,96
Algeria_12602,Algeria,Algeria_b100020099995,31.083784,8.364576,1,s_20337,cee979182a161fc3e087,97
Angola_832942,Angola,Angola_b99989099950,-16.188758571428572,17.113647142857143,0,,c509ca2880bd7b94e7cc,97
Indonesia_135227,Indonesia,Indonesia_b99871099993,-4.30039,104.10135,0,,8161a948381afe6accec,97
Iraq_27382,Iraq,Iraq_b99982100033,35.41557,44.290499999999994,0,,a5b09c1e48a4271c2424,97
Libya_2682,Libya,Libya_b100031100045,32.880375,22.19236,0,,94229e578c53e115502e,97
Nigeria_418927,Nigeria,Nigeria_b100069100030,11.633972499999999,14.03705,0,,fb7960582253e3eab7ca,97
Algeria_13863,Algeria,Algeria_b99956100052,36.2332925,1.6718600000000001,0,,63c3dd2d3d5cbe25cf16,98
Angola_267723,Angola,Angola_b100036099946,-16.558885,21.486875,0,,650196f961fb658afa15,98
Indonesia_80220,Indonesia,Indonesia_b100065100024,-1.4972425,121.581845,0,,dfd4fe4c16c25f3187a0,98
Iraq_28193,Iraq,Iraq_b99988100003,32.71561,44.98629,0,,6668b5cb52d0f17d7594,98
Libya_2569,Libya,Libya_b99950100044,32.73697,13.93071,0,,10ba9f6f19252fda5aed,98
Nigeria_290600,Nigeria,Nigeria_b99987099957,5.09401,6.564514,1,s_4058a,04ad07ba54484971075c,98
Algeria_5089,Algeria,Algeria_b100005099982,29.9499,6.8572,1,s_7823,30730fb2b7fa6f4a76d9,99
Angola_589681,Angola,Angola_b100030100007,-11.08007,20.93522,0,,59e1eb6838c61a609930,99
Indonesia_82813,Indonesia,Indonesia_b100259099967,-6.6518250000000005,139.08345500000001,0,,3ee0da9202a75b5302da,99
Iraq_1179,Iraq,Iraq_b99983099996,32.10207,44.45673,0,,6d3ed751217a158605b7,99
Libya_857,Libya,Libya_b100024100004,29.189713853211007,21.525108990825686,1,m_127,79f8ee1aa29cbd1fae00,99
Nigeria_141816,Nigeria,Nigeria_b99980100021,10.815195000000001,5.891911666666666,0,,d083be0a104833ed1126,99
