seed,held_out_country,branch,inner_macro_ap,inner_macro_f1,threshold,fusion_alpha,inner_selected_branch,branch_selection_diagnostics,alpha_diagnostics
272,Algeria,compact_tabular,0.9006153591614329,0.7911787326048787,0.3971398443159707,,,,
272,Algeria,all77_tabular,0.9046300398818644,0.8012222222222223,0.4197253645254905,,,,
272,Algeria,handcrafted_image,0.7681941595985191,0.6542417582417582,0.3281177964480092,,,,
272,Algeria,cnn_only,0.7212978805605397,0.6168783082979107,0.3628605864804827,,,,
272,Algeria,cv_multispectral,0.760672882222155,0.650505730702165,0.2941585321609882,,,,
272,Algeria,guarded_cv_tabular,0.924338539481776,0.804,0.6052371218816425,0.5,,,"[{""alpha"": 0.0, ""macro_ap"": 0.9006153591614329, ""gain"": 0.0, ""improved_countries"": 0, ""worst_delta"": 0.0, ""eligible"": true}, {""alpha"": 0.15, ""macro_ap"": 0.9166063108951595, ""gain"": 0.015990951733726666, ""improved_countries"": 5, ""worst_delta"": 0.005781605781605803, ""eligible"": true}, {""alpha"": 0.3, ""macro_ap"": 0.9212424116651764, ""gain"": 0.020627052503743526, ""improved_countries"": 4, ""worst_delta"": -0.0019100783269423438, ""eligible"": true}, {""alpha"": 0.5, ""macro_ap"": 0.9243385394817759, ""gain"": 0.02372318032034304, ""improved_countries"": 4, ""worst_delta"": -0.021047210422583396, ""eligible"": true}, {""alpha"": 0.7, ""macro_ap"": 0.9090881545441926, ""gain"": 0.00847279538275969, ""improved_countries"": 4, ""worst_delta"": -0.05054859430291958, ""eligible"": false}]"
272,Algeria,nested_champion,0.924338539481776,0.804,0.6052371218816425,,guarded_cv_tabular,"[{""branch"": ""compact_tabular"", ""macro_ap"": 0.9006153591614329, ""macro_ap_gain"": 0.0, ""macro_f1"": 0.7911787326048787, ""macro_f1_delta"": 0.0, ""improved_countries"": 0, ""worst_country_delta"": 0.0, ""eligible"": true}, {""branch"": ""all77_tabular"", ""macro_ap"": 0.9046300398818643, ""macro_ap_gain"": 0.004014680720431429, ""macro_f1"": 0.8012222222222223, ""macro_f1_delta"": 0.010043489617343582, ""improved_countries"": 3, ""worst_country_delta"": -0.02777777777777768, ""eligible"": false}, {""branch"": ""guarded_cv_tabular"", ""macro_ap"": 0.9243385394817759, ""macro_ap_gain"": 0.02372318032034304, ""macro_f1"": 0.804, ""macro_f1_delta"": 0.01282126739512135, ""improved_countries"": 4, ""worst_country_delta"": -0.021047210422583396, ""eligible"": true}]",
272,Angola,compact_tabular,0.8544242823246704,0.7664285714285713,0.4329732047222382,,,,
272,Angola,all77_tabular,0.8781352974310284,0.814256605463502,0.3839802859609237,,,,
272,Angola,handcrafted_image,0.755120438548641,0.6422564102564102,0.4050892341386112,,,,
272,Angola,cnn_only,0.7418425879237169,0.627676964505609,0.1756168068274605,,,,
272,Angola,cv_multispectral,0.7696818866683436,0.6607859723576304,0.167340834628933,,,,
272,Angola,guarded_cv_tabular,0.8921409418548599,0.7196899874319229,0.5996438694768309,0.7,,,"[{""alpha"": 0.0, ""macro_ap"": 0.8544242823246704, ""gain"": 0.0, ""improved_countries"": 0, ""worst_delta"": 0.0, ""eligible"": true}, {""alpha"": 0.15, ""macro_ap"": 0.8647063587845156, ""gain"": 0.010282076459845246, ""improved_countries"": 5, ""worst_delta"": 0.00034652879480467913, ""eligible"": true}, {""alpha"": 0.3, ""macro_ap"": 0.87676502950123, ""gain"": 0.02234074717655965, ""improved_countries"": 5, ""worst_delta"": 0.0068815766986498605, ""eligible"": true}, {""alpha"": 0.5, ""macro_ap"": 0.8855394931711483, ""gain"": 0.031115210846477948, ""improved_countries"": 4, ""worst_delta"": -0.003126927214960551, ""eligible"": true}, {""alpha"": 0.7, ""macro_ap"": 0.8921409418548599, ""gain"": 0.037716659530189545, ""improved_countries"": 4, ""worst_delta"": -0.015826333729246023, ""eligible"": true}]"
272,Angola,nested_champion,0.8781352974310284,0.814256605463502,0.3839802859609237,,all77_tabular,"[{""branch"": ""compact_tabular"", ""macro_ap"": 0.8544242823246704, ""macro_ap_gain"": 0.0, ""macro_f1"": 0.7664285714285713, ""macro_f1_delta"": 0.0, ""improved_countries"": 0, ""worst_country_delta"": 0.0, ""eligible"": true}, {""branch"": ""all77_tabular"", ""macro_ap"": 0.8781352974310284, ""macro_ap_gain"": 0.02371101510635798, ""macro_f1"": 0.814256605463502, ""macro_f1_delta"": 0.04782803403493063, ""improved_countries"": 4, ""worst_country_delta"": -0.006635924318851183, ""eligible"": true}, {""branch"": ""guarded_cv_tabular"", ""macro_ap"": 0.8921409418548599, ""macro_ap_gain"": 0.037716659530189545, ""macro_f1"": 0.7196899874319229, ""macro_f1_delta"": -0.04673858399664843, ""improved_countries"": 4, ""worst_country_delta"": -0.015826333729246023, ""eligible"": false}]",
272,Indonesia,compact_tabular,0.8497870282326895,0.7160752688172043,0.5105571822744435,,,,
272,Indonesia,all77_tabular,0.8600760531951707,0.7138800518439967,0.2627045949236709,,,,
272,Indonesia,handcrafted_image,0.6971917542838185,0.5513419740777667,0.1288452408226737,,,,
272,Indonesia,cnn_only,0.6957889081985498,0.6255172570700521,0.5635262580893734,,,,
272,Indonesia,cv_multispectral,0.7308115526086114,0.6695331655483459,0.657882517703734,,,,
272,Indonesia,guarded_cv_tabular,0.9045199401732836,0.7277635327635328,0.6533414101332545,0.5,,,"[{""alpha"": 0.0, ""macro_ap"": 0.8497870282326895, ""gain"": 0.0, ""improved_countries"": 0, ""worst_delta"": 0.0, ""eligible"": true}, {""alpha"": 0.15, ""macro_ap"": 0.866580683312141, ""gain"": 0.01679365507945152, ""improved_countries"": 4, ""worst_delta"": -0.003842775581905933, ""eligible"": true}, {""alpha"": 0.3, ""macro_ap"": 0.8910659425788108, ""gain"": 0.0412789143461213, ""improved_countries"": 5, ""worst_delta"": 0.002902142660207163, ""eligible"": true}, {""alpha"": 0.5, ""macro_ap"": 0.9045199401732835, ""gain"": 0.05473291194059404, ""improved_countries"": 4, ""worst_delta"": -0.010167702667702616, ""eligible"": true}, {""alpha"": 0.7, ""macro_ap"": 0.8872719555437829, ""gain"": 0.03748492731109343, ""improved_countries"": 4, ""worst_delta"": -0.016434940109243845, ""eligible"": true}]"
272,Indonesia,nested_champion,0.9045199401732836,0.7277635327635328,0.6533414101332545,,guarded_cv_tabular,"[{""branch"": ""compact_tabular"", ""macro_ap"": 0.8497870282326895, ""macro_ap_gain"": 0.0, ""macro_f1"": 0.7160752688172043, ""macro_f1_delta"": 0.0, ""improved_countries"": 0, ""worst_country_delta"": 0.0, ""eligible"": true}, {""branch"": ""all77_tabular"", ""macro_ap"": 0.8600760531951707, ""macro_ap_gain"": 0.010289024962481186, ""macro_f1"": 0.7138800518439967, ""macro_f1_delta"": -0.00219521697320757, ""improved_countries"": 4, ""worst_country_delta"": -0.024729437229437212, ""eligible"": true}, {""branch"": ""guarded_cv_tabular"", ""macro_ap"": 0.9045199401732835, ""macro_ap_gain"": 0.05473291194059404, ""macro_f1"": 0.7277635327635328, ""macro_f1_delta"": 0.011688263946328492, ""improved_countries"": 4, ""worst_country_delta"": -0.010167702667702616, ""eligible"": true}]",
272,Iraq,compact_tabular,0.8736710967195128,0.7822209188660803,0.4132129100385852,,,,
272,Iraq,all77_tabular,0.8821614572056266,0.7644707170224412,0.3581739964673836,,,,
272,Iraq,handcrafted_image,0.8003680720170685,0.6894158981115502,0.3616922209700071,,,,
272,Iraq,cnn_only,0.7393862432706066,0.6889010989010989,0.414887582670379,,,,
272,Iraq,cv_multispectral,0.7991778497923936,0.7090647878207587,0.7206670962744626,,,,
272,Iraq,guarded_cv_tabular,0.9180373854699052,0.7572346259302781,0.6136323010046248,0.5,,,"[{""alpha"": 0.0, ""macro_ap"": 0.8736710967195128, ""gain"": 0.0, ""improved_countries"": 0, ""worst_delta"": 0.0, ""eligible"": true}, {""alpha"": 0.15, ""macro_ap"": 0.8909613422900972, ""gain"": 0.01729024557058434, ""improved_countries"": 5, ""worst_delta"": 0.0028521293807670656, ""eligible"": true}, {""alpha"": 0.3, ""macro_ap"": 0.9043009706691194, ""gain"": 0.03062987394960659, ""improved_countries"": 5, ""worst_delta"": 0.0039527457761247, ""eligible"": true}, {""alpha"": 0.5, ""macro_ap"": 0.9180373854699052, ""gain"": 0.04436628875039239, ""improved_countries"": 5, ""worst_delta"": 0.001060862315090505, ""eligible"": true}, {""alpha"": 0.7, ""macro_ap"": 0.9178716156130893, ""gain"": 0.04420051889357646, ""improved_countries"": 4, ""worst_delta"": -0.010601514366370801, ""eligible"": true}]"
272,Iraq,nested_champion,0.8736710967195128,0.7822209188660803,0.4132129100385852,,compact_tabular,"[{""branch"": ""compact_tabular"", ""macro_ap"": 0.8736710967195128, ""macro_ap_gain"": 0.0, ""macro_f1"": 0.7822209188660803, ""macro_f1_delta"": 0.0, ""improved_countries"": 0, ""worst_country_delta"": 0.0, ""eligible"": true}, {""branch"": ""all77_tabular"", ""macro_ap"": 0.8821614572056266, ""macro_ap_gain"": 0.008490360486113735, ""macro_f1"": 0.7644707170224412, ""macro_f1_delta"": -0.01775020184363907, ""improved_countries"": 3, ""worst_country_delta"": -0.019179569500294646, ""eligible"": false}, {""branch"": ""guarded_cv_tabular"", ""macro_ap"": 0.9180373854699052, ""macro_ap_gain"": 0.04436628875039239, ""macro_f1"": 0.7572346259302781, ""macro_f1_delta"": -0.024986292935802124, ""improved_countries"": 5, ""worst_country_delta"": 0.001060862315090505, ""eligible"": false}]",
272,Libya,compact_tabular,0.873839319064535,0.7531711804956586,0.4387212543467839,,,,
272,Libya,all77_tabular,0.8679343536621982,0.747227191413238,0.2607309400191953,,,,
272,Libya,handcrafted_image,0.8379107444898682,0.6669654906497011,0.4848342195025487,,,,
272,Libya,cnn_only,0.7662488907551491,0.6357957957957958,0.7472387527164887,,,,
272,Libya,cv_multispectral,0.8208516563613601,0.6659514398644834,0.4281628149700965,,,,
272,Libya,guarded_cv_tabular,0.9173695001332708,0.756440687712035,0.6356276277355034,0.7,,,"[{""alpha"": 0.0, ""macro_ap"": 0.873839319064535, ""gain"": 0.0, ""improved_countries"": 0, ""worst_delta"": 0.0, ""eligible"": true}, {""alpha"": 0.15, ""macro_ap"": 0.8940471777783404, ""gain"": 0.02020785871380537, ""improved_countries"": 5, ""worst_delta"": 0.005171336369341306, ""eligible"": true}, {""alpha"": 0.3, ""macro_ap"": 0.9049771372575126, ""gain"": 0.031137818192977562, ""improved_countries"": 5, ""worst_delta"": 0.002720355977184452, ""eligible"": true}, {""alpha"": 0.5, ""macro_ap"": 0.9134793829862105, ""gain"": 0.039640063921675406, ""improved_countries"": 4, ""worst_delta"": -0.0009331048129546105, ""eligible"": true}, {""alpha"": 0.7, ""macro_ap"": 0.9173695001332707, ""gain"": 0.04353018106873563, ""improved_countries"": 5, ""worst_delta"": 0.0009643006138626564, ""eligible"": true}]"
272,Libya,nested_champion,0.9173695001332708,0.756440687712035,0.6356276277355034,,guarded_cv_tabular,"[{""branch"": ""compact_tabular"", ""macro_ap"": 0.873839319064535, ""macro_ap_gain"": 0.0, ""macro_f1"": 0.7531711804956586, ""macro_f1_delta"": 0.0, ""improved_countries"": 0, ""worst_country_delta"": 0.0, ""eligible"": true}, {""branch"": ""all77_tabular"", ""macro_ap"": 0.8679343536621982, ""macro_ap_gain"": -0.00590496540233687, ""macro_f1"": 0.747227191413238, ""macro_f1_delta"": -0.005943989082420553, ""improved_countries"": 3, ""worst_country_delta"": -0.08115276737968102, ""eligible"": false}, {""branch"": ""guarded_cv_tabular"", ""macro_ap"": 0.9173695001332707, ""macro_ap_gain"": 0.04353018106873563, ""macro_f1"": 0.756440687712035, ""macro_f1_delta"": 0.0032695072163764216, ""improved_countries"": 5, ""worst_country_delta"": 0.0009643006138626564, ""eligible"": true}]",
272,Nigeria,compact_tabular,0.8654926460621206,0.7303228563551143,0.3356966683985786,,,,
272,Nigeria,all77_tabular,0.8602956276501639,0.7266904761904762,0.4558249483378754,,,,
272,Nigeria,handcrafted_image,0.7791487472145116,0.6454152829368691,0.1303435754153173,,,,
272,Nigeria,cnn_only,0.7252599359725275,0.6932353985608821,0.7192722681050803,,,,
272,Nigeria,cv_multispectral,0.8237546239193814,0.7231401366994586,0.2443727335201961,,,,
272,Nigeria,guarded_cv_tabular,0.9331656566635392,0.7866343454278173,0.5090754443883792,0.5,,,"[{""alpha"": 0.0, ""macro_ap"": 0.8654926460621206, ""gain"": 0.0, ""improved_countries"": 0, ""worst_delta"": 0.0, ""eligible"": true}, {""alpha"": 0.15, ""macro_ap"": 0.9017830533337108, ""gain"": 0.036290407271590164, ""improved_countries"": 5, ""worst_delta"": 0.002797902986563461, ""eligible"": true}, {""alpha"": 0.3, ""macro_ap"": 0.9169867474102986, ""gain"": 0.051494101348178, ""improved_countries"": 5, ""worst_delta"": 0.006342352043792299, ""eligible"": true}, {""alpha"": 0.5, ""macro_ap"": 0.9331656566635393, ""gain"": 0.06767301060141873, ""improved_countries"": 5, ""worst_delta"": 0.005061667727054853, ""eligible"": true}, {""alpha"": 0.7, ""macro_ap"": 0.9302289717496913, ""gain"": 0.0647363256875707, ""improved_countries"": 5, ""worst_delta"": 0.002544679128472338, ""eligible"": true}]"
272,Nigeria,nested_champion,0.9331656566635392,0.7866343454278173,0.5090754443883792,,guarded_cv_tabular,"[{""branch"": ""compact_tabular"", ""macro_ap"": 0.8654926460621206, ""macro_ap_gain"": 0.0, ""macro_f1"": 0.7303228563551143, ""macro_f1_delta"": 0.0, ""improved_countries"": 0, ""worst_country_delta"": 0.0, ""eligible"": true}, {""branch"": ""all77_tabular"", ""macro_ap"": 0.8602956276501639, ""macro_ap_gain"": -0.005197018411956744, ""macro_f1"": 0.7266904761904762, ""macro_f1_delta"": -0.0036323801646380716, ""improved_countries"": 2, ""worst_country_delta"": -0.032495868222511715, ""eligible"": false}, {""branch"": ""guarded_cv_tabular"", ""macro_ap"": 0.9331656566635393, ""macro_ap_gain"": 0.06767301060141873, ""macro_f1"": 0.7866343454278173, ""macro_f1_delta"": 0.056311489072703, ""improved_countries"": 5, ""worst_country_delta"": 0.005061667727054853, ""eligible"": true}]",
273,Algeria,compact_tabular,0.905620722798519,0.8063302477563938,0.4207180908374289,,,,
273,Algeria,all77_tabular,0.8919730550611693,0.8068641718641719,0.3891526749161256,,,,
273,Algeria,handcrafted_image,0.7616286567287688,0.6421452761075404,0.2913123934809503,,,,
273,Algeria,cnn_only,0.7265735841616876,0.618660640434834,0.3675508039770767,,,,
273,Algeria,cv_multispectral,0.7704391663721774,0.6516604374889119,0.2917504754091016,,,,
273,Algeria,guarded_cv_tabular,0.9235741340363725,0.8044017094017094,0.6291157948755031,0.3,,,"[{""alpha"": 0.0, ""macro_ap"": 0.905620722798519, ""gain"": 0.0, ""improved_countries"": 0, ""worst_delta"": 0.0, ""eligible"": true}, {""alpha"": 0.15, ""macro_ap"": 0.915873776984071, ""gain"": 0.010253054185552002, ""improved_countries"": 5, ""worst_delta"": 0.006675157537226584, ""eligible"": true}, {""alpha"": 0.3, ""macro_ap"": 0.9235741340363723, ""gain"": 0.017953411237853323, ""improved_countries"": 4, ""worst_delta"": -0.0005183590944769501, ""eligible"": true}, {""alpha"": 0.5, ""macro_ap"": 0.9152621458232801, ""gain"": 0.00964142302476112, ""improved_countries"": 3, ""worst_delta"": -0.017485390457793182, ""eligible"": true}, {""alpha"": 0.7, ""macro_ap"": 0.9158869107472581, ""gain"": 0.010266187948739125, ""improved_countries"": 4, ""worst_delta"": -0.029604021694071503, ""eligible"": true}]"
273,Algeria,nested_champion,0.9235741340363725,0.8044017094017094,0.6291157948755031,,guarded_cv_tabular,"[{""branch"": ""compact_tabular"", ""macro_ap"": 0.905620722798519, ""macro_ap_gain"": 0.0, ""macro_f1"": 0.8063302477563938, ""macro_f1_delta"": 0.0, ""improved_countries"": 0, ""worst_country_delta"": 0.0, ""eligible"": true}, {""branch"": ""all77_tabular"", ""macro_ap"": 0.8919730550611693, ""macro_ap_gain"": -0.013647667737349711, ""macro_f1"": 0.8068641718641719, ""macro_f1_delta"": 0.0005339241077780832, ""improved_countries"": 1, ""worst_country_delta"": -0.0444444444444444, ""eligible"": false}, {""branch"": ""guarded_cv_tabular"", ""macro_ap"": 0.9235741340363723, ""macro_ap_gain"": 0.017953411237853323, ""macro_f1"": 0.8044017094017094, ""macro_f1_delta"": -0.0019285383546844281, ""improved_countries"": 4, ""worst_country_delta"": -0.0005183590944769501, ""eligible"": true}]",
273,Angola,compact_tabular,0.8610976719521876,0.7675925925925926,0.421660626791302,,,,
273,Angola,all77_tabular,0.8793150918380299,0.8123958615704345,0.3969567920395656,,,,
273,Angola,handcrafted_image,0.769416189218267,0.6261880341880341,0.4268504617204641,,,,
273,Angola,cnn_only,0.7450667883787221,0.6247167424889577,0.1746587436830003,,,,
273,Angola,cv_multispectral,0.7689300832149273,0.6555355894978536,0.167198202867767,,,,
273,Angola,guarded_cv_tabular,0.8972848006103028,0.7206068477389211,0.5893001115620857,0.7,,,"[{""alpha"": 0.0, ""macro_ap"": 0.8610976719521876, ""gain"": 0.0, ""improved_countries"": 0, ""worst_delta"": 0.0, ""eligible"": true}, {""alpha"": 0.15, ""macro_ap"": 0.8687668180824881, ""gain"": 0.007669146130300564, ""improved_countries"": 5, ""worst_delta"": 0.0013475861056506666, ""eligible"": true}, {""alpha"": 0.3, ""macro_ap"": 0.880129461790298, ""gain"": 0.01903178983811049, ""improved_countries"": 5, ""worst_delta"": 0.005452316433181448, ""eligible"": true}, {""alpha"": 0.5, ""macro_ap"": 0.8886015025227347, ""gain"": 0.027503830570547172, ""improved_countries"": 5, ""worst_delta"": 0.001543344447345496, ""eligible"": true}, {""alpha"": 0.7, ""macro_ap"": 0.8972848006103028, ""gain"": 0.03618712865811524, ""improved_countries"": 4, ""worst_delta"": -0.01263287517840428, ""eligible"": true}]"
273,Angola,nested_champion,0.8793150918380299,0.8123958615704345,0.3969567920395656,,all77_tabular,"[{""branch"": ""compact_tabular"", ""macro_ap"": 0.8610976719521876, ""macro_ap_gain"": 0.0, ""macro_f1"": 0.7675925925925926, ""macro_f1_delta"": 0.0, ""improved_countries"": 0, ""worst_country_delta"": 0.0, ""eligible"": true}, {""branch"": ""all77_tabular"", ""macro_ap"": 0.8793150918380299, ""macro_ap_gain"": 0.018217419885842356, ""macro_f1"": 0.8123958615704345, ""macro_f1_delta"": 0.044803268977841926, ""improved_countries"": 4, ""worst_country_delta"": -0.0027465392775469777, ""eligible"": true}, {""branch"": ""guarded_cv_tabular"", ""macro_ap"": 0.8972848006103028, ""macro_ap_gain"": 0.03618712865811524, ""macro_f1"": 0.7206068477389211, ""macro_f1_delta"": -0.04698574485367146, ""improved_countries"": 4, ""worst_country_delta"": -0.01263287517840428, ""eligible"": false}]",
273,Indonesia,compact_tabular,0.8510189965882493,0.7108333333333333,0.5031181153541876,,,,
273,Indonesia,all77_tabular,0.8552482723611856,0.7138800518439967,0.2780146980570179,,,,
273,Indonesia,handcrafted_image,0.691972695072893,0.5547094080078605,0.1352294924387011,,,,
273,Indonesia,cnn_only,0.6861207968295389,0.6260287161877829,0.6245393148873124,,,,
273,Indonesia,cv_multispectral,0.7485611621040389,0.6524369024033079,0.5724521802741998,,,,
273,Indonesia,guarded_cv_tabular,0.9101677163694578,0.740031265031265,0.6200002708925119,0.5,,,"[{""alpha"": 0.0, ""macro_ap"": 0.8510189965882493, ""gain"": 0.0, ""improved_countries"": 0, ""worst_delta"": 0.0, ""eligible"": true}, {""alpha"": 0.15, ""macro_ap"": 0.8673441247398561, ""gain"": 0.016325128151606805, ""improved_countries"": 5, ""worst_delta"": 0.0017736697561259174, ""eligible"": true}, {""alpha"": 0.3, ""macro_ap"": 0.891996731887254, ""gain"": 0.040977735299004725, ""improved_countries"": 4, ""worst_delta"": -0.004732905982905988, ""eligible"": true}, {""alpha"": 0.5, ""macro_ap"": 0.9101677163694578, ""gain"": 0.0591487197812085, ""improved_countries"": 5, ""worst_delta"": 0.005564689058336958, ""eligible"": true}, {""alpha"": 0.7, ""macro_ap"": 0.8965317288279172, ""gain"": 0.0455127322396679, ""improved_countries"": 4, ""worst_delta"": -0.0037962962962962976, ""eligible"": true}]"
273,Indonesia,nested_champion,0.9101677163694578,0.740031265031265,0.6200002708925119,,guarded_cv_tabular,"[{""branch"": ""compact_tabular"", ""macro_ap"": 0.8510189965882493, ""macro_ap_gain"": 0.0, ""macro_f1"": 0.7108333333333333, ""macro_f1_delta"": 0.0, ""improved_countries"": 0, ""worst_country_delta"": 0.0, ""eligible"": true}, {""branch"": ""all77_tabular"", ""macro_ap"": 0.8552482723611856, ""macro_ap_gain"": 0.004229275772936303, ""macro_f1"": 0.7138800518439967, ""macro_f1_delta"": 0.0030467185106634043, ""improved_countries"": 3, ""worst_country_delta"": -0.008096042029865469, ""eligible"": false}, {""branch"": ""guarded_cv_tabular"", ""macro_ap"": 0.9101677163694578, ""macro_ap_gain"": 0.0591487197812085, ""macro_f1"": 0.740031265031265, ""macro_f1_delta"": 0.029197931697931723, ""improved_countries"": 5, ""worst_country_delta"": 0.005564689058336958, ""eligible"": true}]",
273,Iraq,compact_tabular,0.8816392840762752,0.7692530044275775,0.4021141788951602,,,,
273,Iraq,all77_tabular,0.8819692245371502,0.7720847611170192,0.3031421570968738,,,,
273,Iraq,handcrafted_image,0.8028137860325275,0.6947989700930878,0.4172007372829593,,,,
273,Iraq,cnn_only,0.7295242738341196,0.6887952787952787,0.4288740571951356,,,,
273,Iraq,cv_multispectral,0.8072585270386513,0.7094334712466073,0.5153646256228475,,,,
273,Iraq,guarded_cv_tabular,0.914372130010322,0.7575757575757576,0.5721348860217443,0.7,,,"[{""alpha"": 0.0, ""macro_ap"": 0.8816392840762752, ""gain"": 0.0, ""improved_countries"": 0, ""worst_delta"": 0.0, ""eligible"": true}, {""alpha"": 0.15, ""macro_ap"": 0.8909519288500775, ""gain"": 0.009312644773802226, ""improved_countries"": 4, ""worst_delta"": 0.0, ""eligible"": true}, {""alpha"": 0.3, ""macro_ap"": 0.9013217978029358, ""gain"": 0.019682513726660522, ""improved_countries"": 5, ""worst_delta"": 0.0019951488505931536, ""eligible"": true}, {""alpha"": 0.5, ""macro_ap"": 0.9142687703897383, ""gain"": 0.032629486313463074, ""improved_countries"": 4, ""worst_delta"": -0.0049605602140589955, ""eligible"": true}, {""alpha"": 0.7, ""macro_ap"": 0.914372130010322, ""gain"": 0.032732845934046795, ""improved_countries"": 4, ""worst_delta"": -0.013602867887191783, ""eligible"": true}]"
273,Iraq,nested_champion,0.914372130010322,0.7575757575757576,0.5721348860217443,,guarded_cv_tabular,"[{""branch"": ""compact_tabular"", ""macro_ap"": 0.8816392840762752, ""macro_ap_gain"": 0.0, ""macro_f1"": 0.7692530044275775, ""macro_f1_delta"": 0.0, ""improved_countries"": 0, ""worst_country_delta"": 0.0, ""eligible"": true}, {""branch"": ""all77_tabular"", ""macro_ap"": 0.8819692245371502, ""macro_ap_gain"": 0.00032994046087497786, ""macro_f1"": 0.7720847611170192, ""macro_f1_delta"": 0.002831756689441689, ""improved_countries"": 2, ""worst_country_delta"": -0.03373015873015872, ""eligible"": false}, {""branch"": ""guarded_cv_tabular"", ""macro_ap"": 0.914372130010322, ""macro_ap_gain"": 0.032732845934046795, ""macro_f1"": 0.7575757575757576, ""macro_f1_delta"": -0.011677246851819922, ""improved_countries"": 4, ""worst_country_delta"": -0.013602867887191783, ""eligible"": true}]",
273,Libya,compact_tabular,0.8833008142261332,0.7484652981427175,0.4327049163599976,,,,
273,Libya,all77_tabular,0.8802530831902284,0.7579178716020821,0.2748569309084714,,,,
273,Libya,handcrafted_image,0.835006362008665,0.6525117703820275,0.4465678973130708,,,,
273,Libya,cnn_only,0.7717301833556913,0.6390133500208595,0.3736239447573148,,,,
273,Libya,cv_multispectral,0.8222541788708021,0.6828888782206859,0.3916474452347221,,,,
273,Libya,guarded_cv_tabular,0.9235494476427138,0.7641426816426817,0.6169680712805169,0.7,,,"[{""alpha"": 0.0, ""macro_ap"": 0.8833008142261332, ""gain"": 0.0, ""improved_countries"": 0, ""worst_delta"": 0.0, ""eligible"": true}, {""alpha"": 0.15, ""macro_ap"": 0.9010482049278323, ""gain"": 0.017747390701699173, ""improved_countries"": 4, ""worst_delta"": -0.0007473716244331685, ""eligible"": true}, {""alpha"": 0.3, ""macro_ap"": 0.9055512564974613, ""gain"": 0.022250442271328108, ""improved_countries"": 4, ""worst_delta"": -0.000994272288982856, ""eligible"": true}, {""alpha"": 0.5, ""macro_ap"": 0.9166143604896222, ""gain"": 0.033313546263489036, ""improved_countries"": 4, ""worst_delta"": -0.005948754081699814, ""eligible"": true}, {""alpha"": 0.7, ""macro_ap"": 0.9235494476427138, ""gain"": 0.04024863341658069, ""improved_countries"": 4, ""worst_delta"": -0.01495857595916883, ""eligible"": true}]"
273,Libya,nested_champion,0.9235494476427138,0.7641426816426817,0.6169680712805169,,guarded_cv_tabular,"[{""branch"": ""compact_tabular"", ""macro_ap"": 0.8833008142261332, ""macro_ap_gain"": 0.0, ""macro_f1"": 0.7484652981427175, ""macro_f1_delta"": 0.0, ""improved_countries"": 0, ""worst_country_delta"": 0.0, ""eligible"": true}, {""branch"": ""all77_tabular"", ""macro_ap"": 0.8802530831902284, ""macro_ap_gain"": -0.0030477310359047216, ""macro_f1"": 0.7579178716020821, ""macro_f1_delta"": 0.009452573459364677, ""improved_countries"": 3, ""worst_country_delta"": -0.06648421131890392, ""eligible"": false}, {""branch"": ""guarded_cv_tabular"", ""macro_ap"": 0.9235494476427138, ""macro_ap_gain"": 0.04024863341658069, ""macro_f1"": 0.7641426816426817, ""macro_f1_delta"": 0.01567738349996428, ""improved_countries"": 4, ""worst_country_delta"": -0.01495857595916883, ""eligible"": true}]",
273,Nigeria,compact_tabular,0.8643079822155124,0.7199321476486162,0.3404806508990955,,,,
273,Nigeria,all77_tabular,0.8667330103599022,0.7319324116743472,0.4687734503981647,,,,
273,Nigeria,handcrafted_image,0.7894859672994219,0.6501915309279886,0.1155769822593049,,,,
273,Nigeria,cnn_only,0.7246313208292368,0.6806918445539135,0.7120858058518935,,,,
273,Nigeria,cv_multispectral,0.8264259916702976,0.7276602957262627,0.2419175745350964,,,,
273,Nigeria,guarded_cv_tabular,0.932869907019854,0.7757881605577926,0.5510325572682593,0.5,,,"[{""alpha"": 0.0, ""macro_ap"": 0.8643079822155124, ""gain"": 0.0, ""improved_countries"": 0, ""worst_delta"": 0.0, ""eligible"": true}, {""alpha"": 0.15, ""macro_ap"": 0.9057644620682558, ""gain"": 0.041456479852743366, ""improved_countries"": 4, ""worst_delta"": -0.00017166699647030992, ""eligible"": true}, {""alpha"": 0.3, ""macro_ap"": 0.9183294038903795, ""gain"": 0.05402142167486712, ""improved_countries"": 5, ""worst_delta"": 0.008229665071770365, ""eligible"": true}, {""alpha"": 0.5, ""macro_ap"": 0.9328699070198541, ""gain"": 0.06856192480434165, ""improved_countries"": 5, ""worst_delta"": 0.004636591478696772, ""eligible"": true}, {""alpha"": 0.7, ""macro_ap"": 0.9302056701431309, ""gain"": 0.06589768792761852, ""improved_countries"": 4, ""worst_delta"": -0.002179929596136332, ""eligible"": true}]"
273,Nigeria,nested_champion,0.932869907019854,0.7757881605577926,0.5510325572682593,,guarded_cv_tabular,"[{""branch"": ""compact_tabular"", ""macro_ap"": 0.8643079822155124, ""macro_ap_gain"": 0.0, ""macro_f1"": 0.7199321476486162, ""macro_f1_delta"": 0.0, ""improved_countries"": 0, ""worst_country_delta"": 0.0, ""eligible"": true}, {""branch"": ""all77_tabular"", ""macro_ap"": 0.8667330103599022, ""macro_ap_gain"": 0.002425028144389829, ""macro_f1"": 0.7319324116743472, ""macro_f1_delta"": 0.012000264025730956, ""improved_countries"": 4, ""worst_country_delta"": -0.030546196418356764, ""eligible"": false}, {""branch"": ""guarded_cv_tabular"", ""macro_ap"": 0.9328699070198541, ""macro_ap_gain"": 0.06856192480434165, ""macro_f1"": 0.7757881605577926, ""macro_f1_delta"": 0.05585601290917641, ""improved_countries"": 5, ""worst_country_delta"": 0.004636591478696772, ""eligible"": true}]",
274,Algeria,compact_tabular,0.9082447265172272,0.7985125235125236,0.3566232389582049,,,,
274,Algeria,all77_tabular,0.9049003932406,0.8038103115522471,0.4096712213177941,,,,
274,Algeria,handcrafted_image,0.7586710374017542,0.649198158795682,0.3285262355847028,,,,
274,Algeria,cnn_only,0.7154400685827665,0.6262433102850103,0.5993213657585239,,,,
274,Algeria,cv_multispectral,0.7643092664865649,0.6537233026750553,0.2741184771103253,,,,
274,Algeria,guarded_cv_tabular,0.9253383257372958,0.7824153253678287,0.5814548905917047,0.5,,,"[{""alpha"": 0.0, ""macro_ap"": 0.9082447265172272, ""gain"": 0.0, ""improved_countries"": 0, ""worst_delta"": 0.0, ""eligible"": true}, {""alpha"": 0.15, ""macro_ap"": 0.923687462114669, ""gain"": 0.015442735597441803, ""improved_countries"": 5, ""worst_delta"": 0.010185185185185186, ""eligible"": true}, {""alpha"": 0.3, ""macro_ap"": 0.9234690325102182, ""gain"": 0.01522430599299096, ""improved_countries"": 4, ""worst_delta"": -0.003015785027980167, ""eligible"": true}, {""alpha"": 0.5, ""macro_ap"": 0.9253383257372958, ""gain"": 0.01709359922006859, ""improved_countries"": 4, ""worst_delta"": -0.015705800754049037, ""eligible"": true}, {""alpha"": 0.7, ""macro_ap"": 0.9191985185369095, ""gain"": 0.010953792019682274, ""improved_countries"": 3, ""worst_delta"": -0.037724213854056, ""eligible"": false}]"
274,Algeria,nested_champion,0.9082447265172272,0.7985125235125236,0.3566232389582049,,compact_tabular,"[{""branch"": ""compact_tabular"", ""macro_ap"": 0.9082447265172272, ""macro_ap_gain"": 0.0, ""macro_f1"": 0.7985125235125236, ""macro_f1_delta"": 0.0, ""improved_countries"": 0, ""worst_country_delta"": 0.0, ""eligible"": true}, {""branch"": ""all77_tabular"", ""macro_ap"": 0.9049003932406, ""macro_ap_gain"": -0.0033443332766271983, ""macro_f1"": 0.8038103115522471, ""macro_f1_delta"": 0.005297788039723583, ""improved_countries"": 2, ""worst_country_delta"": -0.04166666666666663, ""eligible"": false}, {""branch"": ""guarded_cv_tabular"", ""macro_ap"": 0.9253383257372958, ""macro_ap_gain"": 0.01709359922006859, ""macro_f1"": 0.7824153253678287, ""macro_f1_delta"": -0.016097198144694902, ""improved_countries"": 4, ""worst_country_delta"": -0.015705800754049037, ""eligible"": false}]",
274,Angola,compact_tabular,0.859284651979506,0.7700191570881225,0.3940390084394884,,,,
274,Angola,all77_tabular,0.876766831715196,0.8038515406162464,0.3889688162360597,,,,
274,Angola,handcrafted_image,0.7548384771824035,0.6264749823819592,0.3836770857611621,,,,
274,Angola,cnn_only,0.7446669407699675,0.6204839382561536,0.1751664398324717,,,,
274,Angola,cv_multispectral,0.7711744470999224,0.6600939940562582,0.1666156400373945,,,,
274,Angola,guarded_cv_tabular,0.8926817727814449,0.7221786833855799,0.5802710341634928,0.7,,,"[{""alpha"": 0.0, ""macro_ap"": 0.859284651979506, ""gain"": 0.0, ""improved_countries"": 0, ""worst_delta"": 0.0, ""eligible"": true}, {""alpha"": 0.15, ""macro_ap"": 0.8683879139575499, ""gain"": 0.009103261978043897, ""improved_countries"": 5, ""worst_delta"": 0.0009578544061301653, ""eligible"": true}, {""alpha"": 0.3, ""macro_ap"": 0.8747160653917231, ""gain"": 0.015431413412217099, ""improved_countries"": 5, ""worst_delta"": 0.003097023265797416, ""eligible"": true}, {""alpha"": 0.5, ""macro_ap"": 0.8868522083091241, ""gain"": 0.02756755632961816, ""improved_countries"": 4, ""worst_delta"": -0.0013721769307986076, ""eligible"": true}, {""alpha"": 0.7, ""macro_ap"": 0.8926817727814449, ""gain"": 0.03339712080193891, ""improved_countries"": 4, ""worst_delta"": -0.020901359166841216, ""eligible"": true}]"
274,Angola,nested_champion,0.876766831715196,0.8038515406162464,0.3889688162360597,,all77_tabular,"[{""branch"": ""compact_tabular"", ""macro_ap"": 0.859284651979506, ""macro_ap_gain"": 0.0, ""macro_f1"": 0.7700191570881225, ""macro_f1_delta"": 0.0, ""improved_countries"": 0, ""worst_country_delta"": 0.0, ""eligible"": true}, {""branch"": ""all77_tabular"", ""macro_ap"": 0.876766831715196, ""macro_ap_gain"": 0.017482179735689996, ""macro_f1"": 0.8038515406162464, ""macro_f1_delta"": 0.0338323835281239, ""improved_countries"": 4, ""worst_country_delta"": -0.001266154548071663, ""eligible"": true}, {""branch"": ""guarded_cv_tabular"", ""macro_ap"": 0.8926817727814449, ""macro_ap_gain"": 0.03339712080193891, ""macro_f1"": 0.7221786833855799, ""macro_f1_delta"": -0.04784047370254263, ""improved_countries"": 4, ""worst_country_delta"": -0.020901359166841216, ""eligible"": false}]",
274,Indonesia,compact_tabular,0.8459155732317496,0.7160752688172043,0.5055467939883183,,,,
274,Indonesia,all77_tabular,0.8576207501647553,0.7119716885743175,0.2665409725865407,,,,
274,Indonesia,handcrafted_image,0.6911237335280924,0.5574093647767363,0.1305614372754696,,,,
274,Indonesia,cnn_only,0.6923063883931186,0.6279283435205474,0.541638364831444,,,,
274,Indonesia,cv_multispectral,0.7283511983449106,0.6605971277399849,0.5366530596357236,,,,
274,Indonesia,guarded_cv_tabular,0.9023871529474335,0.740031265031265,0.6280960797598161,0.5,,,"[{""alpha"": 0.0, ""macro_ap"": 0.8459155732317496, ""gain"": 0.0, ""improved_countries"": 0, ""worst_delta"": 0.0, ""eligible"": true}, {""alpha"": 0.15, ""macro_ap"": 0.8587456602451065, ""gain"": 0.012830087013356861, ""improved_countries"": 5, ""worst_delta"": 0.0017316017316016952, ""eligible"": true}, {""alpha"": 0.3, ""macro_ap"": 0.8798821268308796, ""gain"": 0.033966553599130034, ""improved_countries"": 4, ""worst_delta"": -0.0033091623746273058, ""eligible"": true}, {""alpha"": 0.5, ""macro_ap"": 0.9023871529474337, ""gain"": 0.05647157971568406, ""improved_countries"": 4, ""worst_delta"": -0.004475017735887321, ""eligible"": true}, {""alpha"": 0.7, ""macro_ap"": 0.8897199238684733, ""gain"": 0.04380435063672372, ""improved_countries"": 4, ""worst_delta"": -0.009735912235912303, ""eligible"": true}]"
274,Indonesia,nested_champion,0.9023871529474335,0.740031265031265,0.6280960797598161,,guarded_cv_tabular,"[{""branch"": ""compact_tabular"", ""macro_ap"": 0.8459155732317496, ""macro_ap_gain"": 0.0, ""macro_f1"": 0.7160752688172043, ""macro_f1_delta"": 0.0, ""improved_countries"": 0, ""worst_country_delta"": 0.0, ""eligible"": true}, {""branch"": ""all77_tabular"", ""macro_ap"": 0.8576207501647553, ""macro_ap_gain"": 0.011705176933005657, ""macro_f1"": 0.7119716885743175, ""macro_f1_delta"": -0.004103580242886817, ""improved_countries"": 5, ""worst_country_delta"": 0.0019089751711702796, ""eligible"": true}, {""branch"": ""guarded_cv_tabular"", ""macro_ap"": 0.9023871529474337, ""macro_ap_gain"": 0.05647157971568406, ""macro_f1"": 0.740031265031265, ""macro_f1_delta"": 0.02395599621406075, ""improved_countries"": 4, ""worst_country_delta"": -0.004475017735887321, ""eligible"": true}]",
274,Iraq,compact_tabular,0.8755392173799332,0.7661904761904762,0.4551368845872595,,,,
274,Iraq,all77_tabular,0.8791702220170965,0.7675263565586147,0.2813850086860082,,,,
274,Iraq,handcrafted_image,0.8058042772835232,0.6905582137161084,0.3272637076628658,,,,
274,Iraq,cnn_only,0.727816755590136,0.6756084656084655,0.3948140740190861,,,,
274,Iraq,cv_multispectral,0.7952332360000531,0.7184681984681984,0.7149217241364433,,,,
274,Iraq,guarded_cv_tabular,0.9155841055168464,0.764929693961952,0.5736104009816166,0.5,,,"[{""alpha"": 0.0, ""macro_ap"": 0.8755392173799332, ""gain"": 0.0, ""improved_countries"": 0, ""worst_delta"": 0.0, ""eligible"": true}, {""alpha"": 0.15, ""macro_ap"": 0.8937970880392901, ""gain"": 0.018257870659356912, ""improved_countries"": 5, ""worst_delta"": 0.0022736587648868323, ""eligible"": true}, {""alpha"": 0.3, ""macro_ap"": 0.8973915052483399, ""gain"": 0.02185228786840665, ""improved_countries"": 5, ""worst_delta"": 0.0034070683956266556, ""eligible"": true}, {""alpha"": 0.5, ""macro_ap"": 0.9155841055168465, ""gain"": 0.040044888136913315, ""improved_countries"": 5, ""worst_delta"": 0.0005201343925995694, ""eligible"": true}, {""alpha"": 0.7, ""macro_ap"": 0.9140151958300711, ""gain"": 0.03847597845013784, ""improved_countries"": 4, ""worst_delta"": -0.01179044335761259, ""eligible"": true}]"
274,Iraq,nested_champion,0.9155841055168464,0.764929693961952,0.5736104009816166,,guarded_cv_tabular,"[{""branch"": ""compact_tabular"", ""macro_ap"": 0.8755392173799332, ""macro_ap_gain"": 0.0, ""macro_f1"": 0.7661904761904762, ""macro_f1_delta"": 0.0, ""improved_countries"": 0, ""worst_country_delta"": 0.0, ""eligible"": true}, {""branch"": ""all77_tabular"", ""macro_ap"": 0.8791702220170965, ""macro_ap_gain"": 0.00363100463716326, ""macro_f1"": 0.7675263565586147, ""macro_f1_delta"": 0.0013358803681384757, ""improved_countries"": 3, ""worst_country_delta"": -0.027423644525093716, ""eligible"": false}, {""branch"": ""guarded_cv_tabular"", ""macro_ap"": 0.9155841055168465, ""macro_ap_gain"": 0.040044888136913315, ""macro_f1"": 0.764929693961952, ""macro_f1_delta"": -0.0012607822285242154, ""improved_countries"": 5, ""worst_country_delta"": 0.0005201343925995694, ""eligible"": true}]",
274,Libya,compact_tabular,0.8724276938215076,0.7479545454545454,0.4999998303525846,,,,
274,Libya,all77_tabular,0.8775303877366698,0.7518799249530957,0.2905247201002014,,,,
274,Libya,handcrafted_image,0.838373656871806,0.6726245343087448,0.5071818935370398,,,,
274,Libya,cnn_only,0.7713032577175013,0.6447204968944099,0.6050937258036194,,,,
274,Libya,cv_multispectral,0.8022641150344324,0.6808730158730159,0.7282935041099736,,,,
274,Libya,guarded_cv_tabular,0.9160703804993526,0.751355393832174,0.6293653708281065,0.7,,,"[{""alpha"": 0.0, ""macro_ap"": 0.8724276938215076, ""gain"": 0.0, ""improved_countries"": 0, ""worst_delta"": 0.0, ""eligible"": true}, {""alpha"": 0.15, ""macro_ap"": 0.8866208868887695, ""gain"": 0.014193193067261856, ""improved_countries"": 5, ""worst_delta"": 0.0014506769825919363, ""eligible"": true}, {""alpha"": 0.3, ""macro_ap"": 0.8969352940380008, ""gain"": 0.02450760021649312, ""improved_countries"": 5, ""worst_delta"": 0.0005399777746790679, ""eligible"": true}, {""alpha"": 0.5, ""macro_ap"": 0.910202188149959, ""gain"": 0.03777449432845137, ""improved_countries"": 4, ""worst_delta"": -0.003865420748366599, ""eligible"": true}, {""alpha"": 0.7, ""macro_ap"": 0.9160703804993526, ""gain"": 0.04364268667784499, ""improved_countries"": 4, ""worst_delta"": -0.0021137055695413798, ""eligible"": true}]"
274,Libya,nested_champion,0.9160703804993526,0.751355393832174,0.6293653708281065,,guarded_cv_tabular,"[{""branch"": ""compact_tabular"", ""macro_ap"": 0.8724276938215076, ""macro_ap_gain"": 0.0, ""macro_f1"": 0.7479545454545454, ""macro_f1_delta"": 0.0, ""improved_countries"": 0, ""worst_country_delta"": 0.0, ""eligible"": true}, {""branch"": ""all77_tabular"", ""macro_ap"": 0.8775303877366698, ""macro_ap_gain"": 0.00510269391516216, ""macro_f1"": 0.7518799249530957, ""macro_f1_delta"": 0.003925379498550319, ""improved_countries"": 2, ""worst_country_delta"": -0.07642120589045687, ""eligible"": false}, {""branch"": ""guarded_cv_tabular"", ""macro_ap"": 0.9160703804993526, ""macro_ap_gain"": 0.04364268667784499, ""macro_f1"": 0.751355393832174, ""macro_f1_delta"": 0.0034008483776285514, ""improved_countries"": 4, ""worst_country_delta"": -0.0021137055695413798, ""eligible"": true}]",
274,Nigeria,compact_tabular,0.8806303748773961,0.7552938289780395,0.3497141270114045,,,,
274,Nigeria,all77_tabular,0.8512952236338623,0.7338874458874459,0.4284173600960551,,,,
274,Nigeria,handcrafted_image,0.7883733082731789,0.6595983517675125,0.1179692484554368,,,,
274,Nigeria,cnn_only,0.7198906740809566,0.6696442255062944,0.7870734431105614,,,,
274,Nigeria,cv_multispectral,0.816197292859602,0.7128904428904428,0.4158225528261822,,,,
274,Nigeria,guarded_cv_tabular,0.9303032808042946,0.7830139036590651,0.5380172814591774,0.5,,,"[{""alpha"": 0.0, ""macro_ap"": 0.8806303748773961, ""gain"": 0.0, ""improved_countries"": 0, ""worst_delta"": 0.0, ""eligible"": true}, {""alpha"": 0.15, ""macro_ap"": 0.894664268372303, ""gain"": 0.014033893494906802, ""improved_countries"": 5, ""worst_delta"": 0.0019499456869934706, ""eligible"": true}, {""alpha"": 0.3, ""macro_ap"": 0.9100515389001099, ""gain"": 0.029421164022713775, ""improved_countries"": 5, ""worst_delta"": 0.008342595619483584, ""eligible"": true}, {""alpha"": 0.5, ""macro_ap"": 0.9303032808042946, ""gain"": 0.049672905926898436, ""improved_countries"": 5, ""worst_delta"": 0.004735092011979858, ""eligible"": true}, {""alpha"": 0.7, ""macro_ap"": 0.9292443744723269, ""gain"": 0.048613999594930735, ""improved_countries"": 5, ""worst_delta"": 0.0029544287990915796, ""eligible"": true}]"
274,Nigeria,nested_champion,0.9303032808042946,0.7830139036590651,0.5380172814591774,,guarded_cv_tabular,"[{""branch"": ""compact_tabular"", ""macro_ap"": 0.8806303748773961, ""macro_ap_gain"": 0.0, ""macro_f1"": 0.7552938289780395, ""macro_f1_delta"": 0.0, ""improved_countries"": 0, ""worst_country_delta"": 0.0, ""eligible"": true}, {""branch"": ""all77_tabular"", ""macro_ap"": 0.8512952236338623, ""macro_ap_gain"": -0.029335151243533808, ""macro_f1"": 0.7338874458874459, ""macro_f1_delta"": -0.021406383090593617, ""improved_countries"": 3, ""worst_country_delta"": -0.1581196581196581, ""eligible"": false}, {""branch"": ""guarded_cv_tabular"", ""macro_ap"": 0.9303032808042946, ""macro_ap_gain"": 0.049672905926898436, ""macro_f1"": 0.7830139036590651, ""macro_f1_delta"": 0.027720074681025553, ""improved_countries"": 5, ""worst_country_delta"": 0.004735092011979858, ""eligible"": true}]",
