country,branch,review_fraction,rank,source_id,is_eog_flare,score
Algeria,compact_tabular,0.1,1,Algeria_255,1,0.9557527401891764
Algeria,compact_tabular,0.1,2,Algeria_2790,1,0.9476850628870949
Algeria,compact_tabular,0.1,3,Algeria_5269,1,0.9360552470509421
Algeria,compact_tabular,0.1,4,Algeria_5371,1,0.9213668787313253
Algeria,compact_tabular,0.1,5,Algeria_5201,1,0.9101700637637414
Algeria,compact_tabular,0.2,1,Algeria_255,1,0.9557527401891764
Algeria,compact_tabular,0.2,2,Algeria_2790,1,0.9476850628870949
Algeria,compact_tabular,0.2,3,Algeria_5269,1,0.9360552470509421
Algeria,compact_tabular,0.2,4,Algeria_5371,1,0.9213668787313253
Algeria,compact_tabular,0.2,5,Algeria_5201,1,0.9101700637637414
Algeria,compact_tabular,0.2,6,Algeria_14071,1,0.8675820951767955
Algeria,compact_tabular,0.2,7,Algeria_284,1,0.8539311834651689
Algeria,compact_tabular,0.2,8,Algeria_348,0,0.7519530573094336
Algeria,compact_tabular,0.2,9,Algeria_12564,1,0.7302596125959543
Algeria,compact_tabular,0.2,10,Algeria_5357,0,0.7186289573916618
Algeria,compact_tabular,0.3,1,Algeria_255,1,0.9557527401891764
Algeria,compact_tabular,0.3,2,Algeria_2790,1,0.9476850628870949
Algeria,compact_tabular,0.3,3,Algeria_5269,1,0.9360552470509421
Algeria,compact_tabular,0.3,4,Algeria_5371,1,0.9213668787313253
Algeria,compact_tabular,0.3,5,Algeria_5201,1,0.9101700637637414
Algeria,compact_tabular,0.3,6,Algeria_14071,1,0.8675820951767955
Algeria,compact_tabular,0.3,7,Algeria_284,1,0.8539311834651689
Algeria,compact_tabular,0.3,8,Algeria_348,0,0.7519530573094336
Algeria,compact_tabular,0.3,9,Algeria_12564,1,0.7302596125959543
Algeria,compact_tabular,0.3,10,Algeria_5357,0,0.7186289573916618
Algeria,compact_tabular,0.3,11,Algeria_4844,1,0.5891035887355756
Algeria,compact_tabular,0.3,12,Algeria_10476,0,0.5106716781007193
Algeria,compact_tabular,0.3,13,Algeria_13208,1,0.4942440527361262
Algeria,compact_tabular,0.3,14,Algeria_10944,0,0.4589721918502077
Algeria,compact_tabular,0.3,15,Algeria_13190,0,0.45578131373588193
Algeria,guarded_cv_tabular,0.1,1,Algeria_255,1,0.9120553710968528
Algeria,guarded_cv_tabular,0.1,2,Algeria_2790,1,0.8942363136212461
Algeria,guarded_cv_tabular,0.1,3,Algeria_5269,1,0.8785277000317141
Algeria,guarded_cv_tabular,0.1,4,Algeria_284,1,0.8647942026772938
Algeria,guarded_cv_tabular,0.1,5,Algeria_5371,1,0.8640209442836589
Algeria,guarded_cv_tabular,0.2,1,Algeria_255,1,0.9120553710968528
Algeria,guarded_cv_tabular,0.2,2,Algeria_2790,1,0.8942363136212461
Algeria,guarded_cv_tabular,0.2,3,Algeria_5269,1,0.8785277000317141
Algeria,guarded_cv_tabular,0.2,4,Algeria_284,1,0.8647942026772938
Algeria,guarded_cv_tabular,0.2,5,Algeria_5371,1,0.8640209442836589
Algeria,guarded_cv_tabular,0.2,6,Algeria_5201,1,0.8576987180362871
Algeria,guarded_cv_tabular,0.2,7,Algeria_14071,1,0.7931191546703626
Algeria,guarded_cv_tabular,0.2,8,Algeria_5357,0,0.7612843216993662
Algeria,guarded_cv_tabular,0.2,9,Algeria_12564,1,0.7212896752111876
Algeria,guarded_cv_tabular,0.2,10,Algeria_348,0,0.7119838890250029
Algeria,guarded_cv_tabular,0.3,1,Algeria_255,1,0.9120553710968528
Algeria,guarded_cv_tabular,0.3,2,Algeria_2790,1,0.8942363136212461
Algeria,guarded_cv_tabular,0.3,3,Algeria_5269,1,0.8785277000317141
Algeria,guarded_cv_tabular,0.3,4,Algeria_284,1,0.8647942026772938
Algeria,guarded_cv_tabular,0.3,5,Algeria_5371,1,0.8640209442836589
Algeria,guarded_cv_tabular,0.3,6,Algeria_5201,1,0.8576987180362871
Algeria,guarded_cv_tabular,0.3,7,Algeria_14071,1,0.7931191546703626
Algeria,guarded_cv_tabular,0.3,8,Algeria_5357,0,0.7612843216993662
Algeria,guarded_cv_tabular,0.3,9,Algeria_12564,1,0.7212896752111876
Algeria,guarded_cv_tabular,0.3,10,Algeria_348,0,0.7119838890250029
Algeria,guarded_cv_tabular,0.3,11,Algeria_4844,1,0.7063048137120145
Algeria,guarded_cv_tabular,0.3,12,Algeria_13208,1,0.6691964869474226
Algeria,guarded_cv_tabular,0.3,13,Algeria_13190,0,0.6479881478192735
Algeria,guarded_cv_tabular,0.3,14,Algeria_10476,0,0.5834279084621773
Algeria,guarded_cv_tabular,0.3,15,Algeria_10944,0,0.5535158635069539
Algeria,all77_tabular,0.1,1,Algeria_5269,1,0.9400567055274074
Algeria,all77_tabular,0.1,2,Algeria_5371,1,0.9326929961963079
Algeria,all77_tabular,0.1,3,Algeria_255,1,0.9319233016944429
Algeria,all77_tabular,0.1,4,Algeria_2790,1,0.929725977001956
Algeria,all77_tabular,0.1,5,Algeria_5201,1,0.9087733033817288
Algeria,all77_tabular,0.2,1,Algeria_5269,1,0.9400567055274074
Algeria,all77_tabular,0.2,2,Algeria_5371,1,0.9326929961963079
Algeria,all77_tabular,0.2,3,Algeria_255,1,0.9319233016944429
Algeria,all77_tabular,0.2,4,Algeria_2790,1,0.929725977001956
Algeria,all77_tabular,0.2,5,Algeria_5201,1,0.9087733033817288
Algeria,all77_tabular,0.2,6,Algeria_284,1,0.8803608913061861
Algeria,all77_tabular,0.2,7,Algeria_14071,1,0.8613801298188726
Algeria,all77_tabular,0.2,8,Algeria_12564,1,0.7554184956566976
Algeria,all77_tabular,0.2,9,Algeria_348,0,0.7487002755909161
Algeria,all77_tabular,0.2,10,Algeria_4844,1,0.6510226510409997
Algeria,all77_tabular,0.3,1,Algeria_5269,1,0.9400567055274074
Algeria,all77_tabular,0.3,2,Algeria_5371,1,0.9326929961963079
Algeria,all77_tabular,0.3,3,Algeria_255,1,0.9319233016944429
Algeria,all77_tabular,0.3,4,Algeria_2790,1,0.929725977001956
Algeria,all77_tabular,0.3,5,Algeria_5201,1,0.9087733033817288
Algeria,all77_tabular,0.3,6,Algeria_284,1,0.8803608913061861
Algeria,all77_tabular,0.3,7,Algeria_14071,1,0.8613801298188726
Algeria,all77_tabular,0.3,8,Algeria_12564,1,0.7554184956566976
Algeria,all77_tabular,0.3,9,Algeria_348,0,0.7487002755909161
Algeria,all77_tabular,0.3,10,Algeria_4844,1,0.6510226510409997
Algeria,all77_tabular,0.3,11,Algeria_5357,0,0.6464824237877385
Algeria,all77_tabular,0.3,12,Algeria_10476,0,0.6304580834630386
Algeria,all77_tabular,0.3,13,Algeria_13208,1,0.5067996610547432
Algeria,all77_tabular,0.3,14,Algeria_10944,0,0.4414146982041129
Algeria,all77_tabular,0.3,15,Algeria_13190,0,0.4120350308325984
Angola,compact_tabular,0.1,1,Angola_251,1,0.9166094148733513
Angola,compact_tabular,0.1,2,Angola_463802,1,0.8616793638175726
Angola,compact_tabular,0.1,3,Angola_619866,1,0.7990757535376227
Angola,compact_tabular,0.1,4,Angola_623789,1,0.4598243023231327
Angola,compact_tabular,0.1,5,Angola_770424,1,0.43534194784486835
Angola,compact_tabular,0.2,1,Angola_251,1,0.9166094148733513
Angola,compact_tabular,0.2,2,Angola_463802,1,0.8616793638175726
Angola,compact_tabular,0.2,3,Angola_619866,1,0.7990757535376227
Angola,compact_tabular,0.2,4,Angola_623789,1,0.4598243023231327
Angola,compact_tabular,0.2,5,Angola_770424,1,0.43534194784486835
Angola,compact_tabular,0.2,6,Angola_404378,0,0.3831348433957018
Angola,compact_tabular,0.2,7,Angola_193906,0,0.27241425649817774
Angola,compact_tabular,0.2,8,Angola_515766,1,0.257898383987599
Angola,compact_tabular,0.2,9,Angola_593524,0,0.24627140765244118
Angola,compact_tabular,0.2,10,Angola_56051,0,0.2270627978428793
Angola,compact_tabular,0.3,1,Angola_251,1,0.9166094148733513
Angola,compact_tabular,0.3,2,Angola_463802,1,0.8616793638175726
Angola,compact_tabular,0.3,3,Angola_619866,1,0.7990757535376227
Angola,compact_tabular,0.3,4,Angola_623789,1,0.4598243023231327
Angola,compact_tabular,0.3,5,Angola_770424,1,0.43534194784486835
Angola,compact_tabular,0.3,6,Angola_404378,0,0.3831348433957018
Angola,compact_tabular,0.3,7,Angola_193906,0,0.27241425649817774
Angola,compact_tabular,0.3,8,Angola_515766,1,0.257898383987599
Angola,compact_tabular,0.3,9,Angola_593524,0,0.24627140765244118
Angola,compact_tabular,0.3,10,Angola_56051,0,0.2270627978428793
Angola,compact_tabular,0.3,11,Angola_77518,0,0.22329508821704822
Angola,compact_tabular,0.3,12,Angola_3171,0,0.21937064121361585
Angola,compact_tabular,0.3,13,Angola_240993,0,0.2098423573464466
Angola,compact_tabular,0.3,14,Angola_500129,0,0.19080492815992622
Angola,compact_tabular,0.3,15,Angola_411790,0,0.18070399325839523
Angola,guarded_cv_tabular,0.1,1,Angola_251,1,0.8712176274544908
Angola,guarded_cv_tabular,0.1,2,Angola_623789,1,0.8091650415359862
Angola,guarded_cv_tabular,0.1,3,Angola_463802,1,0.778517970005483
Angola,guarded_cv_tabular,0.1,4,Angola_619866,1,0.7143601801205604
Angola,guarded_cv_tabular,0.1,5,Angola_515766,1,0.6497503929659348
Angola,guarded_cv_tabular,0.2,1,Angola_251,1,0.8712176274544908
Angola,guarded_cv_tabular,0.2,2,Angola_623789,1,0.8091650415359862
Angola,guarded_cv_tabular,0.2,3,Angola_463802,1,0.778517970005483
Angola,guarded_cv_tabular,0.2,4,Angola_619866,1,0.7143601801205604
Angola,guarded_cv_tabular,0.2,5,Angola_515766,1,0.6497503929659348
Angola,guarded_cv_tabular,0.2,6,Angola_770424,1,0.6164427366295379
Angola,guarded_cv_tabular,0.2,7,Angola_94537,0,0.6084933449350485
Angola,guarded_cv_tabular,0.2,8,Angola_56051,0,0.5232059866514006
Angola,guarded_cv_tabular,0.2,9,Angola_404378,0,0.5170116055436608
Angola,guarded_cv_tabular,0.2,10,Angola_13849,0,0.5119543456255274
Angola,guarded_cv_tabular,0.3,1,Angola_251,1,0.8712176274544908
Angola,guarded_cv_tabular,0.3,2,Angola_623789,1,0.8091650415359862
Angola,guarded_cv_tabular,0.3,3,Angola_463802,1,0.778517970005483
Angola,guarded_cv_tabular,0.3,4,Angola_619866,1,0.7143601801205604
Angola,guarded_cv_tabular,0.3,5,Angola_515766,1,0.6497503929659348
Angola,guarded_cv_tabular,0.3,6,Angola_770424,1,0.6164427366295379
Angola,guarded_cv_tabular,0.3,7,Angola_94537,0,0.6084933449350485
Angola,guarded_cv_tabular,0.3,8,Angola_56051,0,0.5232059866514006
Angola,guarded_cv_tabular,0.3,9,Angola_404378,0,0.5170116055436608
Angola,guarded_cv_tabular,0.3,10,Angola_13849,0,0.5119543456255274
Angola,guarded_cv_tabular,0.3,11,Angola_488655,0,0.5110190493854362
Angola,guarded_cv_tabular,0.3,12,Angola_593524,0,0.4812780114279316
Angola,guarded_cv_tabular,0.3,13,Angola_258666,0,0.4434138400044539
Angola,guarded_cv_tabular,0.3,14,Angola_193906,0,0.44279878069074746
Angola,guarded_cv_tabular,0.3,15,Angola_3171,0,0.42820787050968034
Angola,all77_tabular,0.1,1,Angola_463802,1,0.9245747235956299
Angola,all77_tabular,0.1,2,Angola_251,1,0.9172096568838181
Angola,all77_tabular,0.1,3,Angola_619866,1,0.770946965813924
Angola,all77_tabular,0.1,4,Angola_404378,0,0.45658282729168836
Angola,all77_tabular,0.1,5,Angola_623789,1,0.4451149794506868
Angola,all77_tabular,0.2,1,Angola_463802,1,0.9245747235956299
Angola,all77_tabular,0.2,2,Angola_251,1,0.9172096568838181
Angola,all77_tabular,0.2,3,Angola_619866,1,0.770946965813924
Angola,all77_tabular,0.2,4,Angola_404378,0,0.45658282729168836
Angola,all77_tabular,0.2,5,Angola_623789,1,0.4451149794506868
Angola,all77_tabular,0.2,6,Angola_593524,0,0.4053258125552155
Angola,all77_tabular,0.2,7,Angola_515766,1,0.3705054238584582
Angola,all77_tabular,0.2,8,Angola_770424,1,0.31772939612180573
Angola,all77_tabular,0.2,9,Angola_56051,0,0.25325484680250465
Angola,all77_tabular,0.2,10,Angola_94537,0,0.2417502411162377
Angola,all77_tabular,0.3,1,Angola_463802,1,0.9245747235956299
Angola,all77_tabular,0.3,2,Angola_251,1,0.9172096568838181
Angola,all77_tabular,0.3,3,Angola_619866,1,0.770946965813924
Angola,all77_tabular,0.3,4,Angola_404378,0,0.45658282729168836
Angola,all77_tabular,0.3,5,Angola_623789,1,0.4451149794506868
Angola,all77_tabular,0.3,6,Angola_593524,0,0.4053258125552155
Angola,all77_tabular,0.3,7,Angola_515766,1,0.3705054238584582
Angola,all77_tabular,0.3,8,Angola_770424,1,0.31772939612180573
Angola,all77_tabular,0.3,9,Angola_56051,0,0.25325484680250465
Angola,all77_tabular,0.3,10,Angola_94537,0,0.2417502411162377
Angola,all77_tabular,0.3,11,Angola_193906,0,0.20288207072191797
Angola,all77_tabular,0.3,12,Angola_500129,0,0.20088409703973364
Angola,all77_tabular,0.3,13,Angola_3171,0,0.18471372445722203
Angola,all77_tabular,0.3,14,Angola_77518,0,0.17176312197686008
Angola,all77_tabular,0.3,15,Angola_411790,0,0.16489726831611687
Indonesia,compact_tabular,0.1,1,Indonesia_58411,1,0.9295474692842906
Indonesia,compact_tabular,0.1,2,Indonesia_63239,1,0.9226659350405031
Indonesia,compact_tabular,0.1,3,Indonesia_58413,1,0.9160968098997637
Indonesia,compact_tabular,0.1,4,Indonesia_68656,1,0.9070156840594689
Indonesia,compact_tabular,0.1,5,Indonesia_59933,1,0.9031635819247162
Indonesia,compact_tabular,0.2,1,Indonesia_58411,1,0.9295474692842906
Indonesia,compact_tabular,0.2,2,Indonesia_63239,1,0.9226659350405031
Indonesia,compact_tabular,0.2,3,Indonesia_58413,1,0.9160968098997637
Indonesia,compact_tabular,0.2,4,Indonesia_68656,1,0.9070156840594689
Indonesia,compact_tabular,0.2,5,Indonesia_59933,1,0.9031635819247162
Indonesia,compact_tabular,0.2,6,Indonesia_59042,1,0.852108413578699
Indonesia,compact_tabular,0.2,7,Indonesia_48059,1,0.8143548505163046
Indonesia,compact_tabular,0.2,8,Indonesia_63195,1,0.676125106046988
Indonesia,compact_tabular,0.2,9,Indonesia_58467,1,0.5599821440948106
Indonesia,compact_tabular,0.2,10,Indonesia_181254,1,0.4909660101326348
Indonesia,compact_tabular,0.3,1,Indonesia_58411,1,0.9295474692842906
Indonesia,compact_tabular,0.3,2,Indonesia_63239,1,0.9226659350405031
Indonesia,compact_tabular,0.3,3,Indonesia_58413,1,0.9160968098997637
Indonesia,compact_tabular,0.3,4,Indonesia_68656,1,0.9070156840594689
Indonesia,compact_tabular,0.3,5,Indonesia_59933,1,0.9031635819247162
Indonesia,compact_tabular,0.3,6,Indonesia_59042,1,0.852108413578699
Indonesia,compact_tabular,0.3,7,Indonesia_48059,1,0.8143548505163046
Indonesia,compact_tabular,0.3,8,Indonesia_63195,1,0.676125106046988
Indonesia,compact_tabular,0.3,9,Indonesia_58467,1,0.5599821440948106
Indonesia,compact_tabular,0.3,10,Indonesia_181254,1,0.4909660101326348
Indonesia,compact_tabular,0.3,11,Indonesia_165728,1,0.47042155367575905
Indonesia,compact_tabular,0.3,12,Indonesia_155591,1,0.4649046406565908
Indonesia,compact_tabular,0.3,13,Indonesia_45064,1,0.4564952095858445
Indonesia,compact_tabular,0.3,14,Indonesia_61999,1,0.33886374539666947
Indonesia,compact_tabular,0.3,15,Indonesia_60731,1,0.32291890370583587
Indonesia,guarded_cv_tabular,0.1,1,Indonesia_58411,1,0.9263700482907661
Indonesia,guarded_cv_tabular,0.1,2,Indonesia_58413,1,0.9206941746992392
Indonesia,guarded_cv_tabular,0.1,3,Indonesia_68656,1,0.9141118753871939
Indonesia,guarded_cv_tabular,0.1,4,Indonesia_63239,1,0.9088216488263416
Indonesia,guarded_cv_tabular,0.1,5,Indonesia_59933,1,0.9063142159361787
Indonesia,guarded_cv_tabular,0.2,1,Indonesia_58411,1,0.9263700482907661
Indonesia,guarded_cv_tabular,0.2,2,Indonesia_58413,1,0.9206941746992392
Indonesia,guarded_cv_tabular,0.2,3,Indonesia_68656,1,0.9141118753871939
Indonesia,guarded_cv_tabular,0.2,4,Indonesia_63239,1,0.9088216488263416
Indonesia,guarded_cv_tabular,0.2,5,Indonesia_59933,1,0.9063142159361787
Indonesia,guarded_cv_tabular,0.2,6,Indonesia_59042,1,0.8967524635410985
Indonesia,guarded_cv_tabular,0.2,7,Indonesia_48059,1,0.8555569208277928
Indonesia,guarded_cv_tabular,0.2,8,Indonesia_63195,1,0.8469472405539907
Indonesia,guarded_cv_tabular,0.2,9,Indonesia_58467,1,0.7911733812788976
Indonesia,guarded_cv_tabular,0.2,10,Indonesia_165728,1,0.785663175171399
Indonesia,guarded_cv_tabular,0.3,1,Indonesia_58411,1,0.9263700482907661
Indonesia,guarded_cv_tabular,0.3,2,Indonesia_58413,1,0.9206941746992392
Indonesia,guarded_cv_tabular,0.3,3,Indonesia_68656,1,0.9141118753871939
Indonesia,guarded_cv_tabular,0.3,4,Indonesia_63239,1,0.9088216488263416
Indonesia,guarded_cv_tabular,0.3,5,Indonesia_59933,1,0.9063142159361787
Indonesia,guarded_cv_tabular,0.3,6,Indonesia_59042,1,0.8967524635410985
Indonesia,guarded_cv_tabular,0.3,7,Indonesia_48059,1,0.8555569208277928
Indonesia,guarded_cv_tabular,0.3,8,Indonesia_63195,1,0.8469472405539907
Indonesia,guarded_cv_tabular,0.3,9,Indonesia_58467,1,0.7911733812788976
Indonesia,guarded_cv_tabular,0.3,10,Indonesia_165728,1,0.785663175171399
Indonesia,guarded_cv_tabular,0.3,11,Indonesia_155591,1,0.7614006527297302
Indonesia,guarded_cv_tabular,0.3,12,Indonesia_60731,1,0.7597370308384336
Indonesia,guarded_cv_tabular,0.3,13,Indonesia_181254,1,0.7593043740497216
Indonesia,guarded_cv_tabular,0.3,14,Indonesia_45522,0,0.7194188472296581
Indonesia,guarded_cv_tabular,0.3,15,Indonesia_45064,1,0.7152079872380761
Indonesia,all77_tabular,0.1,1,Indonesia_58411,1,0.9424085867555734
Indonesia,all77_tabular,0.1,2,Indonesia_58413,1,0.9300108457042787
Indonesia,all77_tabular,0.1,3,Indonesia_63239,1,0.929891505318731
Indonesia,all77_tabular,0.1,4,Indonesia_68656,1,0.9210019076735163
Indonesia,all77_tabular,0.1,5,Indonesia_59933,1,0.8631548496614011
Indonesia,all77_tabular,0.2,1,Indonesia_58411,1,0.9424085867555734
Indonesia,all77_tabular,0.2,2,Indonesia_58413,1,0.9300108457042787
Indonesia,all77_tabular,0.2,3,Indonesia_63239,1,0.929891505318731
Indonesia,all77_tabular,0.2,4,Indonesia_68656,1,0.9210019076735163
Indonesia,all77_tabular,0.2,5,Indonesia_59933,1,0.8631548496614011
Indonesia,all77_tabular,0.2,6,Indonesia_59042,1,0.8439838140015777
Indonesia,all77_tabular,0.2,7,Indonesia_48059,1,0.8200238363439974
Indonesia,all77_tabular,0.2,8,Indonesia_63195,1,0.6868445401473662
Indonesia,all77_tabular,0.2,9,Indonesia_45064,1,0.6355505985995783
Indonesia,all77_tabular,0.2,10,Indonesia_165728,1,0.6164084481816873
Indonesia,all77_tabular,0.3,1,Indonesia_58411,1,0.9424085867555734
Indonesia,all77_tabular,0.3,2,Indonesia_58413,1,0.9300108457042787
Indonesia,all77_tabular,0.3,3,Indonesia_63239,1,0.929891505318731
Indonesia,all77_tabular,0.3,4,Indonesia_68656,1,0.9210019076735163
Indonesia,all77_tabular,0.3,5,Indonesia_59933,1,0.8631548496614011
Indonesia,all77_tabular,0.3,6,Indonesia_59042,1,0.8439838140015777
Indonesia,all77_tabular,0.3,7,Indonesia_48059,1,0.8200238363439974
Indonesia,all77_tabular,0.3,8,Indonesia_63195,1,0.6868445401473662
Indonesia,all77_tabular,0.3,9,Indonesia_45064,1,0.6355505985995783
Indonesia,all77_tabular,0.3,10,Indonesia_165728,1,0.6164084481816873
Indonesia,all77_tabular,0.3,11,Indonesia_181254,1,0.5855522545249198
Indonesia,all77_tabular,0.3,12,Indonesia_155591,1,0.5698303173557465
Indonesia,all77_tabular,0.3,13,Indonesia_58467,1,0.5368969654913996
Indonesia,all77_tabular,0.3,14,Indonesia_170642,0,0.410577900435801
Indonesia,all77_tabular,0.3,15,Indonesia_45522,0,0.38469359885115423
Iraq,compact_tabular,0.1,1,Iraq_311,1,0.9178790714296531
Iraq,compact_tabular,0.1,2,Iraq_13763,1,0.8695024112505907
Iraq,compact_tabular,0.1,3,Iraq_397,1,0.8092549612616425
Iraq,compact_tabular,0.1,4,Iraq_356,1,0.80738656518742
Iraq,compact_tabular,0.1,5,Iraq_19128,1,0.8018073145412785
Iraq,compact_tabular,0.2,1,Iraq_311,1,0.9178790714296531
Iraq,compact_tabular,0.2,2,Iraq_13763,1,0.8695024112505907
Iraq,compact_tabular,0.2,3,Iraq_397,1,0.8092549612616425
Iraq,compact_tabular,0.2,4,Iraq_356,1,0.80738656518742
Iraq,compact_tabular,0.2,5,Iraq_19128,1,0.8018073145412785
Iraq,compact_tabular,0.2,6,Iraq_70,1,0.7937154604659552
Iraq,compact_tabular,0.2,7,Iraq_74,1,0.7934723279632317
Iraq,compact_tabular,0.2,8,Iraq_210,1,0.7637701179594498
Iraq,compact_tabular,0.2,9,Iraq_357,1,0.7511213759513273
Iraq,compact_tabular,0.2,10,Iraq_325,1,0.7449537331772719
Iraq,compact_tabular,0.3,1,Iraq_311,1,0.9178790714296531
Iraq,compact_tabular,0.3,2,Iraq_13763,1,0.8695024112505907
Iraq,compact_tabular,0.3,3,Iraq_397,1,0.8092549612616425
Iraq,compact_tabular,0.3,4,Iraq_356,1,0.80738656518742
Iraq,compact_tabular,0.3,5,Iraq_19128,1,0.8018073145412785
Iraq,compact_tabular,0.3,6,Iraq_70,1,0.7937154604659552
Iraq,compact_tabular,0.3,7,Iraq_74,1,0.7934723279632317
Iraq,compact_tabular,0.3,8,Iraq_210,1,0.7637701179594498
Iraq,compact_tabular,0.3,9,Iraq_357,1,0.7511213759513273
Iraq,compact_tabular,0.3,10,Iraq_325,1,0.7449537331772719
Iraq,compact_tabular,0.3,11,Iraq_27397,1,0.7250285868608479
Iraq,compact_tabular,0.3,12,Iraq_3879,1,0.68160576746339
Iraq,compact_tabular,0.3,13,Iraq_141,1,0.649973424119824
Iraq,compact_tabular,0.3,14,Iraq_1006,1,0.595032664258356
Iraq,compact_tabular,0.3,15,Iraq_1179,0,0.42272083415119405
Iraq,guarded_cv_tabular,0.1,1,Iraq_311,1,0.9042647695258846
Iraq,guarded_cv_tabular,0.1,2,Iraq_357,1,0.8689869132871063
Iraq,guarded_cv_tabular,0.1,3,Iraq_210,1,0.8418347952028467
Iraq,guarded_cv_tabular,0.1,4,Iraq_325,1,0.8378670082187746
Iraq,guarded_cv_tabular,0.1,5,Iraq_356,1,0.8075119495467521
Iraq,guarded_cv_tabular,0.2,1,Iraq_311,1,0.9042647695258846
Iraq,guarded_cv_tabular,0.2,2,Iraq_357,1,0.8689869132871063
Iraq,guarded_cv_tabular,0.2,3,Iraq_210,1,0.8418347952028467
Iraq,guarded_cv_tabular,0.2,4,Iraq_325,1,0.8378670082187746
Iraq,guarded_cv_tabular,0.2,5,Iraq_356,1,0.8075119495467521
Iraq,guarded_cv_tabular,0.2,6,Iraq_70,1,0.7965053454639661
Iraq,guarded_cv_tabular,0.2,7,Iraq_19128,1,0.7843481092528721
Iraq,guarded_cv_tabular,0.2,8,Iraq_13763,1,0.7692919007872936
Iraq,guarded_cv_tabular,0.2,9,Iraq_74,1,0.7532931649951821
Iraq,guarded_cv_tabular,0.2,10,Iraq_3879,1,0.7529893941638223
Iraq,guarded_cv_tabular,0.3,1,Iraq_311,1,0.9042647695258846
Iraq,guarded_cv_tabular,0.3,2,Iraq_357,1,0.8689869132871063
Iraq,guarded_cv_tabular,0.3,3,Iraq_210,1,0.8418347952028467
Iraq,guarded_cv_tabular,0.3,4,Iraq_325,1,0.8378670082187746
Iraq,guarded_cv_tabular,0.3,5,Iraq_356,1,0.8075119495467521
Iraq,guarded_cv_tabular,0.3,6,Iraq_70,1,0.7965053454639661
Iraq,guarded_cv_tabular,0.3,7,Iraq_19128,1,0.7843481092528721
Iraq,guarded_cv_tabular,0.3,8,Iraq_13763,1,0.7692919007872936
Iraq,guarded_cv_tabular,0.3,9,Iraq_74,1,0.7532931649951821
Iraq,guarded_cv_tabular,0.3,10,Iraq_3879,1,0.7529893941638223
Iraq,guarded_cv_tabular,0.3,11,Iraq_397,1,0.7420443657794573
Iraq,guarded_cv_tabular,0.3,12,Iraq_27397,1,0.7380402621652719
Iraq,guarded_cv_tabular,0.3,13,Iraq_1006,1,0.7264094818847665
Iraq,guarded_cv_tabular,0.3,14,Iraq_141,1,0.677903014493241
Iraq,guarded_cv_tabular,0.3,15,Iraq_32338,0,0.5637422521548044
Iraq,all77_tabular,0.1,1,Iraq_311,1,0.9174645827605644
Iraq,all77_tabular,0.1,2,Iraq_210,1,0.8139737489737836
Iraq,all77_tabular,0.1,3,Iraq_13763,1,0.8060826083634502
Iraq,all77_tabular,0.1,4,Iraq_325,1,0.788986585580803
Iraq,all77_tabular,0.1,5,Iraq_397,1,0.7820346337381308
Iraq,all77_tabular,0.2,1,Iraq_311,1,0.9174645827605644
Iraq,all77_tabular,0.2,2,Iraq_210,1,0.8139737489737836
Iraq,all77_tabular,0.2,3,Iraq_13763,1,0.8060826083634502
Iraq,all77_tabular,0.2,4,Iraq_325,1,0.788986585580803
Iraq,all77_tabular,0.2,5,Iraq_397,1,0.7820346337381308
Iraq,all77_tabular,0.2,6,Iraq_3879,1,0.7645489214691296
Iraq,all77_tabular,0.2,7,Iraq_27397,1,0.7600400570627679
Iraq,all77_tabular,0.2,8,Iraq_70,1,0.7566552347366787
Iraq,all77_tabular,0.2,9,Iraq_19128,1,0.702091251696602
Iraq,all77_tabular,0.2,10,Iraq_74,1,0.6229521399719835
Iraq,all77_tabular,0.3,1,Iraq_311,1,0.9174645827605644
Iraq,all77_tabular,0.3,2,Iraq_210,1,0.8139737489737836
Iraq,all77_tabular,0.3,3,Iraq_13763,1,0.8060826083634502
Iraq,all77_tabular,0.3,4,Iraq_325,1,0.788986585580803
Iraq,all77_tabular,0.3,5,Iraq_397,1,0.7820346337381308
Iraq,all77_tabular,0.3,6,Iraq_3879,1,0.7645489214691296
Iraq,all77_tabular,0.3,7,Iraq_27397,1,0.7600400570627679
Iraq,all77_tabular,0.3,8,Iraq_70,1,0.7566552347366787
Iraq,all77_tabular,0.3,9,Iraq_19128,1,0.702091251696602
Iraq,all77_tabular,0.3,10,Iraq_74,1,0.6229521399719835
Iraq,all77_tabular,0.3,11,Iraq_356,1,0.5259523070135377
Iraq,all77_tabular,0.3,12,Iraq_35473,0,0.4528953572122137
Iraq,all77_tabular,0.3,13,Iraq_357,1,0.4358560126316588
Iraq,all77_tabular,0.3,14,Iraq_1006,1,0.43343719494595306
Iraq,all77_tabular,0.3,15,Iraq_141,1,0.41481498718907356
Libya,compact_tabular,0.1,1,Libya_741,1,0.952525526307677
Libya,compact_tabular,0.1,2,Libya_1524,1,0.9456010825061597
Libya,compact_tabular,0.1,3,Libya_107,1,0.9185339560252848
Libya,compact_tabular,0.1,4,Libya_448,1,0.912068298078036
Libya,compact_tabular,0.1,5,Libya_161,1,0.9086364445883482
Libya,compact_tabular,0.1,6,Libya_263,1,0.8907050112278365
Libya,compact_tabular,0.2,1,Libya_741,1,0.952525526307677
Libya,compact_tabular,0.2,2,Libya_1524,1,0.9456010825061597
Libya,compact_tabular,0.2,3,Libya_107,1,0.9185339560252848
Libya,compact_tabular,0.2,4,Libya_448,1,0.912068298078036
Libya,compact_tabular,0.2,5,Libya_161,1,0.9086364445883482
Libya,compact_tabular,0.2,6,Libya_263,1,0.8907050112278365
Libya,compact_tabular,0.2,7,Libya_925,1,0.8757316066712962
Libya,compact_tabular,0.2,8,Libya_1686,1,0.8464762729810023
Libya,compact_tabular,0.2,9,Libya_2044,1,0.8431161497240497
Libya,compact_tabular,0.2,10,Libya_2851,1,0.8060938439405444
Libya,compact_tabular,0.2,11,Libya_380,1,0.7609157645984693
Libya,compact_tabular,0.3,1,Libya_741,1,0.952525526307677
Libya,compact_tabular,0.3,2,Libya_1524,1,0.9456010825061597
Libya,compact_tabular,0.3,3,Libya_107,1,0.9185339560252848
Libya,compact_tabular,0.3,4,Libya_448,1,0.912068298078036
Libya,compact_tabular,0.3,5,Libya_161,1,0.9086364445883482
Libya,compact_tabular,0.3,6,Libya_263,1,0.8907050112278365
Libya,compact_tabular,0.3,7,Libya_925,1,0.8757316066712962
Libya,compact_tabular,0.3,8,Libya_1686,1,0.8464762729810023
Libya,compact_tabular,0.3,9,Libya_2044,1,0.8431161497240497
Libya,compact_tabular,0.3,10,Libya_2851,1,0.8060938439405444
Libya,compact_tabular,0.3,11,Libya_380,1,0.7609157645984693
Libya,compact_tabular,0.3,12,Libya_1743,0,0.7173087417325502
Libya,compact_tabular,0.3,13,Libya_2232,0,0.6456122591901132
Libya,compact_tabular,0.3,14,Libya_1531,1,0.6274367170934747
Libya,compact_tabular,0.3,15,Libya_839,1,0.5916207448199373
Libya,compact_tabular,0.3,16,Libya_370,0,0.5889904426821239
Libya,guarded_cv_tabular,0.1,1,Libya_741,1,0.9048272220166395
Libya,guarded_cv_tabular,0.1,2,Libya_107,1,0.8886509318405973
Libya,guarded_cv_tabular,0.1,3,Libya_263,1,0.8750513036429011
Libya,guarded_cv_tabular,0.1,4,Libya_1524,1,0.8726407358974363
Libya,guarded_cv_tabular,0.1,5,Libya_448,1,0.8709011953999711
Libya,guarded_cv_tabular,0.1,6,Libya_2044,1,0.8467453686716452
Libya,guarded_cv_tabular,0.2,1,Libya_741,1,0.9048272220166395
Libya,guarded_cv_tabular,0.2,2,Libya_107,1,0.8886509318405973
Libya,guarded_cv_tabular,0.2,3,Libya_263,1,0.8750513036429011
Libya,guarded_cv_tabular,0.2,4,Libya_1524,1,0.8726407358974363
Libya,guarded_cv_tabular,0.2,5,Libya_448,1,0.8709011953999711
Libya,guarded_cv_tabular,0.2,6,Libya_2044,1,0.8467453686716452
Libya,guarded_cv_tabular,0.2,7,Libya_925,1,0.8411792231025274
Libya,guarded_cv_tabular,0.2,8,Libya_161,1,0.838789640145318
Libya,guarded_cv_tabular,0.2,9,Libya_1686,1,0.8220117012876473
Libya,guarded_cv_tabular,0.2,10,Libya_2851,1,0.8109466109414337
Libya,guarded_cv_tabular,0.2,11,Libya_1814,0,0.7492200906994269
Libya,guarded_cv_tabular,0.3,1,Libya_741,1,0.9048272220166395
Libya,guarded_cv_tabular,0.3,2,Libya_107,1,0.8886509318405973
Libya,guarded_cv_tabular,0.3,3,Libya_263,1,0.8750513036429011
Libya,guarded_cv_tabular,0.3,4,Libya_1524,1,0.8726407358974363
Libya,guarded_cv_tabular,0.3,5,Libya_448,1,0.8709011953999711
Libya,guarded_cv_tabular,0.3,6,Libya_2044,1,0.8467453686716452
Libya,guarded_cv_tabular,0.3,7,Libya_925,1,0.8411792231025274
Libya,guarded_cv_tabular,0.3,8,Libya_161,1,0.838789640145318
Libya,guarded_cv_tabular,0.3,9,Libya_1686,1,0.8220117012876473
Libya,guarded_cv_tabular,0.3,10,Libya_2851,1,0.8109466109414337
Libya,guarded_cv_tabular,0.3,11,Libya_1814,0,0.7492200906994269
Libya,guarded_cv_tabular,0.3,12,Libya_839,1,0.7433794249314869
Libya,guarded_cv_tabular,0.3,13,Libya_380,1,0.7170248339817356
Libya,guarded_cv_tabular,0.3,14,Libya_2249,0,0.7102621761179945
Libya,guarded_cv_tabular,0.3,15,Libya_2232,0,0.7058902770537913
Libya,guarded_cv_tabular,0.3,16,Libya_370,0,0.6999617292418864
Libya,all77_tabular,0.1,1,Libya_741,1,0.94754613504658
Libya,all77_tabular,0.1,2,Libya_1524,1,0.9451917661989708
Libya,all77_tabular,0.1,3,Libya_107,1,0.9291102409571175
Libya,all77_tabular,0.1,4,Libya_448,1,0.9245518285087501
Libya,all77_tabular,0.1,5,Libya_263,1,0.9043921813273439
Libya,all77_tabular,0.1,6,Libya_925,1,0.8870837722181676
Libya,all77_tabular,0.2,1,Libya_741,1,0.94754613504658
Libya,all77_tabular,0.2,2,Libya_1524,1,0.9451917661989708
Libya,all77_tabular,0.2,3,Libya_107,1,0.9291102409571175
Libya,all77_tabular,0.2,4,Libya_448,1,0.9245518285087501
Libya,all77_tabular,0.2,5,Libya_263,1,0.9043921813273439
Libya,all77_tabular,0.2,6,Libya_925,1,0.8870837722181676
Libya,all77_tabular,0.2,7,Libya_161,1,0.8782866870193174
Libya,all77_tabular,0.2,8,Libya_2044,1,0.8460207137098802
Libya,all77_tabular,0.2,9,Libya_1686,1,0.8284435007406993
Libya,all77_tabular,0.2,10,Libya_2851,1,0.8211099281900952
Libya,all77_tabular,0.2,11,Libya_1743,0,0.7453589382444491
Libya,all77_tabular,0.3,1,Libya_741,1,0.94754613504658
Libya,all77_tabular,0.3,2,Libya_1524,1,0.9451917661989708
Libya,all77_tabular,0.3,3,Libya_107,1,0.9291102409571175
Libya,all77_tabular,0.3,4,Libya_448,1,0.9245518285087501
Libya,all77_tabular,0.3,5,Libya_263,1,0.9043921813273439
Libya,all77_tabular,0.3,6,Libya_925,1,0.8870837722181676
Libya,all77_tabular,0.3,7,Libya_161,1,0.8782866870193174
Libya,all77_tabular,0.3,8,Libya_2044,1,0.8460207137098802
Libya,all77_tabular,0.3,9,Libya_1686,1,0.8284435007406993
Libya,all77_tabular,0.3,10,Libya_2851,1,0.8211099281900952
Libya,all77_tabular,0.3,11,Libya_1743,0,0.7453589382444491
Libya,all77_tabular,0.3,12,Libya_380,1,0.7165725316033567
Libya,all77_tabular,0.3,13,Libya_839,1,0.7135069959248534
Libya,all77_tabular,0.3,14,Libya_370,0,0.6504068803894715
Libya,all77_tabular,0.3,15,Libya_1531,1,0.6239724005186867
Libya,all77_tabular,0.3,16,Libya_3324,0,0.606474555114027
Nigeria,compact_tabular,0.1,1,Nigeria_10753,1,0.9388823051711817
Nigeria,compact_tabular,0.1,2,Nigeria_42858,1,0.9226336694668688
Nigeria,compact_tabular,0.1,3,Nigeria_52663,1,0.9058504130937827
Nigeria,compact_tabular,0.1,4,Nigeria_163317,1,0.8817225436728545
Nigeria,compact_tabular,0.1,5,Nigeria_125859,1,0.619551419965093
Nigeria,compact_tabular,0.2,1,Nigeria_10753,1,0.9388823051711817
Nigeria,compact_tabular,0.2,2,Nigeria_42858,1,0.9226336694668688
Nigeria,compact_tabular,0.2,3,Nigeria_52663,1,0.9058504130937827
Nigeria,compact_tabular,0.2,4,Nigeria_163317,1,0.8817225436728545
Nigeria,compact_tabular,0.2,5,Nigeria_125859,1,0.619551419965093
Nigeria,compact_tabular,0.2,6,Nigeria_120415,1,0.6072767757625216
Nigeria,compact_tabular,0.2,7,Nigeria_28668,1,0.5518595665785934
Nigeria,compact_tabular,0.2,8,Nigeria_431194,1,0.523624922740607
Nigeria,compact_tabular,0.2,9,Nigeria_468340,1,0.5169387104934667
Nigeria,compact_tabular,0.2,10,Nigeria_130791,1,0.30659762484889047
Nigeria,compact_tabular,0.3,1,Nigeria_10753,1,0.9388823051711817
Nigeria,compact_tabular,0.3,2,Nigeria_42858,1,0.9226336694668688
Nigeria,compact_tabular,0.3,3,Nigeria_52663,1,0.9058504130937827
Nigeria,compact_tabular,0.3,4,Nigeria_163317,1,0.8817225436728545
Nigeria,compact_tabular,0.3,5,Nigeria_125859,1,0.619551419965093
Nigeria,compact_tabular,0.3,6,Nigeria_120415,1,0.6072767757625216
Nigeria,compact_tabular,0.3,7,Nigeria_28668,1,0.5518595665785934
Nigeria,compact_tabular,0.3,8,Nigeria_431194,1,0.523624922740607
Nigeria,compact_tabular,0.3,9,Nigeria_468340,1,0.5169387104934667
Nigeria,compact_tabular,0.3,10,Nigeria_130791,1,0.30659762484889047
Nigeria,compact_tabular,0.3,11,Nigeria_14482,1,0.27070732702163475
Nigeria,compact_tabular,0.3,12,Nigeria_60999,1,0.26083062206991553
Nigeria,compact_tabular,0.3,13,Nigeria_122953,0,0.239575413371682
Nigeria,compact_tabular,0.3,14,Nigeria_206027,0,0.18083033590625727
Nigeria,compact_tabular,0.3,15,Nigeria_154666,0,0.1769861530430796
Nigeria,guarded_cv_tabular,0.1,1,Nigeria_10753,1,0.8861773034234891
Nigeria,guarded_cv_tabular,0.1,2,Nigeria_52663,1,0.8571157758135746
Nigeria,guarded_cv_tabular,0.1,3,Nigeria_42858,1,0.8566267224744416
Nigeria,guarded_cv_tabular,0.1,4,Nigeria_163317,1,0.8129466510601812
Nigeria,guarded_cv_tabular,0.1,5,Nigeria_125859,1,0.6934050284912526
Nigeria,guarded_cv_tabular,0.2,1,Nigeria_10753,1,0.8861773034234891
Nigeria,guarded_cv_tabular,0.2,2,Nigeria_52663,1,0.8571157758135746
Nigeria,guarded_cv_tabular,0.2,3,Nigeria_42858,1,0.8566267224744416
Nigeria,guarded_cv_tabular,0.2,4,Nigeria_163317,1,0.8129466510601812
Nigeria,guarded_cv_tabular,0.2,5,Nigeria_125859,1,0.6934050284912526
Nigeria,guarded_cv_tabular,0.2,6,Nigeria_468340,1,0.6899687698553226
Nigeria,guarded_cv_tabular,0.2,7,Nigeria_130791,1,0.6758984845289507
Nigeria,guarded_cv_tabular,0.2,8,Nigeria_120415,1,0.6385798079399646
Nigeria,guarded_cv_tabular,0.2,9,Nigeria_431194,1,0.6323050035084335
Nigeria,guarded_cv_tabular,0.2,10,Nigeria_28668,1,0.5925023375690587
Nigeria,guarded_cv_tabular,0.3,1,Nigeria_10753,1,0.8861773034234891
Nigeria,guarded_cv_tabular,0.3,2,Nigeria_52663,1,0.8571157758135746
Nigeria,guarded_cv_tabular,0.3,3,Nigeria_42858,1,0.8566267224744416
Nigeria,guarded_cv_tabular,0.3,4,Nigeria_163317,1,0.8129466510601812
Nigeria,guarded_cv_tabular,0.3,5,Nigeria_125859,1,0.6934050284912526
Nigeria,guarded_cv_tabular,0.3,6,Nigeria_468340,1,0.6899687698553226
Nigeria,guarded_cv_tabular,0.3,7,Nigeria_130791,1,0.6758984845289507
Nigeria,guarded_cv_tabular,0.3,8,Nigeria_120415,1,0.6385798079399646
Nigeria,guarded_cv_tabular,0.3,9,Nigeria_431194,1,0.6323050035084335
Nigeria,guarded_cv_tabular,0.3,10,Nigeria_28668,1,0.5925023375690587
Nigeria,guarded_cv_tabular,0.3,11,Nigeria_378328,0,0.5546361434413692
Nigeria,guarded_cv_tabular,0.3,12,Nigeria_347562,1,0.5165462748218829
Nigeria,guarded_cv_tabular,0.3,13,Nigeria_14482,1,0.4874513004952494
Nigeria,guarded_cv_tabular,0.3,14,Nigeria_60999,1,0.47803905870047664
Nigeria,guarded_cv_tabular,0.3,15,Nigeria_322551,0,0.46379773442997435
Nigeria,all77_tabular,0.1,1,Nigeria_10753,1,0.9436648643526091
Nigeria,all77_tabular,0.1,2,Nigeria_42858,1,0.9305818128879672
Nigeria,all77_tabular,0.1,3,Nigeria_52663,1,0.916488204331073
Nigeria,all77_tabular,0.1,4,Nigeria_163317,1,0.8364348402405749
Nigeria,all77_tabular,0.1,5,Nigeria_125859,1,0.6352257972769886
Nigeria,all77_tabular,0.2,1,Nigeria_10753,1,0.9436648643526091
Nigeria,all77_tabular,0.2,2,Nigeria_42858,1,0.9305818128879672
Nigeria,all77_tabular,0.2,3,Nigeria_52663,1,0.916488204331073
Nigeria,all77_tabular,0.2,4,Nigeria_163317,1,0.8364348402405749
Nigeria,all77_tabular,0.2,5,Nigeria_125859,1,0.6352257972769886
Nigeria,all77_tabular,0.2,6,Nigeria_468340,1,0.6288794276015605
Nigeria,all77_tabular,0.2,7,Nigeria_120415,1,0.61675437024793
Nigeria,all77_tabular,0.2,8,Nigeria_431194,1,0.5964076984498705
Nigeria,all77_tabular,0.2,9,Nigeria_28668,1,0.5285539035139887
Nigeria,all77_tabular,0.2,10,Nigeria_130791,1,0.34707993933065184
Nigeria,all77_tabular,0.3,1,Nigeria_10753,1,0.9436648643526091
Nigeria,all77_tabular,0.3,2,Nigeria_42858,1,0.9305818128879672
Nigeria,all77_tabular,0.3,3,Nigeria_52663,1,0.916488204331073
Nigeria,all77_tabular,0.3,4,Nigeria_163317,1,0.8364348402405749
Nigeria,all77_tabular,0.3,5,Nigeria_125859,1,0.6352257972769886
Nigeria,all77_tabular,0.3,6,Nigeria_468340,1,0.6288794276015605
Nigeria,all77_tabular,0.3,7,Nigeria_120415,1,0.61675437024793
Nigeria,all77_tabular,0.3,8,Nigeria_431194,1,0.5964076984498705
Nigeria,all77_tabular,0.3,9,Nigeria_28668,1,0.5285539035139887
Nigeria,all77_tabular,0.3,10,Nigeria_130791,1,0.34707993933065184
Nigeria,all77_tabular,0.3,11,Nigeria_14482,1,0.2733132848901193
Nigeria,all77_tabular,0.3,12,Nigeria_122953,0,0.229294662732392
Nigeria,all77_tabular,0.3,13,Nigeria_60999,1,0.2194368751383157
Nigeria,all77_tabular,0.3,14,Nigeria_347562,1,0.1930451247456196
Nigeria,all77_tabular,0.3,15,Nigeria_322551,0,0.1570002836208065
