seed,country,branch,n,n_positive,threshold,precision,recall,f1,pr_auc,roc_auc,tn,fp,fn,tp
272,Algeria,compact_tabular,48,15,0.39713984431597077,0.6666666666666666,0.6666666666666666,0.6666666666666666,0.8283389460780766,0.892929292929293,28,5,5,10
272,Algeria,all77_tabular,48,15,0.41972536452549053,0.6666666666666666,0.6666666666666666,0.6666666666666666,0.8430149600801774,0.9070707070707071,28,5,5,10
272,Algeria,handcrafted_image,48,15,0.32811779644800926,0.6842105263157895,0.8666666666666667,0.7647058823529411,0.8982621381886088,0.9191919191919192,27,6,2,13
272,Algeria,cnn_only,48,15,0.3628605864804827,0.45454545454545453,1.0,0.625,0.6629555560762654,0.8363636363636364,15,18,0,15
272,Algeria,cv_multispectral,48,15,0.29415853216098825,0.5,0.8666666666666667,0.6341463414634146,0.7995851098792275,0.8767676767676768,20,13,2,13
272,Algeria,guarded_cv_tabular,48,15,0.6052371218816425,0.7692307692307693,0.6666666666666666,0.7142857142857143,0.8500753129512264,0.9050505050505051,30,3,5,10
272,Algeria,nested_champion,48,15,0.6052371218816425,0.7692307692307693,0.6666666666666666,0.7142857142857143,0.8500753129512264,0.9050505050505051,30,3,5,10
272,Angola,compact_tabular,50,6,0.4329732047222382,1.0,0.8333333333333334,0.9090909090909091,0.9583333333333333,0.9924242424242424,44,0,1,5
272,Angola,all77_tabular,50,6,0.3839802859609237,0.6666666666666666,0.6666666666666666,0.6666666666666666,0.8773809523809524,0.9810606060606061,42,2,2,4
272,Angola,handcrafted_image,50,6,0.40508923413861125,0.7142857142857143,0.8333333333333334,0.7692307692307693,0.8445378151260503,0.9507575757575757,42,2,1,5
272,Angola,cnn_only,50,6,0.17561680682746053,0.35294117647058826,1.0,0.5217391304347826,0.8259259259259258,0.9659090909090908,33,11,0,6
272,Angola,cv_multispectral,50,6,0.16734083462893307,0.2857142857142857,1.0,0.4444444444444444,0.8773809523809524,0.9810606060606061,29,15,0,6
272,Angola,guarded_cv_tabular,50,6,0.5996438694768309,0.8571428571428571,1.0,0.9230769230769231,1.0,1.0,43,1,0,6
272,Angola,nested_champion,50,6,0.3839802859609237,0.6666666666666666,0.6666666666666666,0.6666666666666666,0.8773809523809524,0.9810606060606061,42,2,2,4
272,Indonesia,compact_tabular,48,17,0.5105571822744435,1.0,0.5294117647058824,0.6923076923076923,0.9522406480322625,0.9373814041745732,31,0,8,9
272,Indonesia,all77_tabular,48,17,0.26270459492367093,0.8,0.9411764705882353,0.8648648648648649,0.9330882352941177,0.9240986717267552,27,4,1,16
272,Indonesia,handcrafted_image,48,17,0.12884524082267373,0.37209302325581395,0.9411764705882353,0.5333333333333333,0.7728989261191963,0.8178368121442124,4,27,1,16
272,Indonesia,cnn_only,48,17,0.5635262580893734,0.5357142857142857,0.8823529411764706,0.6666666666666666,0.848326704597421,0.8652751423149906,18,13,2,15
272,Indonesia,cv_multispectral,48,17,0.657882517703734,0.6956521739130435,0.9411764705882353,0.8,0.8529985567425797,0.9013282732447817,24,7,1,16
272,Indonesia,guarded_cv_tabular,48,17,0.6533414101332545,0.8823529411764706,0.8823529411764706,0.8823529411764706,0.9481162464985995,0.9582542694497154,29,2,2,15
272,Indonesia,nested_champion,48,17,0.6533414101332545,0.8823529411764706,0.8823529411764706,0.8823529411764706,0.9481162464985995,0.9582542694497154,29,2,2,15
272,Iraq,compact_tabular,48,18,0.41321291003858523,0.9333333333333333,0.7777777777777778,0.8484848484848485,0.8768231944025893,0.8462962962962963,29,1,4,14
272,Iraq,all77_tabular,48,18,0.3581739964673836,0.875,0.7777777777777778,0.8235294117647058,0.8628823878823879,0.8370370370370371,28,2,4,14
272,Iraq,handcrafted_image,48,18,0.3616922209700071,1.0,0.3333333333333333,0.5,0.7012150358583101,0.7129629629629629,30,0,12,6
272,Iraq,cnn_only,48,18,0.414887582670379,0.6190476190476191,0.7222222222222222,0.6666666666666666,0.7369143137343004,0.7777777777777778,22,8,5,13
272,Iraq,cv_multispectral,48,18,0.7206670962744626,0.9,0.5,0.6428571428571429,0.781791395333062,0.8388888888888889,29,1,9,9
272,Iraq,guarded_cv_tabular,48,18,0.6136323010046248,1.0,0.7777777777777778,0.875,0.9031819315176561,0.8833333333333333,30,0,4,14
272,Iraq,nested_champion,48,18,0.41321291003858523,0.9333333333333333,0.7777777777777778,0.8484848484848485,0.8768231944025893,0.8462962962962963,29,1,4,14
272,Libya,compact_tabular,51,15,0.43872125434678394,0.6842105263157895,0.8666666666666667,0.7647058823529411,0.9091376589622203,0.925925925925926,30,6,2,13
272,Libya,all77_tabular,51,15,0.26073094001919533,0.5185185185185185,0.9333333333333333,0.6666666666666666,0.9189300242241418,0.9425925925925926,23,13,1,14
272,Libya,handcrafted_image,51,15,0.4848342195025487,0.5263157894736842,0.6666666666666666,0.5882352941176471,0.6681061859441632,0.8203703703703704,27,9,5,10
272,Libya,cnn_only,51,15,0.7472387527164887,0.5416666666666666,0.8666666666666667,0.6666666666666666,0.5769407444407444,0.7981481481481482,25,11,2,13
272,Libya,cv_multispectral,51,15,0.4281628149700965,0.42857142857142855,1.0,0.6,0.6987285745331722,0.8777777777777778,16,20,0,15
272,Libya,guarded_cv_tabular,51,15,0.6356276277355034,0.6666666666666666,0.9333333333333333,0.7777777777777778,0.9250752019401904,0.9592592592592593,29,7,1,14
272,Libya,nested_champion,51,15,0.6356276277355034,0.6666666666666666,0.9333333333333333,0.7777777777777778,0.9250752019401904,0.9592592592592593,29,7,1,14
272,Nigeria,compact_tabular,49,16,0.3356966683985786,1.0,0.5625,0.72,0.9144059065934065,0.9242424242424243,33,0,7,9
272,Nigeria,all77_tabular,49,16,0.4558249483378754,1.0,0.5625,0.72,0.9211512445887446,0.9375,33,0,7,9
272,Nigeria,handcrafted_image,49,16,0.1303435754153173,0.7857142857142857,0.6875,0.7333333333333333,0.9223571825061763,0.9602272727272727,30,3,5,11
272,Nigeria,cnn_only,49,16,0.7192722681050803,1.0,0.1875,0.3157894736842105,0.8669054036241536,0.9090909090909091,33,0,13,3
272,Nigeria,cv_multispectral,49,16,0.24437273352019617,0.7857142857142857,0.6875,0.7333333333333333,0.8437631675707333,0.9337121212121211,30,3,5,11
272,Nigeria,guarded_cv_tabular,49,16,0.5090754443883792,0.9090909090909091,0.625,0.7407407407407407,0.9533087929227635,0.9753787878787878,32,1,6,10
272,Nigeria,nested_champion,49,16,0.5090754443883792,0.9090909090909091,0.625,0.7407407407407407,0.9533087929227635,0.9753787878787878,32,1,6,10
273,Algeria,compact_tabular,48,15,0.42071809083742895,0.6666666666666666,0.6666666666666666,0.6666666666666666,0.8303235725203688,0.898989898989899,28,5,5,10
273,Algeria,all77_tabular,48,15,0.38915267491612565,0.6666666666666666,0.6666666666666666,0.6666666666666666,0.843429360494578,0.9050505050505051,28,5,5,10
273,Algeria,handcrafted_image,48,15,0.29131239348095034,0.5909090909090909,0.8666666666666667,0.7027027027027027,0.9041125541125541,0.9212121212121213,24,9,2,13
273,Algeria,cnn_only,48,15,0.3675508039770767,0.45454545454545453,1.0,0.625,0.6833076581973017,0.8484848484848485,15,18,0,15
273,Algeria,cv_multispectral,48,15,0.29175047540910165,0.5,0.8666666666666667,0.6341463414634146,0.7774627224627224,0.8686868686868687,20,13,2,13
273,Algeria,guarded_cv_tabular,48,15,0.6291157948755031,0.7692307692307693,0.6666666666666666,0.7142857142857143,0.8281058707374497,0.896969696969697,30,3,5,10
273,Algeria,nested_champion,48,15,0.6291157948755031,0.7692307692307693,0.6666666666666666,0.7142857142857143,0.8281058707374497,0.896969696969697,30,3,5,10
273,Angola,compact_tabular,50,6,0.421660626791302,1.0,0.8333333333333334,0.9090909090909091,0.9583333333333333,0.9924242424242424,44,0,1,5
273,Angola,all77_tabular,50,6,0.39695679203956563,0.6666666666666666,0.6666666666666666,0.6666666666666666,0.8773809523809524,0.9810606060606061,42,2,2,4
273,Angola,handcrafted_image,50,6,0.4268504617204641,0.8,0.6666666666666666,0.7272727272727273,0.8626373626373626,0.9659090909090909,43,1,2,4
273,Angola,cnn_only,50,6,0.17465874368300033,0.35294117647058826,1.0,0.5217391304347826,0.8259259259259258,0.9659090909090908,33,11,0,6
273,Angola,cv_multispectral,50,6,0.16719820286776704,0.2857142857142857,1.0,0.4444444444444444,0.8634920634920634,0.9772727272727273,29,15,0,6
273,Angola,guarded_cv_tabular,50,6,0.5893001115620857,0.8571428571428571,1.0,0.9230769230769231,1.0,1.0,43,1,0,6
273,Angola,nested_champion,50,6,0.39695679203956563,0.6666666666666666,0.6666666666666666,0.6666666666666666,0.8773809523809524,0.9810606060606061,42,2,2,4
273,Indonesia,compact_tabular,48,17,0.5031181153541876,1.0,0.5294117647058824,0.6923076923076923,0.9522406480322625,0.9373814041745732,31,0,8,9
273,Indonesia,all77_tabular,48,17,0.2780146980570179,0.8,0.9411764705882353,0.8648648648648649,0.9359717416378316,0.9259962049335863,27,4,1,16
273,Indonesia,handcrafted_image,48,17,0.13522949243870114,0.38095238095238093,0.9411764705882353,0.5423728813559322,0.7808035313885267,0.8197343453510437,5,26,1,16
273,Indonesia,cnn_only,48,17,0.6245393148873124,0.5416666666666666,0.7647058823529411,0.6341463414634146,0.8207639114843817,0.8349146110056925,20,11,4,13
273,Indonesia,cv_multispectral,48,17,0.5724521802741998,0.6956521739130435,0.9411764705882353,0.8,0.8871125887887796,0.9165085388994308,24,7,1,16
273,Indonesia,guarded_cv_tabular,48,17,0.6200002708925119,0.8333333333333334,0.8823529411764706,0.8571428571428571,0.9508634992458521,0.9620493358633777,28,3,2,15
273,Indonesia,nested_champion,48,17,0.6200002708925119,0.8333333333333334,0.8823529411764706,0.8571428571428571,0.9508634992458521,0.9620493358633777,28,3,2,15
273,Iraq,compact_tabular,48,18,0.4021141788951602,0.9333333333333333,0.7777777777777778,0.8484848484848485,0.8777192517502594,0.8481481481481482,29,1,4,14
273,Iraq,all77_tabular,48,18,0.3031421570968738,0.875,0.7777777777777778,0.8235294117647058,0.8636931781668624,0.8388888888888889,28,2,4,14
273,Iraq,handcrafted_image,48,18,0.41720073728295937,1.0,0.3333333333333333,0.5,0.6889030109068093,0.7092592592592593,30,0,12,6
273,Iraq,cnn_only,48,18,0.4288740571951356,0.5789473684210527,0.6111111111111112,0.5945945945945946,0.7414562460174607,0.7833333333333333,22,8,7,11
273,Iraq,cv_multispectral,48,18,0.5153646256228475,0.6470588235294118,0.6111111111111112,0.6285714285714286,0.7850378495493437,0.837037037037037,24,6,7,11
273,Iraq,guarded_cv_tabular,48,18,0.5721348860217443,0.9375,0.8333333333333334,0.8823529411764706,0.9173107402274068,0.9092592592592592,29,1,3,15
273,Iraq,nested_champion,48,18,0.5721348860217443,0.9375,0.8333333333333334,0.8823529411764706,0.9173107402274068,0.9092592592592592,29,1,3,15
273,Libya,compact_tabular,51,15,0.43270491635999764,0.6842105263157895,0.8666666666666667,0.7647058823529411,0.9098488965155631,0.9277777777777778,30,6,2,13
273,Libya,all77_tabular,51,15,0.27485693090847146,0.5384615384615384,0.9333333333333333,0.6829268292682927,0.9209502262443439,0.9444444444444445,24,12,1,14
273,Libya,handcrafted_image,51,15,0.44656789731307084,0.5,0.6666666666666666,0.5714285714285714,0.6420806646245242,0.8222222222222222,26,10,5,10
273,Libya,cnn_only,51,15,0.37362394475731486,0.3488372093023256,1.0,0.5172413793103449,0.5364130247308782,0.7796296296296297,8,28,0,15
273,Libya,cv_multispectral,51,15,0.3916474452347221,0.38461538461538464,1.0,0.5555555555555556,0.7136076694697384,0.8796296296296295,12,24,0,15
273,Libya,guarded_cv_tabular,51,15,0.6169680712805169,0.625,1.0,0.7692307692307693,0.9228529797179683,0.9574074074074075,27,9,0,15
273,Libya,nested_champion,51,15,0.6169680712805169,0.625,1.0,0.7692307692307693,0.9228529797179683,0.9574074074074075,27,9,0,15
273,Nigeria,compact_tabular,49,16,0.34048065089909557,1.0,0.5625,0.72,0.9049479166666666,0.9166666666666667,33,0,7,9
273,Nigeria,all77_tabular,49,16,0.46877345039816476,1.0,0.5625,0.72,0.918298586494151,0.9393939393939393,33,0,7,9
273,Nigeria,handcrafted_image,49,16,0.11557698225930499,0.7857142857142857,0.6875,0.7333333333333333,0.9141726586966524,0.9564393939393939,30,3,5,11
273,Nigeria,cnn_only,49,16,0.7120858058518935,1.0,0.25,0.4,0.8697588915105362,0.9166666666666666,33,0,12,4
273,Nigeria,cv_multispectral,49,16,0.2419175745350964,0.8571428571428571,0.75,0.8,0.8649710395598553,0.9431818181818181,31,2,4,12
273,Nigeria,guarded_cv_tabular,49,16,0.5510325572682593,0.9090909090909091,0.625,0.7407407407407407,0.9513325083377833,0.9734848484848485,32,1,6,10
273,Nigeria,nested_champion,49,16,0.5510325572682593,0.9090909090909091,0.625,0.7407407407407407,0.9513325083377833,0.9734848484848485,32,1,6,10
274,Algeria,compact_tabular,48,15,0.3566232389582049,0.625,0.6666666666666666,0.6451612903225806,0.8234767478474572,0.890909090909091,27,6,5,10
274,Algeria,all77_tabular,48,15,0.4096712213177941,0.7142857142857143,0.6666666666666666,0.6896551724137931,0.8388839059491233,0.9030303030303031,29,4,5,10
274,Algeria,handcrafted_image,48,15,0.32852623558470284,0.6842105263157895,0.8666666666666667,0.7647058823529411,0.8982621381886088,0.9191919191919192,27,6,2,13
274,Algeria,cnn_only,48,15,0.5993213657585239,0.5384615384615384,0.9333333333333333,0.6829268292682927,0.6712112098427888,0.8464646464646464,21,12,1,14
274,Algeria,cv_multispectral,48,15,0.2741184771103253,0.48148148148148145,0.8666666666666667,0.6190476190476191,0.7723955673955674,0.8646464646464647,19,14,2,13
274,Algeria,guarded_cv_tabular,48,15,0.5814548905917047,0.7692307692307693,0.6666666666666666,0.7142857142857143,0.8405131515657831,0.9010101010101009,30,3,5,10
274,Algeria,nested_champion,48,15,0.3566232389582049,0.625,0.6666666666666666,0.6451612903225806,0.8234767478474572,0.890909090909091,27,6,5,10
274,Angola,compact_tabular,50,6,0.39403900843948847,0.8333333333333334,0.8333333333333334,0.8333333333333334,0.976190476190476,0.9962121212121212,43,1,1,5
274,Angola,all77_tabular,50,6,0.3889688162360597,0.7142857142857143,0.8333333333333334,0.7692307692307693,0.8972222222222221,0.9848484848484849,42,2,1,5
274,Angola,handcrafted_image,50,6,0.38367708576116216,0.7142857142857143,0.8333333333333334,0.7692307692307693,0.876984126984127,0.9659090909090908,42,2,1,5
274,Angola,cnn_only,50,6,0.1751664398324717,0.35294117647058826,1.0,0.5217391304347826,0.8259259259259258,0.9659090909090908,33,11,0,6
274,Angola,cv_multispectral,50,6,0.1666156400373945,0.3,1.0,0.46153846153846156,0.8634920634920634,0.9772727272727273,30,14,0,6
274,Angola,guarded_cv_tabular,50,6,0.5802710341634928,0.8571428571428571,1.0,0.9230769230769231,1.0,1.0,43,1,0,6
274,Angola,nested_champion,50,6,0.3889688162360597,0.7142857142857143,0.8333333333333334,0.7692307692307693,0.8972222222222221,0.9848484848484849,42,2,1,5
274,Indonesia,compact_tabular,48,17,0.5055467939883183,1.0,0.5294117647058824,0.6923076923076923,0.9559171186204978,0.9392789373814042,31,0,8,9
274,Indonesia,all77_tabular,48,17,0.2665409725865407,0.8,0.9411764705882353,0.8648648648648649,0.9365196078431373,0.9259962049335864,27,4,1,16
274,Indonesia,handcrafted_image,48,17,0.13056143727546962,0.37209302325581395,0.9411764705882353,0.5333333333333333,0.7860322895584613,0.8216318785578748,4,27,1,16
274,Indonesia,cnn_only,48,17,0.541638364831444,0.5555555555555556,0.8823529411764706,0.6818181818181818,0.855885848100381,0.8747628083491461,19,12,2,15
274,Indonesia,cv_multispectral,48,17,0.5366530596357236,0.6956521739130435,0.9411764705882353,0.8,0.8883633705273661,0.9203036053130931,24,7,1,16
274,Indonesia,guarded_cv_tabular,48,17,0.6280960797598161,0.8333333333333334,0.8823529411764706,0.8571428571428571,0.9563536953242836,0.9658444022770398,28,3,2,15
274,Indonesia,nested_champion,48,17,0.6280960797598161,0.8333333333333334,0.8823529411764706,0.8571428571428571,0.9563536953242836,0.9658444022770398,28,3,2,15
274,Iraq,compact_tabular,48,18,0.45513688458725954,1.0,0.7777777777777778,0.875,0.8777192517502594,0.8481481481481482,30,0,4,14
274,Iraq,all77_tabular,48,18,0.2813850086860082,0.875,0.7777777777777778,0.8235294117647058,0.8643253893253894,0.8407407407407408,28,2,4,14
274,Iraq,handcrafted_image,48,18,0.32726370766286583,1.0,0.3888888888888889,0.56,0.7119989569862235,0.7185185185185186,30,0,11,7
274,Iraq,cnn_only,48,18,0.3948140740190861,0.6,0.6666666666666666,0.631578947368421,0.743210631982373,0.7851851851851852,22,8,6,12
274,Iraq,cv_multispectral,48,18,0.7149217241364433,0.8333333333333334,0.5555555555555556,0.6666666666666666,0.786308739964971,0.8388888888888889,28,2,8,10
274,Iraq,guarded_cv_tabular,48,18,0.5736104009816166,1.0,0.7777777777777778,0.875,0.9040779888653263,0.8851851851851852,30,0,4,14
274,Iraq,nested_champion,48,18,0.5736104009816166,1.0,0.7777777777777778,0.875,0.9040779888653263,0.8851851851851852,30,0,4,14
274,Libya,compact_tabular,51,15,0.4999998303525846,0.7647058823529411,0.8666666666666667,0.8125,0.9126143286143286,0.9314814814814815,32,4,2,13
274,Libya,all77_tabular,51,15,0.2905247201002014,0.5185185185185185,0.9333333333333333,0.6666666666666666,0.9189300242241418,0.9425925925925926,23,13,1,14
274,Libya,handcrafted_image,51,15,0.5071818935370398,0.5,0.6,0.5454545454545454,0.6689974515413112,0.8222222222222222,27,9,6,9
274,Libya,cnn_only,51,15,0.6050937258036194,0.3783783783783784,0.9333333333333333,0.5384615384615384,0.5867085643401433,0.8055555555555556,13,23,1,14
274,Libya,cv_multispectral,51,15,0.7282935041099736,0.5909090909090909,0.8666666666666667,0.7027027027027027,0.7021143479764169,0.8796296296296295,27,9,2,13
274,Libya,guarded_cv_tabular,51,15,0.6293653708281065,0.6521739130434783,1.0,0.7894736842105263,0.9300654553514964,0.962962962962963,28,8,0,15
274,Libya,nested_champion,51,15,0.6293653708281065,0.6521739130434783,1.0,0.7894736842105263,0.9300654553514964,0.962962962962963,28,8,0,15
274,Nigeria,compact_tabular,49,16,0.34971412701140453,1.0,0.5625,0.72,0.9055889423076923,0.9185606060606061,33,0,7,9
274,Nigeria,all77_tabular,49,16,0.4284173600960551,1.0,0.5625,0.72,0.9163435522810522,0.9356060606060607,33,0,7,9
274,Nigeria,handcrafted_image,49,16,0.11796924845543684,0.7857142857142857,0.6875,0.7333333333333333,0.9079226586966525,0.9545454545454546,30,3,5,11
274,Nigeria,cnn_only,49,16,0.7870734431105614,1.0,0.1875,0.3157894736842105,0.872254471545896,0.9090909090909092,33,0,13,3
274,Nigeria,cv_multispectral,49,16,0.4158225528261822,0.9090909090909091,0.625,0.7407407407407407,0.8464734627902197,0.9412878787878788,32,1,6,10
274,Nigeria,guarded_cv_tabular,49,16,0.5380172814591774,0.9090909090909091,0.625,0.7407407407407407,0.9513325083377833,0.9734848484848485,32,1,6,10
274,Nigeria,nested_champion,49,16,0.5380172814591774,0.9090909090909091,0.625,0.7407407407407407,0.9513325083377833,0.9734848484848485,32,1,6,10
