source_id,country,chip_id,status,chip_file,crs,clear_fraction,center_clear_fraction,worldcover_valid_fraction,reflectance_p01,reflectance_p99,scene_id,scene_datetime,error
Algeria_12181,Algeria,0eacac5b987cd57b502d,ok,0eacac5b987cd57b502d.npz,EPSG:32632,1.0,1.0,1.0,0.015936488285660744,0.37936753034591675,S2A_T31SGA_20230824T102802_L2A,2023-08-24T10:30:57.169000Z,
Algeria_12564,Algeria,127d4bf054845e311bd1,ok,127d4bf054845e311bd1.npz,EPSG:32632,1.0,1.0,1.0,0.113036148250103,0.6482858657836914,S2B_T32RNS_20240718T100439_L2A,2024-07-18T10:13:00.121000Z,
Algeria_12997,Algeria,1474410ee94d7b38a7e4,ok,1474410ee94d7b38a7e4.npz,EPSG:32631,0.967375,0.9568,1.0,0.010237867943942547,0.31104743480682373,S2A_T31SFA_20231006T103243_L2A,2023-10-06T10:40:50.789000Z,
Algeria_284,Algeria,173cf1e858c4199f3e38,ok,173cf1e858c4199f3e38.npz,EPSG:32632,0.9982,0.9868,1.0,0.1405695080757141,0.7199689149856567,S2B_T32RKT_20240810T101748_L2A,2024-08-10T10:22:52.807000Z,
Algeria_4509,Algeria,315dc8951952717f2967,ok,315dc8951952717f2967.npz,EPSG:32631,0.947825,1.0,1.0,0.01978391222655773,0.36194077134132385,S2B_T31SGA_20230822T103048_L2A,2023-08-22T10:40:48.533000Z,
Algeria_2790,Algeria,37c1fb5027894bdf3265,ok,37c1fb5027894bdf3265.npz,EPSG:32631,1.0,1.0,1.0,0.11804203689098358,0.6737154126167297,S2A_T31SES_20230906T103335_L2A,2023-09-06T10:41:56.741000Z,
Algeria_7303,Algeria,4b9d26c0a374270c5ee5,ok,4b9d26c0a374270c5ee5.npz,EPSG:32632,1.0,1.0,1.0,0.028190454468131065,0.42224013805389404,S2A_T32SLF_20240606T101605_L2A,2024-06-06T10:20:54.815000Z,
Algeria_13025,Algeria,84d0510ae1b6cfa8b719,ok,84d0510ae1b6cfa8b719.npz,EPSG:32630,1.0,1.0,1.0,0.06670505553483963,0.5087044835090637,S2A_T30SXD_20230704T105844_L2A,2023-07-04T11:01:35.873000Z,
Algeria_4935,Algeria,8fcda36568e6a5f974f0,ok,8fcda36568e6a5f974f0.npz,EPSG:32631,1.0,1.0,1.0,0.16502529382705688,0.7324087023735046,S2A_T32SKA_20230910T101420_L2A,2023-09-10T10:22:10.379000Z,
Algeria_255,Algeria,aff380590a84236b80a6,ok,aff380590a84236b80a6.npz,EPSG:32630,1.0,1.0,1.0,0.007695539854466915,0.42921215295791626,S2B_T31SBV_20230825T104401_L2A,2023-08-25T10:51:19.524000Z,
Algeria_348,Algeria,b15a25bca0f35cc37013,ok,b15a25bca0f35cc37013.npz,EPSG:32632,1.0,1.0,1.0,0.14148764312267303,0.7427918910980225,S2B_T32RMV_20240827T100838_L2A,2024-08-27T10:12:18.163000Z,
Algeria_2927,Algeria,b32d4e5790ccfad64ae1,ok,b32d4e5790ccfad64ae1.npz,EPSG:32631,1.0,1.0,1.0,0.04092537611722946,0.34478268027305603,S2A_T31SCA_20240715T104131_L2A,2024-07-15T10:50:59.038000Z,
Algeria_5269,Algeria,d64d5780784d41b482f7,ok,d64d5780784d41b482f7.npz,EPSG:32632,1.0,1.0,1.0,0.10612572729587555,0.7048096060752869,S2A_T32RNR_20230619T101308_L2A,2023-06-19T10:13:17.505000Z,
Algeria_10245,Algeria,ed7272bc2b12e2738fe5,ok,ed7272bc2b12e2738fe5.npz,EPSG:32632,1.0,1.0,1.0,0.02107374556362629,0.39648276567459106,S2A_T31SGA_20230824T102802_L2A,2023-08-24T10:30:57.169000Z,
Algeria_13280,Algeria,f40ecc4ac610cfc42eff,ok,f40ecc4ac610cfc42eff.npz,EPSG:32632,1.0,1.0,1.0,0.057844020426273346,0.47615766525268555,S2B_T32SKE_20231117T102936_L2A,2023-11-17T10:31:02.561000Z,
Algeria_13208,Algeria,f8bf76656d5e99883db3,ok,f8bf76656d5e99883db3.npz,EPSG:32632,1.0,1.0,1.0,0.14823251962661743,0.6463106274604797,S2A_T32RLS_20230910T101420_L2A,2023-09-10T10:23:03.958000Z,
Algeria_4844,Algeria,f8f537a37c23eaa43deb,ok,f8f537a37c23eaa43deb.npz,EPSG:32631,1.0,1.0,1.0,0.1571751981973648,0.7075518369674683,S2A_T32SKA_20230910T101420_L2A,2023-09-10T10:22:10.379000Z,
Angola_404749,Angola,01e42d0a2a8739a514b4,ok,01e42d0a2a8739a514b4.npz,EPSG:32733,0.995825,1.0,1.0,-0.008038073778152466,0.23202601075172424,S2A_T33LXH_20240801T090501_L2A,2024-08-01T09:13:46.879000Z,
Angola_623789,Angola,143b9415ee96f76e1b97,ok,143b9415ee96f76e1b97.npz,EPSG:32733,0.9986,0.9928,1.0,0.054779376834630966,0.4131335914134979,S2B_T33MTP_20240802T092157_L2A,2024-08-02T09:32:21.101000Z,
Angola_845450,Angola,164b2f370f68757d5e72,ok,164b2f370f68757d5e72.npz,EPSG:32734,1.0,1.0,1.0,0.027833567932248116,0.22936728596687317,S2B_T34LEP_20240522T085249_L2A,2024-05-22T08:53:20.759000Z,
Angola_240993,Angola,2622fa5416c9dc484ca3,ok,2622fa5416c9dc484ca3.npz,EPSG:32733,0.9927,1.0,1.0,0.042213693261146545,0.31925636529922485,S2B_T33LVH_20230914T091733_L2A,2023-09-14T09:23:49.003000Z,
Angola_515766,Angola,264666e958f7ea8e14d7,ok,264666e958f7ea8e14d7.npz,EPSG:32733,0.9998,1.0,1.0,0.02313029207289219,0.3212434649467468,S2B_T33MTN_20240802T092157_L2A,2024-08-02T09:32:35.529000Z,
Angola_607537,Angola,5254720a8d8060a03358,ok,5254720a8d8060a03358.npz,EPSG:32733,1.0,1.0,1.0,0.026378294453024864,0.24735507369041443,S2B_T33LUK_20240723T092452_L2A,2024-07-23T09:33:18.298000Z,
Angola_770424,Angola,77e2c98b069cb397e6f4,ok,77e2c98b069cb397e6f4.npz,EPSG:32733,1.0,1.0,1.0,0.0662052184343338,0.38512513041496277,S2B_T33MTP_20240802T092157_L2A,2024-08-02T09:32:21.101000Z,
Angola_938524,Angola,86d036a2bf166298c0ae,ok,86d036a2bf166298c0ae.npz,EPSG:32734,1.0,1.0,1.0,0.033472925424575806,0.3154180347919464,S2A_T34KCG_20240606T084510_L2A,2024-06-06T08:55:14.478000Z,
Angola_3171,Angola,88edc73b1cb3f7c1bd4d,ok,88edc73b1cb3f7c1bd4d.npz,EPSG:32733,0.845975,0.8336,1.0,0.02548866532742977,0.253467857837677,S2A_T33MWN_20230711T091156_L2A,2023-07-11T09:22:35.447000Z,
Angola_619866,Angola,9aacb855fd2188347480,ok,9aacb855fd2188347480.npz,EPSG:32733,0.9787,1.0,1.0,0.011034791357815266,0.3749999701976776,S2B_T32MRV_20240207T093122_L2A,2024-02-07T09:42:02.155000Z,
Angola_949154,Angola,a70d1f6ff8604ebdd88f,ok,a70d1f6ff8604ebdd88f.npz,EPSG:32733,1.0,1.0,1.0,0.06580633670091629,0.41071274876594543,S2B_T33LVE_20230914T091733_L2A,2023-09-14T09:24:32.505000Z,
Angola_251,Angola,bdb86214c896ec143419,ok,bdb86214c896ec143419.npz,EPSG:32733,1.0,1.0,1.0,0.013814372010529041,0.3710440695285797,S2B_T33MTP_20240802T092157_L2A,2024-08-02T09:32:21.101000Z,
Angola_814403,Angola,c62ba6626ad604315fdb,ok,c62ba6626ad604315fdb.npz,EPSG:32734,0.9974,1.0,1.0,0.029101334512233734,0.2754831612110138,S2A_T33LZH_20230916T090156_L2A,2023-09-16T09:13:40.903000Z,
Angola_887950,Angola,e3cb5ec7d70614f0fd87,ok,e3cb5ec7d70614f0fd87.npz,EPSG:32733,0.999425,1.0,1.0,-0.04853811487555504,0.3712635338306427,S2B_T32MRU_20240815T093853_L2A,2024-08-15T09:42:20.832000Z,
Angola_488655,Angola,e6c7b363ed7b81207934,ok,e6c7b363ed7b81207934.npz,EPSG:32733,0.904375,0.8624,1.0,0.034406878054142,0.2656991481781006,S2B_T33MUM_20240723T092452_L2A,2024-07-23T09:32:49.608000Z,
Angola_500129,Angola,f11704842804f0067d06,ok,f11704842804f0067d06.npz,EPSG:32734,1.0,1.0,1.0,0.02329353615641594,0.22845953702926636,S2B_T34MDT_20230511T090219_L2A,2023-05-11T09:02:27.604000Z,
Angola_463802,Angola,fb8a012d0628163f8368,ok,fb8a012d0628163f8368.npz,EPSG:32733,0.999,1.0,1.0,0.0638018399477005,0.435060054063797,S2B_T33MTP_20240802T092157_L2A,2024-08-02T09:32:21.101000Z,
Indonesia_165728,Indonesia,2aa00733149c90372955,ok,2aa00733149c90372955.npz,EPSG:32749,0.9989,0.9992,1.0,0.009567877277731895,0.3407610058784485,S2A_T49MFN_20230727T025835_L2A,2023-07-27T02:59:50.888000Z,
Indonesia_155965,Indonesia,31c23a8ad7105e811261,ok,31c23a8ad7105e811261.npz,EPSG:32651,1.0,1.0,1.0,0.02030670829117298,0.4869132936000824,S2B_T51NVA_20240415T021344_L2A,2024-04-15T02:17:33.410000Z,
Indonesia_132026,Indonesia,392e976fde67bad88e93,ok,392e976fde67bad88e93.npz,EPSG:32749,0.9992,1.0,1.0,0.012358187697827816,0.29705724120140076,S2B_T49MES_20240626T025424_L2A,2024-06-26T02:58:54.707000Z,
Indonesia_110447,Indonesia,5e067b9bd074fedd625a,ok,5e067b9bd074fedd625a.npz,EPSG:32752,0.8234,0.8384,1.0,0.009397913701832294,0.47188669443130493,S2B_T52MCS_20240509T015700_L2A,2024-05-09T01:59:35.335000Z,
Indonesia_58467,Indonesia,71680abb1b550afc408c,ok,71680abb1b550afc408c.npz,EPSG:32748,0.82585,0.944,1.0,0.01982898637652397,0.36391711235046387,S2B_T48MUD_20240509T033006_L2A,2024-05-09T03:38:31.218000Z,
Indonesia_28997,Indonesia,733c647ceb7c0a448d44,ok,733c647ceb7c0a448d44.npz,EPSG:32750,1.0,1.0,1.0,0.08603031933307648,0.3373059928417206,S2B_T50MKC_20230927T023803_L2A,2023-09-27T02:48:32.799000Z,
Indonesia_81805,Indonesia,749465aa80db894c95d1,ok,749465aa80db894c95d1.npz,EPSG:32748,1.0,1.0,1.0,0.029227575287222862,0.3346607983112335,S2A_T48MUB_20230927T033258_L2A,2023-09-27T03:39:01.959000Z,
Indonesia_135227,Indonesia,8161a948381afe6accec,ok,8161a948381afe6accec.npz,EPSG:32748,1.0,1.0,1.0,0.028737206012010574,0.40047958493232727,S2B_T48MUA_20240814T032234_L2A,2024-08-14T03:29:23.272000Z,
Indonesia_45522,Indonesia,87e194dde4ea31688d49,ok,87e194dde4ea31688d49.npz,EPSG:32650,0.9998,1.0,1.0,0.02407960779964924,0.3803844451904297,S2B_T50NNG_20231027T024033_L2A,2023-10-27T02:47:21.648000Z,
Indonesia_63239,Indonesia,9a9f734cee488f573394,ok,9a9f734cee488f573394.npz,EPSG:32647,0.9978,1.0,1.0,0.03807053714990616,0.4119787812232971,S2A_T47NKF_20240314T035814_L2A,2024-03-14T04:06:59.128000Z,
Indonesia_68656,Indonesia,9e7b11b488390fcbfb52,ok,9e7b11b488390fcbfb52.npz,EPSG:32650,0.99695,1.0,1.0,0.0010756643023341894,0.45120033621788025,S2B_T50NNJ_20240720T023439_L2A,2024-07-20T02:37:00.821000Z,
Indonesia_59042,Indonesia,bba993fd9332836e2ea6,ok,bba993fd9332836e2ea6.npz,EPSG:32749,0.9999,0.9984,1.0,0.007509011775255203,0.056296590715646744,S2A_T48MZU_20230928T025856_L2A,2023-09-28T03:09:43.954000Z,
Indonesia_160802,Indonesia,bf173b205d917ded8385,ok,bf173b205d917ded8385.npz,EPSG:32749,0.9999,1.0,1.0,0.024020589888095856,0.39160510897636414,S2B_T49MFM_20240716T025424_L2A,2024-07-16T03:00:03.338000Z,
Indonesia_155591,Indonesia,bf94a8d7a56facda1ea1,ok,bf94a8d7a56facda1ea1.npz,EPSG:32647,0.9987,0.9904,1.0,0.016779709607362747,0.3936328887939453,S2A_T47NQB_20220319T033600_L2A,2022-03-19T03:47:54.657000Z,
Indonesia_60731,Indonesia,c9f0fff8de3c51f3130b,ok,c9f0fff8de3c51f3130b.npz,EPSG:32750,1.0,1.0,1.0,0.009474932216107845,0.032948676496744156,S2B_T50MMD_20240221T023540_L2A,2024-02-21T02:38:14.112000Z,
Indonesia_143058,Indonesia,e74894827a9dadc7a8e2,ok,e74894827a9dadc7a8e2.npz,EPSG:32754,0.9978,1.0,1.0,0.0048389858566224575,0.37691783905029297,S2A_T53MRM_20230902T010731_L2A,2023-09-02T01:09:26.228000Z,
Indonesia_95098,Indonesia,f119255da3a0b9cc7587,ok,f119255da3a0b9cc7587.npz,EPSG:32649,0.9974,1.0,1.0,0.018785901367664337,0.47431814670562744,S2A_T49NCA_20240823T030713_L2A,2024-08-23T03:07:52.050000Z,
Iraq_21885,Iraq,0d898d4e8973402d2b98,ok,0d898d4e8973402d2b98.npz,EPSG:32638,1.0,1.0,1.0,0.04536809027194977,0.329142302274704,S2A_T38RPV_20241225T073325_L2A,2024-12-25T07:41:13.512000Z,
Iraq_141,Iraq,0f06a4a0b4c2627dc8d0,ok,0f06a4a0b4c2627dc8d0.npz,EPSG:32638,0.9711,1.0,1.0,0.04823129624128342,0.5494207143783569,S2B_T38SQA_20240921T073750_L2A,2024-09-21T07:40:51.301000Z,
Iraq_29159,Iraq,1328c83a710f27b919e3,ok,1328c83a710f27b919e3.npz,EPSG:32638,0.8875,1.0,1.0,0.03640161454677582,0.389318585395813,S2B_T38SMB_20240907T075319_L2A,2024-09-07T08:00:44.638000Z,
Iraq_35588,Iraq,1a5b8abbf10e6d1829f5,ok,1a5b8abbf10e6d1829f5.npz,EPSG:32638,1.0,1.0,1.0,0.08987399190664291,0.43780699372291565,S2B_T38SKG_20240811T080043_L2A,2024-08-11T08:09:38.399000Z,
Iraq_20074,Iraq,1c2292696a8b0ca6054f,ok,1c2292696a8b0ca6054f.npz,EPSG:32638,1.0,1.0,1.0,0.09305436164140701,0.5266871452331543,S2B_T38SLC_20240818T075116_L2A,2024-08-18T08:00:33.898000Z,
Iraq_6436,Iraq,3d4c7c8f3cc879691645,ok,3d4c7c8f3cc879691645.npz,EPSG:32638,1.0,1.0,1.0,0.06781520694494247,0.4758077561855316,S2B_T38SLE_20231013T075213_L2A,2023-10-13T08:00:05.012000Z,
Iraq_1179,Iraq,6d3ed751217a158605b7,ok,6d3ed751217a158605b7.npz,EPSG:32638,1.0,1.0,1.0,0.009142315946519375,0.5069995522499084,S2A_T38SMA_20240202T074152_L2A,2024-02-02T07:50:56.551000Z,
Iraq_35473,Iraq,6d57fcbf373fc8fd747a,ok,6d57fcbf373fc8fd747a.npz,EPSG:32638,1.0,1.0,1.0,0.11400156468153,0.4606024920940399,S2B_T38SME_20240828T075111_L2A,2024-08-28T08:00:00.953000Z,
Iraq_22771,Iraq,7a2269567e281044c412,ok,7a2269567e281044c412.npz,EPSG:32638,1.0,1.0,1.0,0.08578695356845856,0.49383658170700073,S2B_T38SLF_20240729T075213_L2A,2024-07-29T07:59:50.026000Z,
Iraq_12327,Iraq,8f7425737a6bba3522d2,ok,8f7425737a6bba3522d2.npz,EPSG:32638,1.0,1.0,1.0,0.11851464211940765,0.47645360231399536,S2B_T38SME_20240828T075111_L2A,2024-08-28T08:00:00.953000Z,
Iraq_311,Iraq,941dbc151ddd3f1ab042,ok,941dbc151ddd3f1ab042.npz,EPSG:32638,0.9981,0.9872,1.0,0.10978538542985916,0.46727409958839417,S2B_T38RQU_20231027T073145_L2A,2023-10-27T07:41:25.367000Z,
Iraq_13763,Iraq,9d7491a73d9e1776a2f5,ok,9d7491a73d9e1776a2f5.npz,EPSG:32638,1.0,1.0,1.0,0.11581916362047195,0.5353643298149109,S2B_T38SLF_20240729T075213_L2A,2024-07-29T07:59:50.026000Z,
Iraq_24559,Iraq,b03761a256d01e3b8e9e,ok,b03761a256d01e3b8e9e.npz,EPSG:32638,0.9771,1.0,1.0,0.040600478649139404,0.3400997221469879,S2B_T38SNE_20241004T074804_L2A,2024-10-04T07:50:00.436000Z,
Iraq_7412,Iraq,c0f8769b8c1c6f30a2ef,ok,c0f8769b8c1c6f30a2ef.npz,EPSG:32638,0.9995,1.0,1.0,0.012564005330204964,0.47679078578948975,S2B_T38SMF_20230506T075215_L2A,2023-05-06T07:59:47.296000Z,
Iraq_397,Iraq,c0ffb5131e7b8949542d,ok,c0ffb5131e7b8949542d.npz,EPSG:32638,1.0,1.0,1.0,0.09069812297821045,0.4297187328338623,S2B_T38SKG_20240811T080043_L2A,2024-08-11T08:09:38.399000Z,
Iraq_70,Iraq,d38b5d31a5a18d2579d6,ok,d38b5d31a5a18d2579d6.npz,EPSG:32638,0.9999,1.0,1.0,0.0914892703294754,0.46237820386886597,S2B_T38SLE_20231013T075213_L2A,2023-10-13T08:00:05.012000Z,
Iraq_32986,Iraq,d5b8526b868363c59117,ok,d5b8526b868363c59117.npz,EPSG:32638,1.0,1.0,1.0,0.055149395018815994,0.4605998396873474,S2B_T38SLE_20231013T075213_L2A,2023-10-13T08:00:05.012000Z,
Libya_839,Libya,2ecad96238e9f4256c14,ok,2ecad96238e9f4256c14.npz,EPSG:32633,1.0,1.0,1.0,0.11963686347007751,0.6704123616218567,S2A_T33RTN_20230616T100121_L2A,2023-06-16T10:02:41.146000Z,
Libya_2075,Libya,36897572e3f03b92b974,ok,36897572e3f03b92b974.npz,EPSG:32634,1.0,1.0,1.0,0.032033521682024,0.5483349561691284,S2B_T34SFB_20241011T091503_L2A,2024-10-11T09:21:19.656000Z,
Libya_2351,Libya,4b372bc78af054ae2af5,ok,4b372bc78af054ae2af5.npz,EPSG:32634,1.0,1.0,1.0,0.06268233060836792,0.5271126627922058,S2B_T34SDA_20230722T091941_L2A,2023-07-22T09:31:45.017000Z,
Libya_2232,Libya,53b02131ad87a4c0b62d,ok,53b02131ad87a4c0b62d.npz,EPSG:32634,1.0,1.0,1.0,0.05522395670413971,0.4963831603527069,S2B_T34SDB_20241004T092322_L2A,2024-10-04T09:31:25.592000Z,
Libya_3299,Libya,6eed0a32725007cc40bf,ok,6eed0a32725007cc40bf.npz,EPSG:32634,0.9984,1.0,1.0,0.03492715209722519,0.3436174690723419,S2B_T34SDB_20241004T092322_L2A,2024-10-04T09:31:25.592000Z,
Libya_1222,Libya,81915b0a7ffd3df84241,ok,81915b0a7ffd3df84241.npz,EPSG:32633,1.0,1.0,1.0,0.04989941045641899,0.6191607713699341,S2A_T33RVK_20230802T095154_L2A,2023-08-02T09:53:22.255000Z,
Libya_2851,Libya,8630793eb0344aaacf28,ok,8630793eb0344aaacf28.npz,EPSG:32632,1.0,1.0,1.0,0.16313721239566803,0.7361947298049927,S2B_T32RQV_20230810T095821_L2A,2023-08-10T10:02:16.294000Z,
Libya_2964,Libya,9177320e1acfd3c1738f,ok,9177320e1acfd3c1738f.npz,EPSG:32634,1.0,1.0,1.0,0.21023185551166534,0.6773983240127563,S2B_T34RES_20230609T091054_L2A,2023-06-09T09:22:42.749000Z,
Libya_448,Libya,bf374616c73b3635b214,ok,bf374616c73b3635b214.npz,EPSG:32634,1.0,1.0,1.0,0.23319871723651886,0.7644428014755249,S2B_T34RCT_20231030T093101_L2A,2023-10-30T09:32:28.133000Z,
Libya_1563,Libya,d43f29050cb13538ab37,ok,d43f29050cb13538ab37.npz,EPSG:32634,1.0,1.0,1.0,0.1972072422504425,0.6657326221466064,S2A_T34RDV_20230915T093154_L2A,2023-09-15T09:32:01.787000Z,
Libya_1524,Libya,dbb6afedc5628f00d4b8,ok,dbb6afedc5628f00d4b8.npz,EPSG:32634,0.999975,0.9996,1.0,0.19555142521858215,0.7281386852264404,S2A_T34RBS_20240919T092850_L2A,2024-09-19T09:32:44.865000Z,
Libya_3055,Libya,dc2da202998de16e1fc9,ok,dc2da202998de16e1fc9.npz,EPSG:32633,1.0,1.0,1.0,0.09069831669330597,0.6102160811424255,S2B_T33SUS_20230618T095114_L2A,2023-06-18T09:51:43.742000Z,
Libya_263,Libya,dc9e8be89c8428213026,ok,dc9e8be89c8428213026.npz,EPSG:32634,0.935,1.0,1.0,0.19262996315956116,0.7325665354728699,S2A_T34RFT_20240906T091831_L2A,2024-09-06T09:22:19.729000Z,
Libya_161,Libya,eac1ca6c5c22206fe04c,ok,eac1ca6c5c22206fe04c.npz,EPSG:32634,1.0,1.0,1.0,0.016398588195443153,0.7311961054801941,S2A_T34RCR_20231015T092337_L2A,2023-10-15T09:32:53.413000Z,
Libya_1046,Libya,ed57938a13e4d1bb5e50,ok,ed57938a13e4d1bb5e50.npz,EPSG:32634,1.0,1.0,1.0,0.19585347175598145,0.7456012964248657,S2B_T34RCS_20240805T092259_L2A,2024-08-05T09:32:42.786000Z,
Libya_907,Libya,fef3cf8c15d0899c86d7,ok,fef3cf8c15d0899c86d7.npz,EPSG:32634,0.9964,0.9424,1.0,0.18965429067611694,0.6875473260879517,S2A_T34RFS_20231121T091328_L2A,2023-11-21T09:22:30.427000Z,
Nigeria_42858,Nigeria,201055ce3c7c4e6aeabd,ok,201055ce3c7c4e6aeabd.npz,EPSG:32631,0.9596,0.916,1.0,-0.00429315073415637,0.31783559918403625,S2A_T31NGG_20231213T100429_L2A,2023-12-13T10:09:14.611000Z,
Nigeria_431194,Nigeria,34692f4f2b546ad557ce,ok,34692f4f2b546ad557ce.npz,EPSG:32631,0.9217,0.932,1.0,0.002376468386501074,0.3664178252220154,S2A_T31NGG_20231213T100429_L2A,2023-12-13T10:09:14.611000Z,
Nigeria_202008,Nigeria,3cc5104ad44d7e5f7190,ok,3cc5104ad44d7e5f7190.npz,EPSG:32631,1.0,1.0,1.0,0.023821033537387848,0.31112149357795715,S2B_T31PEL_20241205T101642_L2A,2024-12-05T10:18:22.437000Z,
Nigeria_10753,Nigeria,3dd03d6fcffda7d66a00,ok,3dd03d6fcffda7d66a00.npz,EPSG:32632,0.99195,0.9744,1.0,0.033543746918439865,0.2927154302597046,S2A_T32NKM_20221228T100646_L2A,2022-12-28T10:09:12.289000Z,
Nigeria_59047,Nigeria,4342d6329260104642e3,ok,4342d6329260104642e3.npz,EPSG:32631,1.0,1.0,1.0,0.027713418006896973,0.30644533038139343,S2A_T31NDJ_20231216T101226_L2A,2023-12-16T10:18:50.379000Z,
Nigeria_159358,Nigeria,4f4984a8268d6a2a05c8,ok,4f4984a8268d6a2a05c8.npz,EPSG:32631,1.0,1.0,1.0,0.03821050375699997,0.3161354064941406,S2B_T31PFP_20241105T100527_L2A,2024-11-05T10:17:31.077000Z,
Nigeria_154666,Nigeria,55c06d0baf4a8786c207,ok,55c06d0baf4a8786c207.npz,EPSG:32632,1.0,1.0,1.0,0.031134875491261482,0.3438582420349121,S2A_T32PMR_20231210T095630_L2A,2023-12-10T09:58:08.770000Z,
Nigeria_14482,Nigeria,60ca9b1094f501cdf5cc,ok,60ca9b1094f501cdf5cc.npz,EPSG:32632,0.970275,1.0,1.0,0.03778446093201637,0.3088882267475128,S2A_T31NHG_20221228T100646_L2A,2022-12-28T10:09:14.721000Z,
Nigeria_378328,Nigeria,939a56aa5af722bbf5ff,ok,939a56aa5af722bbf5ff.npz,EPSG:32633,1.0,1.0,1.0,0.2153431475162506,0.7657067775726318,S2B_T33PUR_20240430T094131_L2A,2024-04-30T09:46:47.860000Z,
Nigeria_163317,Nigeria,b9d85ed792295da5ec70,ok,b9d85ed792295da5ec70.npz,EPSG:32632,0.9993,1.0,1.0,0.039615448564291,0.2946082353591919,S2A_T31NHG_20221228T100646_L2A,2022-12-28T10:09:14.721000Z,
Nigeria_354508,Nigeria,c9ba76863791ba23d1cf,ok,c9ba76863791ba23d1cf.npz,EPSG:32631,1.0,1.0,1.0,0.05789977312088013,0.37426823377609253,S2B_T31PEK_20241205T101642_L2A,2024-12-05T10:18:36.881000Z,
Nigeria_432548,Nigeria,cc1e8dbd5a70a5ffc9ec,ok,cc1e8dbd5a70a5ffc9ec.npz,EPSG:32631,0.9973,1.0,1.0,0.05578061193227768,0.31531989574432373,S2B_T31NEJ_20231221T101203_L2A,2023-12-21T10:18:52.426000Z,
Nigeria_120415,Nigeria,d591ed5d6756e7e1c120,ok,d591ed5d6756e7e1c120.npz,EPSG:32631,0.996375,0.948,1.0,0.0031017677392810583,0.27207303047180176,S2B_T31NGF_20231228T100254_L2A,2023-12-28T10:09:34.840000Z,
Nigeria_312811,Nigeria,e4514f58806866f9f5a9,failed,e4514f58806866f9f5a9.npz,,,,,,,,,"RuntimeError: No acceptable scene among the limited candidates: [{""item"": ""S2A_T32NKL_20221228T100646_L2A"", ""reason"": ""cloud/coverage"", ""clear_fraction"": 0.1673}, {""item"": ""S2A_T32NKL_20231213T100429_L2A"", ""reason"": ""cloud/coverage"", ""clear_fraction"": 0.2513}, {""item"": ""S2A_T32NKK_20231213T100429_L2A"", ""reason"": ""cloud/coverage"", ""clear_fraction"": 0.1929}, {""item"": ""S2B_T32NKL_20240117T100205_L2A"", ""reason"": ""cloud/coverage"", ""clear_fraction"": 0.1684}, {""item"": ""S2A_T32NKK_20221228T100646_L2A"", ""reason"": ""cloud/coverage"", ""clear_fraction"": 0.1343}, {""item"": ""S2B_T32NKL_20241222T100806_L2A"", ""reason"": ""cloud/coverage"", ""clear_fraction"": 0.3869}, {""item"": ""S2B_T32NKL_20231218T100253_L2A"", ""reason"": ""cloud/coverage"", ""clear_fraction"": 0.1373}, {""item"": ""S2B_T32NKK_20240117T100205_L2A"", ""reason"": ""cloud/coverage"", ""clear_fraction"": 0.1316}]"
Nigeria_468340,Nigeria,f31fc31cce99609cf7d3,ok,f31fc31cce99609cf7d3.npz,EPSG:32631,0.993675,0.9952,1.0,-0.00445289071649313,0.30408477783203125,S2A_T31NGF_20221228T100646_L2A,2022-12-28T10:09:32.140000Z,
Nigeria_188945,Nigeria,f56bbc9a05633149d996,ok,f56bbc9a05633149d996.npz,EPSG:32632,1.0,1.0,1.0,0.02393626794219017,0.3442334532737732,S2A_T32PNQ_20241104T095622_L2A,2024-11-04T09:58:22.963000Z,
