file,sensor,country,year,rows,date_min,date_max,n_days,bad_date,n_null,frp_nonpos,dup_rows,uniq_coord,lat_min,lat_max,lon_min,lon_max,frp_med,frp_max,tmir_med,tmir_max,tmir_sat,conf_vals,sats,vers,dn_N_pct,type0,type2,type3,type1
modis_2019_India.csv,MODIS,India,2019,75502,2019-01-01,2019-12-31,364,0,0,7,0,75467,8.1291,34.8954,68.5262,97.0311,14.399999618530273,4964.10009765625,323.70001220703125,505.1000061035156,1188,0:549|1:3|10:34|100:2142|11:35|12:51|13:52|14:59|15:51|16:53|17:83|18:84|19:96|2:2|20:132|21:132|22:145|23:131|24:171|25:215|26:202|27:230|28:231|29:254|3:4|30:282|31:316|32:335|33:344|34:342|35:345|36:432|37:441|38:426|39:486|4:13|40:486|41:554|42:579|43:613|44:604|45:679|46:696|47:799|48:824|49:819|5:4|50:870|51:919|52:1022|53:1108|54:1068|55:1140|56:1179|57:1327|58:1331|59:1520|6:10|60:1575|61:1605|62:1683|63:1792|64:1728|65:1900|66:1912|67:1881|68:1847|69:1919|7:8|70:1864|71:1897|72:1800|73:1770|74:1695|75:1690|76:1587|77:1512|78:1516|79:1417|8:16|80:1369|81:1249|82:1164|83:1097|84:929|85:962|86:784|87:820|88:703|89:649|9:17|90:601|91:500|92:512|93:401|94:523|95:406|96:322|97:296|98:286|99:244,Aqua|Terra,6.03,13.15,70681,4797,24,0
modis_2020_India.csv,MODIS,India,2020,76021,2020-01-01,2020-12-31,364,0,0,7,0,76003,8.1072,34.71,68.6379,97.054,13.800000190734863,3032.800048828125,320.5,501.70001220703125,1116,0:671|1:1|10:32|100:1968|11:38|12:39|13:43|14:65|15:68|16:68|17:98|18:108|19:128|2:1|20:137|21:149|22:172|23:160|24:172|25:205|26:223|27:264|28:284|29:265|3:1|30:304|31:322|32:366|33:343|34:397|35:424|36:441|37:432|38:506|39:518|4:8|40:549|41:535|42:630|43:604|44:625|45:761|46:758|47:793|48:869|49:877|5:6|50:959|51:1007|52:1086|53:1200|54:1161|55:1255|56:1319|57:1376|58:1468|59:1529|6:9|60:1729|61:1702|62:1788|63:1824|64:1847|65:1874|66:1980|67:1946|68:1881|69:1850|7:9|70:1831|71:1791|72:1810|73:1712|74:1621|75:1609|76:1561|77:1431|78:1385|79:1335|8:17|80:1208|81:1175|82:1002|83:964|84:936|85:845|86:797|87:743|88:658|89:557|9:18|90:548|91:448|92:480|93:436|94:442|95:344|96:304|97:280|98:255|99:251,Aqua|Terra,6.03,10.17,71682,4321,18,0
modis_2021_Algeria.csv,MODIS,Algeria,2021,7753,2021-01-01,2021-12-31,360,0,0,0,0,7731,22.7344,37.0097,-1.7392,9.8898,20.700000762939453,3072.199951171875,313.70001220703125,503.20001220703125,357,0:26|10:7|100:1523|11:7|12:4|13:6|14:2|15:9|16:8|17:5|18:4|19:7|20:10|21:12|22:15|23:11|24:11|25:25|26:17|27:21|28:23|29:28|30:22|31:17|32:34|33:28|34:28|35:38|36:30|37:26|38:38|39:46|4:1|40:35|41:54|42:47|43:44|44:55|45:59|46:47|47:54|48:52|49:74|5:1|50:59|51:50|52:65|53:67|54:71|55:64|56:64|57:82|58:79|59:81|6:2|60:95|61:86|62:91|63:99|64:104|65:101|66:109|67:100|68:118|69:117|7:6|70:128|71:136|72:131|73:126|74:117|75:121|76:127|77:148|78:118|79:118|8:4|80:143|81:125|82:130|83:142|84:110|85:135|86:115|87:123|88:105|89:100|9:2|90:98|91:102|92:98|93:100|94:93|95:86|96:85|97:88|98:82|99:96,Aqua|Terra,6.03,73.37,3386,4366,1,0
modis_2021_India.csv,MODIS,India,2021,111267,2021-01-01,2021-12-31,364,0,0,6,0,111248,8.1362,34.4995,68.5295,97.1033,14.300000190734863,6961.7998046875,323.29998779296875,505.70001220703125,1786,0:714|1:1|10:42|100:2869|11:47|12:76|13:93|14:58|15:101|16:129|17:131|18:158|19:162|2:3|20:181|21:222|22:214|23:245|24:305|25:273|26:293|27:399|28:397|29:384|3:9|30:429|31:492|32:501|33:498|34:587|35:639|36:636|37:697|38:763|39:747|4:8|40:771|41:838|42:918|43:957|44:1015|45:1055|46:1126|47:1179|48:1212|49:1256|5:14|50:1446|51:1524|52:1557|53:1653|54:1742|55:1799|56:1893|57:2022|58:2070|59:2170|6:14|60:2400|61:2404|62:2455|63:2578|64:2732|65:2689|66:2722|67:2862|68:2849|69:2817|7:18|70:2791|71:2792|72:2701|73:2445|74:2504|75:2475|76:2324|77:2183|78:2069|79:2012|8:29|80:1846|81:1691|82:1564|83:1422|84:1379|85:1177|86:1160|87:1081|88:946|89:867|9:34|90:771|91:761|92:673|93:623|94:680|95:484|96:418|97:384|98:391|99:330,Aqua|Terra,6.03,10.16,106940,4314,13,0
modis_2021_Iraq.csv,MODIS,Iraq,2021,35272,2021-01-01,2021-12-31,365,0,0,2,0,34829,30.1536,37.3564,40.114,48.1005,18.5,1280.5,316.1000061035156,448.20001220703125,144,0:65|10:15|100:4180|11:9|12:21|13:22|14:20|15:17|16:32|17:37|18:46|19:31|2:4|20:37|21:48|22:46|23:56|24:54|25:70|26:82|27:65|28:73|29:96|3:2|30:83|31:90|32:115|33:105|34:91|35:136|36:117|37:121|38:154|39:143|4:1|40:135|41:143|42:143|43:187|44:147|45:180|46:205|47:200|48:233|49:220|5:4|50:255|51:256|52:287|53:272|54:316|55:326|56:345|57:369|58:389|59:421|6:5|60:429|61:489|62:492|63:554|64:558|65:558|66:606|67:680|68:685|69:705|7:4|70:741|71:757|72:744|73:807|74:830|75:805|76:750|77:843|78:818|79:768|8:10|80:733|81:745|82:778|83:691|84:665|85:675|86:620|87:560|88:594|89:532|9:6|90:512|91:414|92:425|93:369|94:363|95:379|96:357|97:316|98:304|99:279,Aqua|Terra,6.03,55.24,4073,31199,0,0
modis_2021_Libya.csv,MODIS,Libya,2021,5101,2021-01-02,2021-12-31,360,0,0,0,0,5064,24.9271,32.8726,9.8729,22.7273,16.5,565.7000122070312,309.1000061035156,439.29998779296875,8,0:7|10:5|100:719|11:1|12:3|13:4|14:4|15:10|16:9|17:4|18:6|19:10|20:9|21:14|22:7|23:13|24:15|25:12|26:11|27:12|28:14|29:17|3:2|30:19|31:22|32:17|33:24|34:14|35:19|36:16|37:25|38:29|39:37|4:1|40:25|41:26|42:44|43:38|44:37|45:39|46:34|47:38|48:29|49:28|5:2|50:47|51:58|52:55|53:46|54:44|55:53|56:48|57:54|58:49|59:82|6:3|60:60|61:58|62:61|63:67|64:67|65:68|66:82|67:83|68:92|69:90|7:1|70:93|71:114|72:109|73:119|74:115|75:97|76:104|77:97|78:103|79:86|8:3|80:86|81:86|82:85|83:80|84:73|85:74|86:79|87:64|88:82|89:71|9:2|90:62|91:66|92:52|93:60|94:47|95:57|96:56|97:46|98:45|99:49,Aqua|Terra,6.03,96.37,978,4123,0,0
modis_2021_Nigeria.csv,MODIS,Nigeria,2021,71727,2021-01-01,2021-12-31,338,0,0,4,0,71716,4.287,13.7046,2.7094,14.6605,15.5,1395.5999755859375,326.5,456.0,700,0:306|1:2|10:28|100:1484|11:32|12:23|13:42|14:40|15:49|16:60|17:79|18:75|19:88|2:3|20:121|21:114|22:102|23:143|24:156|25:179|26:207|27:211|28:256|29:268|3:3|30:265|31:282|32:293|33:331|34:364|35:387|36:420|37:427|38:488|39:495|4:4|40:502|41:568|42:594|43:653|44:661|45:757|46:754|47:833|48:832|49:855|5:2|50:922|51:994|52:1018|53:1120|54:1141|55:1208|56:1267|57:1307|58:1411|59:1452|6:4|60:1543|61:1653|62:1661|63:1734|64:1723|65:1816|66:1831|67:1868|68:1874|69:1761|7:7|70:1894|71:1747|72:1771|73:1695|74:1507|75:1523|76:1487|77:1379|78:1320|79:1263|8:17|80:1130|81:1048|82:969|83:1010|84:913|85:834|86:687|87:664|88:618|89:580|9:19|90:519|91:491|92:435|93:389|94:403|95:332|96:261|97:244|98:253|99:172,Aqua|Terra,6.03,7.97,69363,2363,1,0
modis_2022_Algeria.csv,MODIS,Algeria,2022,5911,2022-01-01,2022-12-31,354,0,0,5,0,5894,26.2014,37.0677,-2.7758,9.8884,15.0,1775.5999755859375,310.8999938964844,504.6000061035156,155,0:22|10:1|100:735|11:4|12:9|13:6|14:6|15:10|16:2|17:8|18:4|19:8|2:1|20:5|21:4|22:14|23:13|24:15|25:6|26:12|27:19|28:18|29:21|30:21|31:24|32:26|33:24|34:28|35:27|36:33|37:32|38:32|39:38|40:31|41:37|42:43|43:42|44:46|45:47|46:45|47:53|48:49|49:50|5:1|50:54|51:67|52:55|53:57|54:66|55:60|56:55|57:72|58:58|59:66|6:3|60:81|61:78|62:80|63:89|64:99|65:105|66:97|67:103|68:121|69:112|7:1|70:94|71:130|72:106|73:104|74:105|75:115|76:100|77:110|78:100|79:104|80:116|81:106|82:96|83:106|84:94|85:89|86:104|87:84|88:90|89:76|9:1|90:68|91:68|92:64|93:71|94:86|95:70|96:57|97:46|98:55|99:45,Aqua|Terra,6.03,77.09,2621,3288,2,0
modis_2022_Angola.csv,MODIS,Angola,2022,301417,2022-01-01,2022-12-31,338,0,0,7,0,301414,-18.0241,-4.5995,12.0261,24.0573,23.600000381469727,3709.300048828125,324.70001220703125,504.6000061035156,9329,0:292|1:2|10:90|100:14204|11:96|12:120|13:155|14:170|15:235|16:225|17:283|18:317|19:347|2:3|20:394|21:467|22:483|23:620|24:693|25:744|26:803|27:881|28:945|29:1031|3:9|30:1143|31:1169|32:1312|33:1408|34:1424|35:1566|36:1770|37:1719|38:1829|39:1983|4:12|40:2152|41:2236|42:2361|43:2503|44:2680|45:2785|46:2801|47:3035|48:3134|49:3321|5:18|50:3375|51:3599|52:3772|53:3976|54:4063|55:4284|56:4506|57:4686|58:4724|59:4963|6:16|60:5142|61:5351|62:5487|63:5616|64:5846|65:6017|66:5919|67:6235|68:6135|69:6175|7:23|70:6237|71:6190|72:6457|73:6334|74:6291|75:6283|76:6249|77:5990|78:5918|79:5921|8:32|80:5569|81:5409|82:5219|83:5057|84:4782|85:4605|86:4457|87:4458|88:4025|89:3820|9:50|90:3657|91:3271|92:2999|93:2935|94:3021|95:2391|96:2293|97:2027|98:1837|99:1753,Aqua|Terra,6.03,2.36,301220,197,0,0
modis_2022_India.csv,MODIS,India,2022,81525,2022-01-01,2022-12-31,362,0,0,15,0,81502,8.1903,34.9734,68.4526,97.0736,13.300000190734863,5425.0,321.79998779296875,502.79998779296875,1084,0:595|1:2|10:36|100:2056|11:40|12:50|13:52|14:45|15:70|16:75|17:96|18:101|19:101|2:6|20:129|21:130|22:164|23:175|24:202|25:211|26:219|27:233|28:245|29:279|3:5|30:312|31:327|32:345|33:343|34:395|35:424|36:456|37:478|38:515|39:534|4:6|40:543|41:573|42:638|43:653|44:657|45:721|46:850|47:861|48:875|49:922|5:11|50:974|51:1048|52:1180|53:1216|54:1237|55:1390|56:1436|57:1547|58:1638|59:1697|6:12|60:1729|61:1911|62:1924|63:1941|64:2029|65:2100|66:2143|67:2109|68:2096|69:2140|7:17|70:2134|71:2026|72:1955|73:1881|74:1823|75:1764|76:1747|77:1624|78:1606|79:1395|8:17|80:1342|81:1251|82:1162|83:997|84:972|85:899|86:771|87:787|88:635|89:604|9:28|90:562|91:457|92:467|93:414|94:459|95:373|96:320|97:309|98:246|99:228,Aqua|Terra,6.03,12.84,77072,4437,16,0
modis_2022_Indonesia.csv,MODIS,Indonesia,2022,11279,2022-01-03,2022-12-31,361,0,0,0,0,11273,-10.8069,5.7982,95.0755,140.9714,12.600000381469727,478.8999938964844,316.1000061035156,404.20001220703125,32,0:448|10:3|100:228|11:3|12:18|13:10|14:20|15:16|16:19|17:23|18:25|19:25|20:28|21:43|22:55|23:48|24:33|25:60|26:64|27:57|28:68|29:78|3:1|30:75|31:76|32:94|33:89|34:93|35:100|36:86|37:103|38:107|39:127|4:2|40:116|41:98|42:129|43:138|44:147|45:143|46:135|47:144|48:163|49:152|5:1|50:171|51:160|52:163|53:166|54:174|55:147|56:196|57:204|58:193|59:209|6:1|60:247|61:199|62:223|63:245|64:242|65:226|66:259|67:273|68:260|69:272|7:3|70:249|71:218|72:216|73:225|74:187|75:176|76:177|77:180|78:150|79:146|8:6|80:149|81:143|82:132|83:125|84:92|85:94|86:86|87:75|88:80|89:61|9:3|90:52|91:57|92:54|93:35|94:48|95:38|96:26|97:38|98:20|99:17,Aqua|Terra,6.03,10.64,8881,1821,8,569
modis_2022_Iraq.csv,MODIS,Iraq,2022,32720,2022-01-01,2022-12-31,364,0,0,0,0,32358,29.9757,37.2745,40.0376,48.3849,19.200000762939453,1598.699951171875,315.20001220703125,462.1000061035156,267,0:88|1:1|10:15|100:4255|11:10|12:17|13:24|14:21|15:20|16:26|17:30|18:30|19:32|2:1|20:48|21:42|22:51|23:49|24:56|25:61|26:70|27:60|28:98|29:70|3:5|30:74|31:86|32:92|33:104|34:87|35:111|36:124|37:117|38:149|39:132|40:134|41:137|42:141|43:155|44:148|45:201|46:187|47:187|48:209|49:213|5:4|50:218|51:276|52:270|53:297|54:289|55:278|56:335|57:370|58:389|59:422|6:5|60:451|61:457|62:472|63:462|64:524|65:573|66:587|67:610|68:624|69:618|7:9|70:651|71:665|72:703|73:676|74:696|75:723|76:698|77:707|78:708|79:706|8:10|80:686|81:659|82:602|83:656|84:619|85:574|86:554|87:490|88:478|89:464|9:5|90:430|91:425|92:375|93:364|94:339|95:344|96:323|97:289|98:299|99:294,Aqua|Terra,6.03,57.48,2577,30143,0,0
modis_2022_Libya.csv,MODIS,Libya,2022,3944,2022-01-01,2022-12-31,351,0,0,0,0,3926,24.1522,32.861,9.917,22.7967,17.5,939.0999755859375,309.3499755859375,370.79998779296875,1,0:6|10:1|100:556|11:1|12:1|13:6|14:2|15:4|16:3|17:3|18:12|19:4|20:2|21:5|22:10|23:10|24:12|25:10|26:10|27:8|28:14|29:10|30:8|31:14|32:17|33:13|34:19|35:17|36:14|37:16|38:21|39:15|40:22|41:23|42:14|43:31|44:22|45:24|46:25|47:25|48:32|49:31|50:25|51:38|52:29|53:38|54:33|55:32|56:34|57:46|58:49|59:48|60:54|61:43|62:53|63:46|64:67|65:58|66:62|67:72|68:58|69:85|7:1|70:77|71:79|72:84|73:88|74:86|75:69|76:94|77:73|78:86|79:82|80:66|81:63|82:55|83:55|84:85|85:67|86:49|87:58|88:59|89:63|9:4|90:52|91:45|92:53|93:53|94:49|95:49|96:49|97:28|98:27|99:33,Aqua|Terra,6.03,96.27,458,3486,0,0
modis_2022_Nigeria.csv,MODIS,Nigeria,2022,71122,2022-01-01,2022-12-31,310,0,0,0,0,71111,4.3179,13.7785,2.6802,14.6099,14.699999809265137,685.0,324.8999938964844,430.0,372,0:268|10:26|100:905|11:24|12:39|13:30|14:35|15:51|16:65|17:78|18:84|19:96|20:107|21:116|22:130|23:151|24:163|25:173|26:188|27:212|28:241|29:245|30:265|31:307|32:304|33:353|34:380|35:347|36:436|37:427|38:478|39:488|4:8|40:551|41:534|42:640|43:589|44:707|45:693|46:762|47:739|48:795|49:921|5:6|50:966|51:1008|52:1011|53:1122|54:1167|55:1274|56:1345|57:1349|58:1501|59:1506|6:11|60:1611|61:1664|62:1775|63:1828|64:1832|65:1922|66:1884|67:1961|68:1923|69:1870|7:4|70:1827|71:1820|72:1780|73:1757|74:1574|75:1523|76:1472|77:1385|78:1302|79:1244|8:11|80:1104|81:1059|82:945|83:862|84:878|85:709|86:699|87:601|88:574|89:520|9:15|90:473|91:400|92:371|93:303|94:291|95:205|96:226|97:175|98:173|99:153,Aqua|Terra,6.03,6.2,69583,1539,0,0
modis_2023_Algeria.csv,MODIS,Algeria,2023,5307,2023-01-01,2023-12-30,362,0,0,0,0,5288,21.6816,36.9987,-2.2975,9.8847,15.699999809265137,1673.699951171875,311.6000061035156,475.8999938964844,183,0:41|10:3|100:764|11:6|12:5|13:5|14:6|15:5|16:2|17:5|18:8|19:6|2:1|20:12|21:5|22:14|23:12|24:15|25:23|26:16|27:11|28:18|29:27|30:27|31:17|32:19|33:20|34:25|35:32|36:36|37:30|38:31|39:23|4:1|40:38|41:40|42:46|43:37|44:48|45:31|46:46|47:27|48:41|49:47|5:1|50:57|51:39|52:55|53:53|54:64|55:69|56:64|57:59|58:71|59:73|6:3|60:72|61:81|62:79|63:74|64:79|65:70|66:97|67:82|68:79|69:89|7:2|70:79|71:95|72:89|73:96|74:84|75:104|76:89|77:87|78:83|79:86|80:102|81:83|82:95|83:73|84:80|85:82|86:79|87:82|88:50|89:66|9:3|90:58|91:57|92:64|93:50|94:71|95:57|96:39|97:47|98:45|99:48,Aqua|Terra,61.03,71.32,2356,2941,10,0
modis_2023_Angola.csv,MODIS,Angola,2023,356343,2023-01-01,2023-12-30,331,0,0,1,0,356337,-18.0208,-4.4143,12.0212,24.0571,23.299999237060547,4052.699951171875,324.5,509.6000061035156,10868,0:232|1:1|10:96|100:16772|11:126|12:141|13:168|14:220|15:257|16:278|17:305|18:369|19:424|2:3|20:515|21:589|22:638|23:715|24:821|25:935|26:1007|27:1072|28:1116|29:1191|3:3|30:1356|31:1385|32:1589|33:1650|34:1770|35:1840|36:1872|37:2042|38:2190|39:2352|4:10|40:2465|41:2657|42:2678|43:2855|44:3035|45:3294|46:3330|47:3560|48:3639|49:3892|5:11|50:3977|51:4268|52:4387|53:4686|54:4822|55:5113|56:5326|57:5537|58:5803|59:5973|6:36|60:6337|61:6474|62:6554|63:6719|64:6851|65:7188|66:7046|67:7181|68:7377|69:7380|7:32|70:7378|71:7502|72:7610|73:7476|74:7438|75:7532|76:7094|77:7158|78:7098|79:6937|8:56|80:6729|81:6382|82:6089|83:5786|84:5630|85:5458|86:5269|87:5110|88:4669|89:4482|9:76|90:4224|91:3931|92:3669|93:3384|94:3388|95:2829|96:2640|97:2456|98:2273|99:2057,Aqua|Terra,61.03,2.53,356118,223,2,0
modis_2023_India.csv,MODIS,India,2023,78425,2023-01-01,2023-12-31,362,0,0,18,0,78403,8.1592,34.562,68.5384,97.1044,12.800000190734863,3691.800048828125,320.70001220703125,503.3999938964844,744,0:704|1:1|10:30|100:1528|11:36|12:37|13:68|14:63|15:64|16:79|17:94|18:102|19:114|2:3|20:120|21:140|22:144|23:156|24:188|25:194|26:228|27:239|28:265|29:267|3:6|30:304|31:329|32:372|33:403|34:388|35:418|36:422|37:472|38:505|39:534|4:6|40:583|41:617|42:693|43:694|44:758|45:809|46:790|47:882|48:987|49:1006|5:14|50:974|51:1157|52:1152|53:1196|54:1289|55:1374|56:1540|57:1535|58:1653|59:1723|6:10|60:1822|61:1910|62:1898|63:2025|64:2050|65:2062|66:2097|67:2159|68:2096|69:1996|7:12|70:2023|71:1920|72:1901|73:1839|74:1752|75:1677|76:1597|77:1501|78:1334|79:1229|8:19|80:1150|81:1069|82:982|83:879|84:760|85:783|86:677|87:616|88:560|89:534|9:21|90:435|91:418|92:373|93:326|94:350|95:255|96:236|97:223|98:209|99:191,Aqua|Terra,61.03,11.45,73613,4799,13,0
modis_2023_Indonesia.csv,MODIS,Indonesia,2023,52156,2023-01-01,2023-12-31,362,0,0,6,0,52137,-10.8246,5.5707,95.408,140.9771,15.399999618530273,1804.9000244140625,319.0,500.0,510,0:1027|1:1|10:27|100:2323|11:38|12:38|13:41|14:55|15:79|16:70|17:88|18:86|19:110|2:2|20:126|21:132|22:151|23:149|24:173|25:200|26:216|27:207|28:264|29:255|3:6|30:275|31:292|32:311|33:323|34:340|35:380|36:382|37:389|38:415|39:434|4:6|40:461|41:465|42:465|43:457|44:484|45:554|46:572|47:590|48:590|49:585|5:9|50:635|51:630|52:669|53:743|54:715|55:775|56:784|57:829|58:853|59:875|6:11|60:913|61:961|62:948|63:995|64:995|65:1027|66:989|67:1101|68:1027|69:1103|7:20|70:1023|71:1023|72:1051|73:983|74:1022|75:1020|76:936|77:960|78:893|79:914|8:30|80:893|81:902|82:727|83:691|84:641|85:627|86:632|87:580|88:516|89:531|9:24|90:458|91:441|92:405|93:365|94:354|95:296|96:268|97:261|98:242|99:206,Aqua|Terra,61.03,20.22,47883,2755,23,1495
modis_2023_Iraq.csv,MODIS,Iraq,2023,35038,2023-01-01,2023-12-31,365,0,0,0,0,34641,30.0735,37.3218,40.9802,48.1108,18.700000762939453,1304.0999755859375,316.0,459.8999938964844,228,0:50|1:2|10:19|100:4480|11:9|12:17|13:12|14:29|15:29|16:24|17:30|18:28|19:36|2:3|20:45|21:40|22:50|23:70|24:54|25:64|26:62|27:66|28:53|29:94|3:1|30:71|31:99|32:86|33:95|34:112|35:110|36:125|37:147|38:144|39:150|4:3|40:148|41:142|42:161|43:189|44:192|45:187|46:224|47:198|48:262|49:223|5:1|50:304|51:283|52:293|53:340|54:336|55:347|56:372|57:409|58:384|59:444|6:7|60:458|61:502|62:523|63:560|64:548|65:613|66:613|67:667|68:692|69:677|7:6|70:712|71:764|72:747|73:739|74:767|75:717|76:758|77:773|78:735|79:731|8:5|80:744|81:649|82:702|83:654|84:610|85:592|86:573|87:508|88:519|89:475|9:10|90:469|91:430|92:382|93:407|94:410|95:362|96:359|97:323|98:310|99:288,Aqua|Terra,61.03,55.98,4568,30470,0,0
modis_2023_Libya.csv,MODIS,Libya,2023,6088,2023-01-02,2023-12-31,360,0,0,0,0,6024,25.925,32.9357,9.9143,22.6281,20.799999237060547,421.1000061035156,310.29998779296875,372.70001220703125,6,0:3|10:3|100:1301|11:4|12:4|13:4|14:7|15:4|16:5|17:6|18:6|19:7|2:1|20:6|21:10|22:13|23:13|24:16|25:21|26:14|27:13|28:17|29:21|30:26|31:17|32:11|33:15|34:22|35:21|36:20|37:20|38:33|39:30|40:30|41:45|42:25|43:34|44:43|45:47|46:42|47:44|48:49|49:42|5:2|50:45|51:59|52:60|53:65|54:64|55:45|56:51|57:56|58:53|59:70|6:2|60:61|61:79|62:73|63:78|64:88|65:88|66:63|67:85|68:101|69:108|70:88|71:97|72:97|73:96|74:99|75:111|76:108|77:103|78:95|79:106|8:1|80:100|81:73|82:112|83:91|84:90|85:90|86:81|87:78|88:83|89:74|9:6|90:75|91:77|92:83|93:73|94:59|95:89|96:67|97:55|98:53|99:67,Aqua|Terra,61.03,97.47,580,5508,0,0
modis_2023_Nigeria.csv,MODIS,Nigeria,2023,62363,2023-01-01,2023-12-31,313,0,0,3,0,62359,4.3131,13.7929,2.7157,14.6661,15.199999809265137,2010.199951171875,325.5,500.0,530,0:203|1:2|10:20|100:1214|11:18|12:23|13:31|14:35|15:39|16:58|17:57|18:78|19:71|2:1|20:84|21:117|22:134|23:125|24:142|25:147|26:173|27:189|28:205|29:217|3:1|30:254|31:263|32:276|33:252|34:320|35:367|36:345|37:387|38:382|39:442|4:2|40:445|41:486|42:516|43:563|44:570|45:636|46:644|47:664|48:750|49:696|5:6|50:805|51:850|52:920|53:986|54:1029|55:1045|56:1167|57:1214|58:1251|59:1277|6:9|60:1419|61:1374|62:1517|63:1504|64:1507|65:1546|66:1576|67:1560|68:1589|69:1647|7:11|70:1582|71:1544|72:1508|73:1418|74:1399|75:1403|76:1224|77:1198|78:1139|79:1138|8:7|80:974|81:965|82:883|83:800|84:742|85:713|86:654|87:618|88:552|89:502|9:12|90:469|91:412|92:368|93:322|94:306|95:269|96:224|97:230|98:176|99:159,Aqua|Terra,61.03,7.66,60999,1363,1,0
modis_2024_Algeria.csv,MODIS,Algeria,2024,4505,2024-01-01,2024-12-31,349,0,0,0,0,4485,22.7369,37.0152,-2.7692,9.8925,14.399999618530273,615.0,310.20001220703125,414.6000061035156,16,0:17|10:4|100:469|11:2|12:4|13:1|14:2|15:6|16:2|17:6|18:5|19:9|20:9|21:6|22:11|23:7|24:15|25:11|26:12|27:12|28:6|29:13|3:1|30:15|31:20|32:17|33:12|34:21|35:27|36:21|37:26|38:22|39:29|40:32|41:32|42:33|43:32|44:28|45:40|46:38|47:32|48:41|49:34|5:1|50:41|51:45|52:54|53:40|54:58|55:61|56:57|57:63|58:43|59:52|60:63|61:69|62:71|63:73|64:88|65:56|66:70|67:72|68:83|69:81|7:2|70:86|71:90|72:89|73:72|74:76|75:76|76:105|77:92|78:107|79:75|8:4|80:96|81:74|82:83|83:85|84:71|85:62|86:78|87:61|88:60|89:59|9:2|90:50|91:58|92:48|93:59|94:36|95:51|96:50|97:44|98:46|99:35,Aqua|Terra,61.03,82.44,1505,2998,2,0
modis_2024_Angola.csv,MODIS,Angola,2024,381943,2024-01-01,2024-12-31,341,0,0,2,0,381936,-17.9982,-4.4046,12.0214,24.0548,22.0,5615.5,323.3999938964844,508.5,10325,0:258|1:1|10:101|100:16636|11:121|12:142|13:175|14:227|15:288|16:286|17:364|18:411|19:505|2:10|20:509|21:647|22:667|23:761|24:812|25:889|26:979|27:1098|28:1112|29:1315|3:15|30:1430|31:1477|32:1546|33:1764|34:1816|35:1990|36:2038|37:2224|38:2257|39:2461|4:17|40:2552|41:2753|42:2840|43:2992|44:3226|45:3319|46:3550|47:3661|48:3839|49:3996|5:18|50:4183|51:4467|52:4703|53:4960|54:5400|55:5574|56:5794|57:5967|58:6380|59:6678|6:34|60:6889|61:7202|62:7466|63:7580|64:7773|65:7980|66:8203|67:8290|68:8305|69:8120|7:35|70:8390|71:8202|72:8280|73:8189|74:8153|75:7957|76:7852|77:7634|78:7261|79:7237|8:62|80:7053|81:6599|82:6225|83:6136|84:6208|85:5960|86:5835|87:5412|88:5029|89:4684|9:74|90:4337|91:4076|92:3790|93:3526|94:3388|95:3058|96:2648|97:2488|98:2081|99:2041,Aqua|Terra,61.03,3.18,381653,289,1,0
modis_2024_India.csv,MODIS,India,2024,74029,2024-01-01,2024-12-31,365,0,0,25,0,73996,8.1598,34.6494,68.5323,97.0783,12.399999618530273,7528.5,320.1000061035156,509.6000061035156,847,0:592|1:3|10:31|100:1739|11:47|12:45|13:52|14:59|15:69|16:73|17:69|18:119|19:103|2:4|20:114|21:114|22:138|23:174|24:170|25:176|26:186|27:236|28:241|29:247|3:3|30:253|31:287|32:321|33:366|34:337|35:384|36:410|37:404|38:445|39:464|4:11|40:530|41:513|42:598|43:615|44:637|45:713|46:694|47:788|48:867|49:875|5:11|50:967|51:990|52:1035|53:1164|54:1253|55:1353|56:1401|57:1573|58:1652|59:1716|6:8|60:1775|61:1840|62:1894|63:1963|64:1961|65:1979|66:2027|67:2044|68:1901|69:1899|7:16|70:1833|71:1734|72:1665|73:1619|74:1632|75:1507|76:1379|77:1342|78:1322|79:1195|8:26|80:1130|81:1046|82:930|83:850|84:771|85:740|86:646|87:646|88:563|89:515|9:28|90:454|91:442|92:386|93:386|94:314|95:260|96:268|97:243|98:218|99:201,Aqua|Terra,61.03,14.44,68847,5134,48,0
modis_2024_Indonesia.csv,MODIS,Indonesia,2024,23542,2024-01-01,2024-12-30,361,0,0,3,0,23530,-10.8364,5.5292,95.4104,140.9771,12.800000190734863,707.2000122070312,316.8999938964844,448.8999938964844,158,0:628|10:14|100:682|11:17|12:22|13:20|14:18|15:25|16:32|17:30|18:47|19:44|20:43|21:59|22:68|23:64|24:73|25:101|26:103|27:113|28:100|29:128|3:1|30:116|31:136|32:137|33:155|34:154|35:153|36:164|37:180|38:205|39:209|4:2|40:191|41:208|42:217|43:226|44:228|45:249|46:247|47:273|48:279|49:244|5:2|50:314|51:297|52:319|53:338|54:363|55:319|56:376|57:462|58:436|59:472|6:3|60:440|61:475|62:488|63:477|64:519|65:538|66:560|67:515|68:521|69:559|7:5|70:565|71:494|72:479|73:466|74:463|75:450|76:426|77:389|78:381|79:354|8:12|80:375|81:331|82:309|83:264|84:252|85:237|86:230|87:242|88:228|89:186|9:13|90:211|91:169|92:144|93:123|94:134|95:102|96:88|97:83|98:77|99:62,Aqua|Terra,61.03,14.64,19458,2759,407,918
modis_2024_Iraq.csv,MODIS,Iraq,2024,39188,2024-01-01,2024-12-31,366,0,0,0,0,38801,30.0698,37.3745,40.8444,48.0944,18.600000381469727,2751.300048828125,316.79998779296875,452.70001220703125,296,0:56|10:13|100:5439|11:18|12:19|13:14|14:22|15:20|16:21|17:38|18:34|19:33|2:1|20:36|21:49|22:56|23:41|24:42|25:53|26:62|27:68|28:75|29:66|3:2|30:97|31:70|32:96|33:117|34:108|35:114|36:96|37:136|38:133|39:133|4:3|40:152|41:142|42:167|43:174|44:214|45:191|46:219|47:227|48:277|49:247|5:6|50:255|51:259|52:291|53:366|54:335|55:375|56:417|57:432|58:462|59:482|6:4|60:516|61:550|62:594|63:694|64:676|65:679|66:731|67:786|68:761|69:800|7:3|70:814|71:809|72:839|73:862|74:799|75:854|76:840|77:840|78:814|79:787|8:8|80:803|81:772|82:756|83:723|84:724|85:700|86:676|87:610|88:599|89:526|9:10|90:540|91:494|92:452|93:429|94:418|95:411|96:388|97:353|98:350|99:323,Aqua|Terra,61.03,53.29,9763,29425,0,0
modis_2024_Libya.csv,MODIS,Libya,2024,5819,2024-01-01,2024-12-31,365,0,0,0,0,5775,24.9039,32.8994,9.8393,22.7275,19.799999237060547,228.39999389648438,310.6000061035156,387.5,7,0:11|10:5|100:1131|11:1|12:5|13:3|14:2|15:8|16:9|17:7|18:5|19:6|20:3|21:11|22:10|23:13|24:11|25:17|26:10|27:13|28:15|29:19|3:2|30:12|31:24|32:23|33:20|34:24|35:28|36:26|37:20|38:23|39:29|4:1|40:36|41:24|42:24|43:28|44:39|45:27|46:32|47:38|48:32|49:33|5:1|50:48|51:49|52:51|53:53|54:60|55:40|56:35|57:49|58:60|59:55|6:3|60:71|61:68|62:84|63:85|64:81|65:80|66:84|67:97|68:89|69:103|7:3|70:112|71:89|72:87|73:100|74:99|75:104|76:119|77:111|78:103|79:105|8:3|80:100|81:91|82:93|83:101|84:72|85:84|86:96|87:93|88:93|89:79|9:4|90:77|91:80|92:68|93:64|94:77|95:61|96:61|97:59|98:64|99:61,Aqua|Terra,61.03,96.08,411,5405,0,3
modis_2024_Nigeria.csv,MODIS,Nigeria,2024,73199,2024-01-01,2024-12-31,328,0,0,0,0,73194,4.306,13.7008,2.6954,14.6278,14.300000190734863,1694.4000244140625,324.70001220703125,447.70001220703125,382,0:288|10:20|100:878|11:25|12:28|13:39|14:49|15:49|16:60|17:73|18:76|19:65|2:2|20:99|21:95|22:118|23:154|24:176|25:171|26:179|27:219|28:251|29:248|30:267|31:290|32:314|33:347|34:362|35:398|36:388|37:458|38:508|39:521|4:7|40:537|41:578|42:587|43:709|44:665|45:765|46:771|47:857|48:835|49:911|5:7|50:981|51:1057|52:1089|53:1173|54:1221|55:1299|56:1377|57:1418|58:1562|59:1653|6:5|60:1783|61:1767|62:1870|63:1933|64:1996|65:2014|66:2037|67:1877|68:2007|69:1888|7:11|70:1894|71:1815|72:1758|73:1673|74:1712|75:1621|76:1462|77:1471|78:1243|79:1161|8:5|80:1151|81:1034|82:983|83:919|84:812|85:788|86:738|87:620|88:545|89:554|9:21|90:478|91:368|92:379|93:319|94:287|95:260|96:199|97:170|98:166|99:131,Aqua|Terra,61.03,6.49,71684,1514,1,0
viirs-snpp_2019_India.csv,VIIRS_SNPP,India,2019,537746,2019-01-01,2019-12-31,365,0,0,4,0,537695,8.05752,34.70821,68.55867,97.03216,3.6700000762939453,784.8499755859375,335.55999755859375,367.0,18583,h:16470|l:94020|n:427256,N,2,30.7,468708,67321,1717,0
viirs-snpp_2020_India.csv,VIIRS_SNPP,India,2020,489632,2020-01-01,2020-12-31,366,0,0,24,0,489589,8.03773,34.71016,68.50481,97.06425,3.859999895095825,1248.1600341796875,335.760009765625,367.0,17343,h:16361|l:77162|n:396109,N,2,24.04,428332,59836,1464,0
viirs-snpp_2021_Algeria.csv,VIIRS_SNPP,Algeria,2021,89437,2021-01-01,2021-12-31,364,0,0,0,0,89379,20.7935,37.06866,-8.15178,9.88773,2.4600000381469727,934.2000122070312,320.2799987792969,367.0,3861,h:3250|l:6060|n:80127,N,2,72.82,16289,72683,465,0
viirs-snpp_2021_India.csv,VIIRS_SNPP,India,2021,771938,2021-01-01,2021-12-31,365,0,0,58,0,771892,6.92374,34.68257,68.56957,97.09876,3.5799999237060547,1227.5699462890625,335.510009765625,367.0,26984,h:23394|l:126949|n:621595,N,2,31.23,706166,64596,1176,0
viirs-snpp_2021_Iraq.csv,VIIRS_SNPP,Iraq,2021,149445,2021-01-01,2021-12-31,365,0,0,0,0,149256,29.94766,37.36211,40.10592,48.4874,4.300000190734863,507.19000244140625,330.75,367.0,15148,h:12473|l:9875|n:127097,N,2,70.5,20248,129040,157,0
viirs-snpp_2021_Libya.csv,VIIRS_SNPP,Libya,2021,52074,2021-01-01,2021-12-31,364,0,0,1,0,52018,22.76454,33.11982,9.80019,24.9997,2.549999952316284,201.49000549316406,322.3399963378906,367.0,1412,h:1370|l:3062|n:47642,N,2,76.21,10475,41367,232,0
viirs-snpp_2021_Nigeria.csv,VIIRS_SNPP,Nigeria,2021,461702,2021-01-01,2021-12-31,362,0,0,0,0,461692,4.31868,13.82954,2.67458,14.66737,4.239999771118164,386.3800048828125,338.8500061035156,367.0,19258,h:17986|l:96717|n:346999,N,2,17.05,447024,14330,348,0
viirs-snpp_2022_Algeria.csv,VIIRS_SNPP,Algeria,2022,91580,2022-01-01,2022-12-31,350,0,0,29,0,91505,19.61915,37.07653,-8.15315,9.88803,2.240000009536743,809.25,318.9200134277344,367.0,2217,h:1882|l:5777|n:83921,N,2,73.69,16825,74362,393,0
viirs-snpp_2022_Angola.csv,VIIRS_SNPP,Angola,2022,1067242,2022-01-01,2022-12-31,350,0,0,15,0,1067241,-18.02985,-4.40482,11.85689,24.05841,6.929999828338623,737.3499755859375,341.0299987792969,367.0,101039,h:93503|l:156591|n:817148,N,2,6.01,1066705,495,42,0
viirs-snpp_2022_India.csv,VIIRS_SNPP,India,2022,591594,2022-01-01,2022-12-31,350,0,0,44,0,591550,8.0811,34.64486,68.51766,97.08237,3.690000057220459,737.239990234375,335.7799987792969,367.0,21438,h:18450|l:103928|n:469216,N,2,28.89,524385,66141,1066,2
viirs-snpp_2022_Indonesia.csv,VIIRS_SNPP,Indonesia,2022,57220,2022-01-01,2022-12-31,350,0,0,4,0,57214,-10.82915,5.62108,95.13879,140.97636,4.309999942779541,657.1400146484375,333.3800048828125,367.0,1078,h:1071|l:2688|n:53461,N,2,24.44,47333,7040,394,2453
viirs-snpp_2022_Iraq.csv,VIIRS_SNPP,Iraq,2022,142314,2022-01-01,2022-12-31,350,0,0,0,0,142164,30.07468,37.31455,40.02829,48.12856,4.139999866485596,338.32000732421875,328.8299865722656,367.0,12181,h:10174|l:9255|n:122885,N,2,71.91,17786,124333,195,0
viirs-snpp_2022_Libya.csv,VIIRS_SNPP,Libya,2022,45809,2022-01-01,2022-12-31,350,0,0,0,0,45768,21.68025,33.05357,9.79774,25.01407,2.2699999809265137,173.77000427246094,318.8599853515625,367.0,1081,h:1060|l:2330|n:42419,N,2,77.84,7527,38130,152,0
viirs-snpp_2022_Nigeria.csv,VIIRS_SNPP,Nigeria,2022,475952,2022-01-01,2022-12-31,347,0,0,0,0,475947,4.31566,13.83471,2.67947,14.61704,4.159999847412109,244.3300018310547,338.42999267578125,367.0,16487,h:15511|l:95745|n:364696,N,2,15.99,463589,12124,239,0
viirs-snpp_2023_Algeria.csv,VIIRS_SNPP,Algeria,2023,94780,2023-01-01,2023-12-31,363,0,0,15,0,94704,19.61766,37.08122,-8.12042,9.89254,2.109999895095825,517.9199829101562,317.4700012207031,367.0,2083,h:1655|l:5923|n:87202,N,2,75.41,17279,76962,539,0
viirs-snpp_2023_Angola.csv,VIIRS_SNPP,Angola,2023,1404205,2023-01-03,2023-12-31,360,0,0,33,0,1404203,-18.02082,-4.407,11.95459,24.06053,7.03000020980835,1099.97998046875,341.2300109863281,367.0,137980,h:125563|l:211843|n:1066799,N,2,7.15,1403755,423,27,0
viirs-snpp_2023_India.csv,VIIRS_SNPP,India,2023,579733,2023-01-01,2023-12-31,364,0,0,41,0,579679,8.04682,35.11223,68.50764,97.21292,3.5199999809265137,761.7899780273438,335.2900085449219,367.0,14877,h:13771|l:98752|n:467210,N,2,28.79,505193,73364,1174,2
viirs-snpp_2023_Indonesia.csv,VIIRS_SNPP,Indonesia,2023,253388,2023-01-01,2023-12-31,363,0,0,8,0,253380,-10.91803,5.80297,95.05025,140.9774,4.78000020980835,943.3800048828125,334.94000244140625,367.0,8515,h:8416|l:19071|n:225901,N,2,26.21,236123,11812,959,4494
viirs-snpp_2023_Iraq.csv,VIIRS_SNPP,Iraq,2023,143039,2023-01-01,2023-12-31,364,0,0,0,0,142901,29.94755,37.34276,39.26347,48.48783,4.28000020980835,497.3399963378906,330.45001220703125,367.0,13844,h:11409|l:9373|n:122257,N,2,70.51,20825,122111,103,0
viirs-snpp_2023_Libya.csv,VIIRS_SNPP,Libya,2023,56277,2023-01-01,2023-12-31,365,0,0,0,0,56234,24.1293,33.1417,9.79874,25.07016,2.440000057220459,204.83999633789062,320.489990234375,367.0,1414,h:1390|l:3269|n:51618,N,2,77.16,6458,49598,221,0
viirs-snpp_2023_Nigeria.csv,VIIRS_SNPP,Nigeria,2023,404411,2023-01-01,2023-12-31,356,0,0,0,0,404407,4.31686,13.79038,2.67403,14.66686,4.360000133514404,376.7799987792969,339.0299987792969,367.0,16243,h:15341|l:84345|n:304725,N,2,16.06,394353,9948,110,0
viirs-snpp_2024_Algeria.csv,VIIRS_SNPP,Algeria,2024,85281,2024-01-01,2024-12-31,342,0,0,0,0,85219,19.6185,37.0207,-8.15374,9.8966,2.0,180.10000610351562,316.0299987792969,367.0,1146,h:1016|l:4454|n:79811,N,2,76.44,13052,71737,492,0
viirs-snpp_2024_Angola.csv,VIIRS_SNPP,Angola,2024,1358566,2024-01-01,2024-12-31,343,0,0,52,0,1358564,-18.03019,-4.41085,11.89292,24.05974,7.0,1124.4000244140625,341.5899963378906,367.0,143943,h:130394|l:205478|n:1022694,N,2,7.96,1358028,503,35,0
viirs-snpp_2024_India.csv,VIIRS_SNPP,India,2024,552312,2024-01-01,2024-12-31,346,0,0,21,0,552275,8.11032,34.68065,68.50782,97.07681,3.5299999713897705,1552.8199462890625,335.3500061035156,367.0,14999,h:13857|l:103437|n:435018,N,2,28.38,483614,67587,1097,14
viirs-snpp_2024_Indonesia.csv,VIIRS_SNPP,Indonesia,2024,104186,2024-01-01,2024-12-31,346,0,0,0,0,104177,-10.97676,5.69334,95.05679,140.9772,4.539999961853027,391.1199951171875,334.45001220703125,367.0,2929,h:2912|l:6989|n:94285,N,2,23.83,89940,10785,604,2857
viirs-snpp_2024_Iraq.csv,VIIRS_SNPP,Iraq,2024,150110,2024-01-01,2024-12-31,347,0,0,0,0,149985,29.94773,37.32244,40.28802,48.48901,4.150000095367432,268.6199951171875,330.6000061035156,367.0,13471,h:10854|l:11148|n:128108,N,2,68.78,33079,116960,71,0
viirs-snpp_2024_Libya.csv,VIIRS_SNPP,Libya,2024,51268,2024-01-01,2024-12-31,345,0,0,0,0,51219,23.02493,33.13927,9.43315,25.0915,2.569999933242798,200.0800018310547,322.2699890136719,367.0,1431,h:1395|l:2741|n:47132,N,2,76.26,5471,45574,223,0
viirs-snpp_2024_Nigeria.csv,VIIRS_SNPP,Nigeria,2024,475247,2024-01-01,2024-12-31,340,0,0,25,0,475242,4.36049,13.73047,2.67681,14.62558,4.380000114440918,8371.3896484375,339.2300109863281,367.0,19509,h:18612|l:100364|n:356271,N,2,15.37,464517,10466,264,0
viirs-jpss1_2019_India.csv,VIIRS_N20,India,2019,538952,2019-01-01,2019-12-31,365,0,0,20,0,538909,6.92436,34.77618,68.52078,97.0392,3.6500000953674316,1222.06005859375,335.2699890136719,367.0,18477,h:15697|l:94214|n:429041,N20,2,31.14,464318,72861,1773,0
viirs-jpss1_2020_India.csv,VIIRS_N20,India,2020,494734,2020-01-01,2020-12-31,366,0,0,11,0,494713,8.03679,34.76017,68.55794,97.05325,3.819999933242798,831.4600219726562,335.4800109863281,367.0,14770,h:13696|l:79323|n:401715,N20,2,24.27,431133,62138,1463,0
viirs-jpss1_2021_Algeria.csv,VIIRS_N20,Algeria,2021,86704,2021-01-01,2021-12-31,365,0,0,28,0,86658,20.79446,37.07477,-8.15437,9.88772,2.490000009536743,1855.4000244140625,320.5350036621094,367.0,3237,h:2582|l:5944|n:78178,N20,2,73.43,15795,70322,587,0
viirs-jpss1_2021_India.csv,VIIRS_N20,India,2021,764797,2021-01-01,2021-12-31,365,0,0,71,0,764745,8.08222,34.68335,68.52802,97.10268,3.569999933242798,896.8499755859375,335.1199951171875,367.0,24711,h:21588|l:121975|n:621234,N20,2,31.33,698284,65303,1210,0
viirs-jpss1_2021_Iraq.csv,VIIRS_N20,Iraq,2021,138637,2021-01-01,2021-12-31,365,0,0,0,0,138503,29.94728,37.36101,39.80031,48.48642,4.489999771118164,314.7900085449219,330.8299865722656,367.0,13639,h:10748|l:9725|n:118164,N20,2,70.39,20129,118366,142,0
viirs-jpss1_2021_Libya.csv,VIIRS_N20,Libya,2021,49319,2021-01-01,2021-12-31,365,0,0,1,0,49275,23.30947,33.10822,9.79808,24.98444,2.6700000762939453,232.77000427246094,323.260009765625,367.0,1453,h:1343|l:3111|n:44865,N20,2,75.94,10757,38303,259,0
viirs-jpss1_2021_Nigeria.csv,VIIRS_N20,Nigeria,2021,457721,2021-01-01,2021-12-31,365,0,0,2,0,457714,4.31735,13.80841,2.6782,14.66788,4.25,334.7099914550781,338.7200012207031,367.0,17239,h:15813|l:96157|n:345751,N20,2,17.62,443678,13652,391,0
viirs-jpss1_2022_Algeria.csv,VIIRS_N20,Algeria,2022,93452,2022-01-01,2022-12-31,365,0,0,4,0,93392,19.61868,37.07584,-8.15443,9.89598,2.3399999141693115,430.67999267578125,319.9599914550781,367.0,2591,h:2299|l:5932|n:85221,N20,2,74.0,17535,75419,498,0
viirs-jpss1_2022_India.csv,VIIRS_N20,India,2022,606855,2022-01-01,2022-12-31,365,0,0,43,0,606808,8.105,34.64583,68.51607,97.08263,3.5899999141693115,1295.8199462890625,335.1400146484375,367.0,18751,h:15997|l:103991|n:486867,N20,2,30.37,537885,67777,1191,2
viirs-jpss1_2022_Iraq.csv,VIIRS_N20,Iraq,2022,139342,2022-01-01,2022-12-31,365,0,0,0,0,139202,29.94228,37.31491,40.03806,48.55308,4.380000114440918,486.44000244140625,329.42999267578125,367.0,11758,h:9705|l:9465|n:120172,N20,2,71.79,18561,120524,257,0
viirs-jpss1_2022_Libya.csv,VIIRS_N20,Libya,2022,45649,2022-01-01,2022-12-31,365,0,0,0,0,45615,24.11885,32.8992,9.45596,24.6808,2.3499999046325684,229.60000610351562,319.92999267578125,367.0,1179,h:1154|l:2437|n:42058,N20,2,77.36,7584,37862,203,0
viirs-jpss1_2022_Nigeria.csv,VIIRS_N20,Nigeria,2022,480099,2022-01-01,2022-12-31,361,0,0,1,0,480091,4.3073,13.79328,2.67764,14.62173,4.150000095367432,321.70001220703125,338.260009765625,367.0,14753,h:13970|l:100006|n:366123,N20,2,15.86,468292,11568,239,0
viirs-jpss1_2023_Algeria.csv,VIIRS_N20,Algeria,2023,92096,2023-01-01,2023-12-31,359,0,0,9,0,92027,19.6183,37.03767,-8.1541,9.8885,2.200000047683716,457.20001220703125,318.4700012207031,367.0,2195,h:1888|l:5661|n:84547,N20,2,74.68,17297,74114,685,0
viirs-jpss1_2023_India.csv,VIIRS_N20,India,2023,591145,2023-01-01,2023-12-31,360,0,0,23,0,591101,8.04533,34.62629,68.50005,97.20707,3.4800000190734863,988.9600219726562,334.9599914550781,367.0,14961,h:13817|l:100130|n:477198,N20,2,29.14,514948,75018,1177,2
viirs-jpss1_2023_Iraq.csv,VIIRS_N20,Iraq,2023,131262,2023-01-01,2023-12-31,360,0,0,0,0,131164,29.97966,37.34269,40.27401,48.38975,4.420000076293945,284.0,330.1000061035156,367.0,12159,h:9594|l:9342|n:112326,N20,2,70.61,20293,110844,125,0
viirs-jpss1_2023_Libya.csv,VIIRS_N20,Libya,2023,54039,2023-01-01,2023-12-31,359,0,0,0,0,54000,22.66798,33.04086,9.79733,24.95391,2.5299999713897705,224.92999267578125,321.4599914550781,367.0,1557,h:1513|l:3215|n:49311,N20,2,76.73,6558,47221,260,0
viirs-jpss1_2023_Nigeria.csv,VIIRS_N20,Nigeria,2023,413791,2023-01-01,2023-12-31,356,0,0,0,0,413790,4.31421,13.78658,2.67571,14.66705,4.329999923706055,521.5700073242188,338.760009765625,367.0,15093,h:14088|l:88079|n:311624,N20,2,16.37,404096,9558,137,0
viirs-jpss1_2024_Algeria.csv,VIIRS_N20,Algeria,2024,87446,2024-01-01,2024-12-31,364,0,0,0,0,87386,19.60323,37.02299,-8.11805,10.99365,2.0799999237060547,251.88999938964844,316.82000732421875,367.0,1357,h:1087|l:4857|n:81502,N20,2,76.58,13216,73694,536,0
viirs-jpss1_2024_India.csv,VIIRS_N20,India,2024,578062,2024-01-01,2024-12-31,365,0,0,54,0,578010,8.08614,34.68041,68.53545,97.07978,3.509999990463257,2160.9599609375,334.9800109863281,367.0,14957,h:13646|l:107426|n:456990,N20,2,28.97,505687,71258,1104,13
viirs-jpss1_2024_Iraq.csv,VIIRS_N20,Iraq,2024,153616,2024-01-01,2024-12-31,365,0,0,0,0,153497,29.94791,37.33939,40.34211,48.48923,4.349999904632568,357.5199890136719,330.760009765625,367.0,14067,h:11403|l:11442|n:130771,N20,2,68.66,35659,117859,98,0
viirs-jpss1_2024_Libya.csv,VIIRS_N20,Libya,2024,52130,2024-01-01,2024-12-31,364,0,0,1,0,52097,22.97312,32.98779,9.45854,25.05774,2.640000104904175,165.27000427246094,323.05499267578125,367.0,1415,h:1367|l:2990|n:47773,N20,2,76.29,5695,46147,288,0
viirs-jpss1_2024_Nigeria.csv,VIIRS_N20,Nigeria,2024,467230,2024-01-01,2024-12-31,362,0,0,1,0,467222,4.31721,13.73509,2.67824,14.62433,4.440000057220459,528.7100219726562,339.1300048828125,367.0,17741,h:16277|l:101516|n:349437,N20,2,15.23,456793,10174,263,0
