source_id,country,chip_id,is_eog_flare,status,chip_file,crs,clear_fraction,center_clear_fraction,worldcover_valid_fraction,scene_id,scene_datetime,requested_lon,requested_lat,reused_from,error
India_722682,India,93d19c9530d90a564e1c,1,ok,93d19c9530d90a564e1c.npz,EPSG:32646,0.9871,0.9976,1.0,S2A_T46RFR_20240522T042209_L2A,2024-05-22T04:30:50.273000Z,94.93014833333334,27.156597777777776,/kaggle/input/notebooks/aaryanadutta/nb13-200-sih/nb13_india_transfer,
India_104808,India,5bbc3b9250727fb5c536,0,ok,5bbc3b9250727fb5c536.npz,EPSG:32644,1.0,1.0,1.0,S2A_T44QMK_20230212T051514_L2A,2023-02-12T05:22:41.504000Z,80.04783333333334,22.443596666666664,/kaggle/input/notebooks/aaryanadutta/nb13-200-sih/nb13_india_transfer,
India_164658,India,bb68c8a973732908b8b1,0,ok,bb68c8a973732908b8b1.npz,EPSG:32644,0.9992,1.0,1.0,S2A_T44QNM_20230212T051514_L2A,2023-02-12T05:22:08.973000Z,81.97345,23.83215,/kaggle/input/notebooks/aaryanadutta/nb13-200-sih/nb13_india_transfer,
India_462352,India,4fc2b7d8b67632eb3148,1,ok,4fc2b7d8b67632eb3148.npz,EPSG:32646,1.0,1.0,1.0,S2A_T46RFQ_20231114T042757_L2A,2023-11-14T04:31:04.038000Z,94.5435,26.95547,/kaggle/input/notebooks/aaryanadutta/nb13-200-sih/nb13_india_transfer,
India_150746,India,26773e5375689b747807,0,ok,26773e5375689b747807.npz,EPSG:32644,1.0,1.0,1.0,S2A_T44QMH_20230113T052231_L2A,2023-01-13T05:23:09.747000Z,80.07727,20.04251,/kaggle/input/notebooks/aaryanadutta/nb13-200-sih/nb13_india_transfer,
India_791469,India,cc504bb4cdb59eb0c437,0,ok,cc504bb4cdb59eb0c437.npz,EPSG:32644,1.0,1.0,1.0,S2A_T44RNR_20230513T051520_L2A,2023-05-13T05:21:12.632000Z,81.74316,27.68656,/kaggle/input/notebooks/aaryanadutta/nb13-200-sih/nb13_india_transfer,
India_315825,India,122b78d218f0a11e4b7d,1,ok,122b78d218f0a11e4b7d.npz,EPSG:32643,0.9999,1.0,1.0,S2A_T43RBK_20231019T054733_L2A,2023-10-19T05:51:44.583000Z,72.90179,26.30277666666667,/kaggle/input/notebooks/aaryanadutta/nb13-200-sih/nb13_india_transfer,
India_789130,India,b49747dcb8e50c980332,0,ok,b49747dcb8e50c980332.npz,EPSG:32644,1.0,1.0,1.0,S2A_T44QMH_20230113T052231_L2A,2023-01-13T05:23:09.747000Z,80.05733000000001,19.82387,/kaggle/input/notebooks/aaryanadutta/nb13-200-sih/nb13_india_transfer,
India_255112,India,f6f4b6c28ad0e952a9e5,0,ok,f6f4b6c28ad0e952a9e5.npz,EPSG:32644,0.992,1.0,1.0,S2B_T44QMG_20230227T051601_L2A,2023-02-27T05:23:27.201000Z,80.45824,19.038935000000002,/kaggle/input/notebooks/aaryanadutta/nb13-200-sih/nb13_india_transfer,
India_985898,India,6f03c6f2686c9f71bb61,1,ok,6f03c6f2686c9f71bb61.npz,EPSG:32643,0.9997,1.0,1.0,S2A_T43QBG_20241112T054053_L2A,2024-11-12T05:52:27.070000Z,72.34988,23.4123,/kaggle/input/notebooks/aaryanadutta/nb13-200-sih/nb13_india_transfer,
India_52601,India,8a8478e89183bd7c8f6d,0,ok,8a8478e89183bd7c8f6d.npz,EPSG:32643,1.0,1.0,1.0,S2A_T43RFP_20231115T053059_L2A,2023-11-15T05:40:36.150000Z,76.300375,29.85689,/kaggle/input/notebooks/aaryanadutta/nb13-200-sih/nb13_india_transfer,
India_27017,India,920e6d784b4b14c5c1de,0,ok,920e6d784b4b14c5c1de.npz,EPSG:32643,0.9998,1.0,1.0,S2A_T43QGE_20240430T053056_L2A,2024-04-30T05:32:52.624000Z,77.2299475,22.400135,/kaggle/input/notebooks/aaryanadutta/nb13-200-sih/nb13_india_transfer,
India_319405,India,3d1a4039499adeb6509b,1,ok,3d1a4039499adeb6509b.npz,EPSG:32646,1.0,1.0,1.0,S2A_T46RGR_20230108T042807_L2A,2023-01-08T04:30:45.623000Z,95.40295433333334,27.603072666666666,/kaggle/input/notebooks/aaryanadutta/nb13-200-sih/nb13_india_transfer,
India_222673,India,ccfd252694da6a271e80,0,ok,ccfd252694da6a271e80.npz,EPSG:32644,0.9999,1.0,1.0,S2B_T43RHJ_20230312T052443_L2A,2023-03-12T05:31:52.711000Z,78.58780625,25.910965,/kaggle/input/notebooks/aaryanadutta/nb13-200-sih/nb13_india_transfer,
India_556460,India,e68f7b6ee8270a0c9e4c,0,ok,e68f7b6ee8270a0c9e4c.npz,EPSG:32643,0.9986,1.0,1.0,S2B_T43SDS_20241031T054903_L2A,2024-10-31T05:59:48.194000Z,74.169925,33.095555000000004,/kaggle/input/notebooks/aaryanadutta/nb13-200-sih/nb13_india_transfer,
India_303277,India,5b67d7f128a8830de910,1,ok,5b67d7f128a8830de910.npz,EPSG:32646,1.0,1.0,1.0,S2A_T46RGR_20230108T042807_L2A,2023-01-08T04:30:45.623000Z,95.1239845652174,27.266176521739133,/kaggle/input/notebooks/aaryanadutta/nb13-200-sih/nb13_india_transfer,
India_12509,India,125373e108c2c152b9d4,0,ok,125373e108c2c152b9d4.npz,EPSG:32644,1.0,1.0,1.0,S2A_T44QMF_20240217T051716_L2A,2024-02-17T05:23:38.797000Z,80.74992,18.264031666666668,/kaggle/input/notebooks/aaryanadutta/nb13-200-sih/nb13_india_transfer,
India_362319,India,de6d870e1f57cd38cbda,0,ok,de6d870e1f57cd38cbda.npz,EPSG:32645,0.98775,0.9968,1.0,S2A_T45RTL_20240315T050240_L2A,2024-03-15T05:11:07.280000Z,84.53957750000001,27.221410000000002,/kaggle/input/notebooks/aaryanadutta/nb13-200-sih/nb13_india_transfer,
India_494240,India,f2edd7aacddc7e592b9c,1,ok,f2edd7aacddc7e592b9c.npz,EPSG:32643,0.925425,0.8388,1.0,S2B_T42QZK_20241028T055122_L2A,2024-10-28T05:52:59.303000Z,72.70396,21.699,/kaggle/input/notebooks/aaryanadutta/nb13-200-sih/nb13_india_transfer,
India_525586,India,b193d4b21116ec2c197a,0,ok,b193d4b21116ec2c197a.npz,EPSG:32644,0.9999,1.0,1.0,S2B_T44QKH_20240205T053130_L2A,2024-02-05T05:33:12.806000Z,78.36369,20.32151,/kaggle/input/notebooks/aaryanadutta/nb13-200-sih/nb13_india_transfer,
India_610084,India,0450ebcff3cc35299580,0,ok,0450ebcff3cc35299580.npz,EPSG:32645,1.0,1.0,1.0,S2A_T44QRH_20230216T045412_L2A,2023-02-16T05:03:05.134000Z,84.82283666666666,20.18,/kaggle/input/notebooks/aaryanadutta/nb13-200-sih/nb13_india_transfer,
India_902739,India,a387476807d8279b9b62,1,ok,a387476807d8279b9b62.npz,EPSG:32643,0.987075,0.996,1.0,S2B_T42QZK_20241028T055122_L2A,2024-10-28T05:52:59.303000Z,72.76546333333333,22.12644333333333,/kaggle/input/notebooks/aaryanadutta/nb13-200-sih/nb13_india_transfer,
India_295479,India,9853b4463095aefcd6e7,0,ok,9853b4463095aefcd6e7.npz,EPSG:32644,0.9991,1.0,1.0,S2A_T44RLQ_20240301T052252_L2A,2024-03-01T05:31:30.029000Z,79.4394,26.3076,/kaggle/input/notebooks/aaryanadutta/nb13-200-sih/nb13_india_transfer,
India_499366,India,93ba08235aca9ad96991,0,ok,93ba08235aca9ad96991.npz,EPSG:32644,1.0,1.0,1.0,S2B_T44QNE_20240429T050507_L2A,2024-04-29T05:13:56.644000Z,81.767975,17.983575000000002,/kaggle/input/notebooks/aaryanadutta/nb13-200-sih/nb13_india_transfer,
India_812366,India,060a4d290f6a516da2c0,1,ok,060a4d290f6a516da2c0.npz,EPSG:32646,1.0,1.0,1.0,S2B_T46REP_20230103T042448_L2A,2023-01-03T04:31:21.365000Z,93.9519735,26.08558866666667,/kaggle/input/notebooks/aaryanadutta/nb13-200-sih/nb13_india_transfer,
India_665777,India,1b6d78f9f3805de89a16,0,ok,1b6d78f9f3805de89a16.npz,EPSG:32644,1.0,1.0,1.0,S2A_T44RMN_20240217T051716_L2A,2024-02-17T05:21:57.729000Z,80.63549,24.83995,/kaggle/input/notebooks/aaryanadutta/nb13-200-sih/nb13_india_transfer,
India_759878,India,4217b109af1bdd737452,0,ok,4217b109af1bdd737452.npz,EPSG:32644,1.0,1.0,1.0,S2A_T44QPM_20240125T050059_L2A,2024-01-25T05:12:05.927000Z,82.7471,23.651115,/kaggle/input/notebooks/aaryanadutta/nb13-200-sih/nb13_india_transfer,
India_39469,India,c040661995484f72bfb1,1,ok,c040661995484f72bfb1.npz,EPSG:32642,0.9974,1.0,1.0,S2B_T42QWK_20241031T055945_L2A,2024-10-31T06:03:03.041000Z,69.88103134615385,22.340651153846157,/kaggle/input/notebooks/aaryanadutta/nb13-200-sih/nb13_india_transfer,
India_199101,India,d6213951abb089fae8d7,0,ok,d6213951abb089fae8d7.npz,EPSG:32643,0.98345,0.9728,1.0,S2B_T43QCA_20230203T054349_L2A,2023-02-03T05:43:57.347000Z,73.70701333333334,18.364058333333332,/kaggle/input/notebooks/aaryanadutta/nb13-200-sih/nb13_india_transfer,
India_669850,India,082aa0ff90dd5292c31d,0,ok,082aa0ff90dd5292c31d.npz,EPSG:32644,1.0,1.0,1.0,S2A_T44QPM_20240125T050059_L2A,2024-01-25T05:12:05.927000Z,82.45909,24.08485,/kaggle/input/notebooks/aaryanadutta/nb13-200-sih/nb13_india_transfer,
India_60784,India,6ad9a17af5a16bf1d642,1,ok,6ad9a17af5a16bf1d642.npz,EPSG:32646,0.980025,0.9696,1.0,S2A_T46RFR_20240522T042209_L2A,2024-05-22T04:30:50.273000Z,94.89611000000001,27.36771564516129,/kaggle/input/notebooks/aaryanadutta/nb13-200-sih/nb13_india_transfer,
India_869609,India,89ae7929a2a136cc767c,0,ok,89ae7929a2a136cc767c.npz,EPSG:32644,0.9954,1.0,1.0,S2B_T44QKG_20230309T052025_L2A,2023-03-09T05:23:37.521000Z,79.05139,19.40262,/kaggle/input/notebooks/aaryanadutta/nb13-200-sih/nb13_india_transfer,
India_215708,India,6fa07b20eb4ece6d8a15,0,ok,6fa07b20eb4ece6d8a15.npz,EPSG:32644,0.9811,0.9904,1.0,S2B_T44QPK_20240229T051052_L2A,2024-02-29T05:12:39.384000Z,82.68790333333334,22.146213333333332,/kaggle/input/notebooks/aaryanadutta/nb13-200-sih/nb13_india_transfer,
India_957691,India,2a51e690ab686343b3af,1,ok,2a51e690ab686343b3af.npz,EPSG:32643,0.99765,1.0,1.0,S2B_T42QZK_20241028T055122_L2A,2024-10-28T05:52:59.303000Z,72.85308,21.97673,/kaggle/input/notebooks/aaryanadutta/nb13-200-sih/nb13_india_transfer,
India_772989,India,2377e6420e8ecd106309,0,ok,2377e6420e8ecd106309.npz,EPSG:32644,1.0,1.0,1.0,S2B_T44QKG_20230309T052025_L2A,2023-03-09T05:23:37.521000Z,79.01727500000001,19.110515,/kaggle/input/notebooks/aaryanadutta/nb13-200-sih/nb13_india_transfer,
India_786263,India,ab5ded3e11aacbae3e2b,0,ok,ab5ded3e11aacbae3e2b.npz,EPSG:32644,1.0,1.0,1.0,S2B_T43QHE_20221222T052753_L2A,2022-12-22T05:32:45.901000Z,78.01614,22.09315,/kaggle/input/notebooks/aaryanadutta/nb13-200-sih/nb13_india_transfer,
India_314155,India,546908a83af78c596bc6,1,ok,546908a83af78c596bc6.npz,EPSG:32646,1.0,1.0,1.0,S2A_T46RGR_20230108T042807_L2A,2023-01-08T04:30:45.623000Z,95.08689133333334,27.37926,/kaggle/input/notebooks/aaryanadutta/nb13-200-sih/nb13_india_transfer,
India_418808,India,24dbf137a02510afaf08,0,ok,24dbf137a02510afaf08.npz,EPSG:32644,0.975,1.0,1.0,S2A_T44QMG_20221231T050215_L2A,2022-12-31T05:13:29.945000Z,81.08381833333333,19.244601666666668,/kaggle/input/notebooks/aaryanadutta/nb13-200-sih/nb13_india_transfer,
India_522517,India,c6fdad52a2b277edc2ee,0,ok,c6fdad52a2b277edc2ee.npz,EPSG:32644,0.96215,1.0,1.0,S2A_T44QLM_20240311T053119_L2A,2024-03-11T05:32:13.255000Z,79.29739,23.90948,/kaggle/input/notebooks/aaryanadutta/nb13-200-sih/nb13_india_transfer,
India_452915,India,641362dd5802a881344b,1,ok,641362dd5802a881344b.npz,EPSG:32647,0.9988,0.9992,1.0,S2B_T46RGR_20230110T041711_L2A,2023-01-10T04:20:47.908000Z,96.03696294117648,27.55996705882353,/kaggle/input/notebooks/aaryanadutta/nb13-200-sih/nb13_india_transfer,
India_752974,India,5c3656b9a1ce7170fb3f,0,ok,5c3656b9a1ce7170fb3f.npz,EPSG:32644,0.9995,1.0,1.0,S2A_T44QMD_20230410T050908_L2A,2023-04-10T05:14:15.046000Z,81.02437499999999,16.665545,/kaggle/input/notebooks/aaryanadutta/nb13-200-sih/nb13_india_transfer,
India_58175,India,71b6a84f059455be48a4,0,ok,71b6a84f059455be48a4.npz,EPSG:32643,1.0,1.0,1.0,S2A_T43RFP_20231115T053059_L2A,2023-11-15T05:40:36.150000Z,76.21126,30.232866666666666,/kaggle/input/notebooks/aaryanadutta/nb13-200-sih/nb13_india_transfer,
India_465303,India,2b0192d7e83d10cb5bfd,1,ok,2b0192d7e83d10cb5bfd.npz,EPSG:32646,1.0,1.0,1.0,S2A_T46RGR_20230108T042807_L2A,2023-01-08T04:30:45.623000Z,95.33665,27.37915,/kaggle/input/notebooks/aaryanadutta/nb13-200-sih/nb13_india_transfer,
India_625957,India,4e3fa006ef4bf60c67e6,0,ok,4e3fa006ef4bf60c67e6.npz,EPSG:32644,0.9998,1.0,1.0,S2B_T44QKF_20230528T051854_L2A,2023-05-28T05:23:52.474000Z,78.872575,18.642204999999997,/kaggle/input/notebooks/aaryanadutta/nb13-200-sih/nb13_india_transfer,
India_830693,India,6de7ebd461954957e467,0,ok,6de7ebd461954957e467.npz,EPSG:32643,0.872075,0.8224,1.0,S2B_T43QEA_20230114T053155_L2A,2023-01-14T05:43:45.265000Z,75.18803,18.103650000000002,/kaggle/input/notebooks/aaryanadutta/nb13-200-sih/nb13_india_transfer,
India_549068,India,033275d13d9315a649ba,1,ok,033275d13d9315a649ba.npz,EPSG:32646,1.0,1.0,1.0,S2A_T46RFQ_20231114T042757_L2A,2023-11-14T04:31:04.038000Z,94.69468,26.81288,/kaggle/input/notebooks/aaryanadutta/nb13-200-sih/nb13_india_transfer,
India_280220,India,88917668a6073201ae07,0,ok,88917668a6073201ae07.npz,EPSG:32644,0.9999,1.0,1.0,S2A_T44QNG_20230410T050908_L2A,2023-04-10T05:13:27.997000Z,81.1428325,19.35409,/kaggle/input/notebooks/aaryanadutta/nb13-200-sih/nb13_india_transfer,
India_163008,India,7597ad3a570a7e56773f,0,ok,7597ad3a570a7e56773f.npz,EPSG:32644,1.0,1.0,1.0,S2B_T43QHF_20221222T052753_L2A,2022-12-22T05:32:31.298000Z,78.03086333333333,22.886476666666667,/kaggle/input/notebooks/aaryanadutta/nb13-200-sih/nb13_india_transfer,
India_318477,India,d0c53d2723fcc767563b,1,ok,d0c53d2723fcc767563b.npz,EPSG:32643,0.9974,1.0,1.0,S2B_T42QZK_20241028T055122_L2A,2024-10-28T05:52:59.303000Z,72.77879875,21.89113625,/kaggle/input/notebooks/aaryanadutta/nb13-200-sih/nb13_india_transfer,
India_632490,India,577096907095104c238b,0,ok,577096907095104c238b.npz,EPSG:32646,0.9494,1.0,1.0,S2B_T46RDN_20240210T043557_L2A,2024-02-10T04:41:36.557000Z,92.43181285714286,25.153337142857144,/kaggle/input/notebooks/aaryanadutta/nb13-200-sih/nb13_india_transfer,
India_362144,India,9a189f56b32ff92b162c,0,ok,9a189f56b32ff92b162c.npz,EPSG:32644,1.0,1.0,1.0,S2A_T44QNM_20230212T051514_L2A,2023-02-12T05:22:08.973000Z,81.758702,23.634676,/kaggle/input/notebooks/aaryanadutta/nb13-200-sih/nb13_india_transfer,
India_699373,India,d54909c248df166399ba,1,ok,d54909c248df166399ba.npz,EPSG:32643,1.0,1.0,1.0,S2B_T42QZK_20241028T055122_L2A,2024-10-28T05:52:59.303000Z,72.93405800000001,22.165438,/kaggle/input/notebooks/aaryanadutta/nb13-200-sih/nb13_india_transfer,
India_706746,India,80e5adbd89877ac2c07a,0,ok,80e5adbd89877ac2c07a.npz,EPSG:32644,0.9708,0.9976,1.0,S2B_T44QMJ_20230128T052242_L2A,2023-01-28T05:22:55.513000Z,80.68467,21.60774,/kaggle/input/notebooks/aaryanadutta/nb13-200-sih/nb13_india_transfer,
India_706371,India,8c504fae654676cb348f,0,ok,8c504fae654676cb348f.npz,EPSG:32643,1.0,1.0,1.0,S2B_T43QFC_20221225T053233_L2A,2022-12-25T05:43:16.091000Z,76.03376,20.45325,/kaggle/input/notebooks/aaryanadutta/nb13-200-sih/nb13_india_transfer,
India_221309,India,076d1ac53f93bf41bd4c,1,ok,076d1ac53f93bf41bd4c.npz,EPSG:32646,1.0,1.0,1.0,S2A_T46RGR_20230108T042807_L2A,2023-01-08T04:30:45.623000Z,95.42329760273974,27.47001897260274,/kaggle/input/notebooks/aaryanadutta/nb13-200-sih/nb13_india_transfer,
India_169469,India,8bea785523c5d2add494,0,ok,8bea785523c5d2add494.npz,EPSG:32643,1.0,1.0,1.0,S2C_T43RFN_20241030T054121_L2A,2024-10-30T05:41:27.361000Z,77.02562666666667,28.884743333333333,/kaggle/input/notebooks/aaryanadutta/nb13-200-sih/nb13_india_transfer,
India_678165,India,598929d49f488f7a7e2c,0,ok,598929d49f488f7a7e2c.npz,EPSG:32644,0.9996,1.0,1.0,S2B_T44QMJ_20230128T052242_L2A,2023-01-28T05:22:55.513000Z,80.42723000000001,20.843335,/kaggle/input/notebooks/aaryanadutta/nb13-200-sih/nb13_india_transfer,
India_859466,India,10d478966b59c6f00267,1,ok,10d478966b59c6f00267.npz,EPSG:32643,0.9997,1.0,1.0,S2A_T43QBF_20230303T054445_L2A,2023-03-03T05:52:40.024000Z,72.564078,22.807608,/kaggle/input/notebooks/aaryanadutta/nb13-200-sih/nb13_india_transfer,
India_45151,India,aa8e46d034e60e8241e4,0,ok,aa8e46d034e60e8241e4.npz,EPSG:32643,0.9984,1.0,1.0,S2A_T43RFN_20241010T053314_L2A,2024-10-10T05:40:49.211000Z,76.2993975,29.7044775,/kaggle/input/notebooks/aaryanadutta/nb13-200-sih/nb13_india_transfer,
India_954923,India,d47117c66c8e1602aee3,0,ok,d47117c66c8e1602aee3.npz,EPSG:32643,0.9999,1.0,1.0,S2A_T43QCG_20231029T053935_L2A,2023-10-29T05:52:24.697000Z,73.57537500000001,24.21767,/kaggle/input/notebooks/aaryanadutta/nb13-200-sih/nb13_india_transfer,
India_785025,India,c058656dbcdedec03f8b,1,ok,c058656dbcdedec03f8b.npz,EPSG:32642,1.0,1.0,1.0,S2A_T42RWQ_20230217T055928_L2A,2023-02-17T06:11:42.973000Z,69.56131722222221,26.82213388888889,/kaggle/input/notebooks/aaryanadutta/nb13-200-sih/nb13_india_transfer,
India_194148,India,7f52c27af62fac1f749d,0,ok,7f52c27af62fac1f749d.npz,EPSG:32645,1.0,1.0,1.0,S2A_T45QVE_20240329T044409_L2A,2024-03-29T04:52:30.899000Z,86.9717575,22.3287875,/kaggle/input/notebooks/aaryanadutta/nb13-200-sih/nb13_india_transfer,
India_191648,India,e5e9eb0e7716bc8d58fc,0,ok,e5e9eb0e7716bc8d58fc.npz,EPSG:32646,1.0,1.0,1.0,S2A_T46REQ_20230108T042807_L2A,2023-01-08T04:31:07.023000Z,93.185365,26.58585,/kaggle/input/notebooks/aaryanadutta/nb13-200-sih/nb13_india_transfer,
India_722652,India,10cf23d60e6b6f8e05a2,1,ok,10cf23d60e6b6f8e05a2.npz,EPSG:32646,1.0,1.0,1.0,S2A_T46RGR_20230108T042807_L2A,2023-01-08T04:30:45.623000Z,95.37802450000001,27.438323500000003,/kaggle/input/notebooks/aaryanadutta/nb13-200-sih/nb13_india_transfer,
India_60586,India,aa1c9e01b681909fac0e,0,ok,aa1c9e01b681909fac0e.npz,EPSG:32643,0.99,1.0,1.0,S2A_T43RDP_20241013T054552_L2A,2024-10-13T05:50:38.943000Z,74.29496,30.72235,/kaggle/input/notebooks/aaryanadutta/nb13-200-sih/nb13_india_transfer,
India_122017,India,e2168864441265213f30,0,ok,e2168864441265213f30.npz,EPSG:32646,0.9811,1.0,1.0,S2B_T46RCN_20220322T043718_L2A,2022-03-22T04:41:37.677000Z,91.6997425,25.2695375,/kaggle/input/notebooks/aaryanadutta/nb13-200-sih/nb13_india_transfer,
India_387242,India,b5b1dbaec58b475a0843,1,ok,b5b1dbaec58b475a0843.npz,EPSG:32644,0.9954,1.0,1.0,S2B_T44QND_20230306T051219_L2A,2023-03-06T05:14:14.542000Z,81.288845,16.364964999999998,/kaggle/input/notebooks/aaryanadutta/nb13-200-sih/nb13_india_transfer,
India_65931,India,75d696a162e161bc14e7,0,ok,75d696a162e161bc14e7.npz,EPSG:32644,0.9038,0.8304,1.0,S2A_T44PLV_20240308T052226_L2A,2024-03-08T05:25:11.843000Z,79.30569833333332,13.149265,/kaggle/input/notebooks/aaryanadutta/nb13-200-sih/nb13_india_transfer,
India_240760,India,95f176a9cf0fab2ecff2,0,ok,95f176a9cf0fab2ecff2.npz,EPSG:32644,0.9895,1.0,1.0,S2B_T44QNJ_20240323T051727_L2A,2024-03-23T05:22:54.637000Z,81.03201,20.99745,/kaggle/input/notebooks/aaryanadutta/nb13-200-sih/nb13_india_transfer,
India_446842,India,4f9e3606783d6b1a3a0e,1,ok,4f9e3606783d6b1a3a0e.npz,EPSG:32643,1.0,1.0,1.0,S2B_T42QZJ_20221218T054234_L2A,2022-12-18T05:53:08.056000Z,72.655804,21.091876,/kaggle/input/notebooks/aaryanadutta/nb13-200-sih/nb13_india_transfer,
India_175979,India,4dd8c82797e7e68bd778,0,ok,4dd8c82797e7e68bd778.npz,EPSG:32643,1.0,1.0,1.0,S2A_T43RFP_20231115T053059_L2A,2023-11-15T05:40:36.150000Z,76.769025,30.51294,/kaggle/input/notebooks/aaryanadutta/nb13-200-sih/nb13_india_transfer,
India_143053,India,39a75b72f3fde34f566d,0,ok,39a75b72f3fde34f566d.npz,EPSG:32646,1.0,1.0,1.0,S2A_T46QEM_20230408T042946_L2A,2023-04-08T04:31:52.104000Z,93.98047,24.2074,/kaggle/input/notebooks/aaryanadutta/nb13-200-sih/nb13_india_transfer,
India_742303,India,bc1a841c4e38ba487140,1,ok,bc1a841c4e38ba487140.npz,EPSG:32646,1.0,1.0,1.0,S2A_T46RGR_20230108T042807_L2A,2023-01-08T04:30:45.623000Z,95.52865,27.46911,/kaggle/input/notebooks/aaryanadutta/nb13-200-sih/nb13_india_transfer,
India_827555,India,2298f727894cb2611903,0,ok,2298f727894cb2611903.npz,EPSG:32643,0.9999,1.0,1.0,S2A_T43RGH_20230208T054008_L2A,2023-02-08T05:42:00.308000Z,77.20278,25.00082,/kaggle/input/notebooks/aaryanadutta/nb13-200-sih/nb13_india_transfer,
India_417615,India,a9bcd52638a16cf838ee,0,ok,a9bcd52638a16cf838ee.npz,EPSG:32643,1.0,1.0,1.0,S2B_T43SER_20231024T054204_L2A,2023-10-24T05:50:09.011000Z,75.28992666666666,32.05078666666667,/kaggle/input/notebooks/aaryanadutta/nb13-200-sih/nb13_india_transfer,
India_723152,India,749a8696220ec1faf70a,1,ok,749a8696220ec1faf70a.npz,EPSG:32646,1.0,1.0,1.0,S2A_T46RFQ_20231114T042757_L2A,2023-11-14T04:31:04.038000Z,94.88131,27.03863,/kaggle/input/notebooks/aaryanadutta/nb13-200-sih/nb13_india_transfer,
India_984143,India,2dd3942349d6cf94080f,0,ok,2dd3942349d6cf94080f.npz,EPSG:32644,0.9998,1.0,1.0,S2B_T44RMP_20240323T051727_L2A,2024-03-23T05:21:45.515000Z,80.51528333333333,25.433163333333336,/kaggle/input/notebooks/aaryanadutta/nb13-200-sih/nb13_india_transfer,
India_249255,India,76541ba994cd4d7cc327,0,ok,76541ba994cd4d7cc327.npz,EPSG:32644,0.9997,1.0,1.0,S2A_T44QNM_20230212T051514_L2A,2023-02-12T05:22:08.973000Z,81.3052,24.3336,/kaggle/input/notebooks/aaryanadutta/nb13-200-sih/nb13_india_transfer,
India_303546,India,025c8062a4a30d12921d,1,ok,025c8062a4a30d12921d.npz,EPSG:32644,0.9715,0.9472,1.0,S2B_T44PLT_20240916T051515_L2A,2024-09-16T05:15:43.372000Z,79.3062895,10.812560000000001,/kaggle/input/notebooks/aaryanadutta/nb13-200-sih/nb13_india_transfer,
India_983837,India,9ae3163c5e1301a5aea6,0,ok,9ae3163c5e1301a5aea6.npz,EPSG:32644,0.9998,1.0,1.0,S2B_T44RKQ_20240425T052817_L2A,2024-04-25T05:31:32.187000Z,79.06719,26.75981,/kaggle/input/notebooks/aaryanadutta/nb13-200-sih/nb13_india_transfer,
India_974824,India,93053e07501774bd4c14,0,ok,93053e07501774bd4c14.npz,EPSG:32644,1.0,1.0,1.0,S2B_T44RNN_20240313T052012_L2A,2024-03-13T05:21:53.557000Z,81.50927,24.82799,/kaggle/input/notebooks/aaryanadutta/nb13-200-sih/nb13_india_transfer,
India_741767,India,5c2b827a0fa237f64549,1,ok,5c2b827a0fa237f64549.npz,EPSG:32642,1.0,1.0,1.0,S2A_T42RWQ_20230217T055928_L2A,2023-02-17T06:11:42.973000Z,69.71488787234043,27.034558297872344,/kaggle/input/notebooks/aaryanadutta/nb13-200-sih/nb13_india_transfer,
India_982216,India,af0db7ccf587c1db1f18,0,ok,af0db7ccf587c1db1f18.npz,EPSG:32645,1.0,1.0,1.0,S2A_T45QWF_20231130T044552_L2A,2023-11-30T04:52:09.490000Z,87.57909000000001,23.0111075,/kaggle/input/notebooks/aaryanadutta/nb13-200-sih/nb13_india_transfer,
India_242133,India,2823219f90dbc1e0ea1c,0,ok,2823219f90dbc1e0ea1c.npz,EPSG:32645,0.99255,1.0,1.0,S2A_T44QRK_20230206T045636_L2A,2023-02-06T05:02:38.292000Z,84.76122166666667,21.869981666666664,/kaggle/input/notebooks/aaryanadutta/nb13-200-sih/nb13_india_transfer,
India_294594,India,c86335c6f3b56cc53f28,1,ok,c86335c6f3b56cc53f28.npz,EPSG:32642,0.9993,0.9968,1.0,S2A_T42QWL_20231111T055051_L2A,2023-11-11T06:02:48.075000Z,69.66495307692307,22.734018717948718,/kaggle/input/notebooks/aaryanadutta/nb13-200-sih/nb13_india_transfer,
India_130685,India,bf5982b8ba9662aae9cf,0,ok,bf5982b8ba9662aae9cf.npz,EPSG:32645,0.997625,1.0,1.0,S2B_T45QTD_20230211T050134_L2A,2023-02-11T05:02:51.471000Z,84.45621,21.07512,/kaggle/input/notebooks/aaryanadutta/nb13-200-sih/nb13_india_transfer,
India_494960,India,559d2936fc6e5802fdfa,0,ok,559d2936fc6e5802fdfa.npz,EPSG:32645,0.9824,0.9904,1.0,S2B_T45QVE_20230221T050037_L2A,2023-02-21T05:02:30.651000Z,86.35066,22.31044,/kaggle/input/notebooks/aaryanadutta/nb13-200-sih/nb13_india_transfer,
India_930248,India,4b67cab2b742ba123302,1,ok,4b67cab2b742ba123302.npz,EPSG:32646,1.0,1.0,1.0,S2A_T46RGR_20230108T042807_L2A,2023-01-08T04:30:45.623000Z,95.48097,27.34285,/kaggle/input/notebooks/aaryanadutta/nb13-200-sih/nb13_india_transfer,
India_949675,India,cb7b56f8553f14d730b8,0,ok,cb7b56f8553f14d730b8.npz,EPSG:32644,1.0,1.0,1.0,S2B_T44QNE_20240429T050507_L2A,2024-04-29T05:13:56.644000Z,81.74921,17.46209,/kaggle/input/notebooks/aaryanadutta/nb13-200-sih/nb13_india_transfer,
India_440180,India,d8a6cecd837315df65e3,0,ok,d8a6cecd837315df65e3.npz,EPSG:32644,0.9993,1.0,1.0,S2A_T44QPD_20230301T051224_L2A,2023-03-01T05:14:05.350000Z,82.02579,16.88599,/kaggle/input/notebooks/aaryanadutta/nb13-200-sih/nb13_india_transfer,
India_183492,India,8f140281981eb706f4e1,1,ok,8f140281981eb706f4e1.npz,EPSG:32646,0.9999,1.0,1.0,S2A_T46RGR_20230108T042807_L2A,2023-01-08T04:30:45.623000Z,95.26675296296297,27.315170555555554,/kaggle/input/notebooks/aaryanadutta/nb13-200-sih/nb13_india_transfer,
India_549099,India,35eff24354a501ed74e7,0,ok,35eff24354a501ed74e7.npz,EPSG:32647,0.943575,1.0,1.0,S2A_T47RKM_20241215T041416_L2A,2024-12-15T04:20:34.121000Z,96.64524,27.98017,/kaggle/input/notebooks/aaryanadutta/nb13-200-sih/nb13_india_transfer,
India_961743,India,c945d94c660ade1c968e,0,ok,c945d94c660ade1c968e.npz,EPSG:32644,1.0,1.0,1.0,S2B_T44RKT_20241204T053602_L2A,2024-12-04T05:40:46.177000Z,78.01801,29.15507,/kaggle/input/notebooks/aaryanadutta/nb13-200-sih/nb13_india_transfer,
India_64730,India,c31190ea41624b83fefe,1,ok,c31190ea41624b83fefe.npz,EPSG:32643,1.0,1.0,1.0,S2B_T42QZJ_20221218T054234_L2A,2022-12-18T05:53:08.056000Z,72.92129,21.56896,/kaggle/input/notebooks/aaryanadutta/nb13-200-sih/nb13_india_transfer,
India_452750,India,b2ec02808edcb1de49df,0,ok,b2ec02808edcb1de49df.npz,EPSG:32643,0.986525,1.0,1.0,S2A_T43REP_20241013T054552_L2A,2024-10-13T05:50:35.409000Z,76.0802,30.69258,/kaggle/input/notebooks/aaryanadutta/nb13-200-sih/nb13_india_transfer,
India_318060,India,0962f5fc8cbcef97ef54,0,ok,0962f5fc8cbcef97ef54.npz,EPSG:32643,0.9941,1.0,1.0,S2B_T43PDS_20230312T052443_L2A,2023-03-12T05:34:59.508000Z,75.07228,14.62928,/kaggle/input/notebooks/aaryanadutta/nb13-200-sih/nb13_india_transfer,
India_991449,India,526dc7002a369da84c61,1,ok,526dc7002a369da84c61.npz,EPSG:32643,1.0,1.0,1.0,S2B_T43QBE_20241127T054324_L2A,2024-11-27T05:52:59.069000Z,72.97004,21.98683,/kaggle/input/notebooks/aaryanadutta/nb13-200-sih/nb13_india_transfer,
India_898476,India,14fb2938c656e979d4ee,0,ok,14fb2938c656e979d4ee.npz,EPSG:32644,0.9939,0.9944,1.0,S2A_T44QLE_20240328T051856_L2A,2024-03-28T05:23:59.363000Z,79.66148,17.50531,/kaggle/input/notebooks/aaryanadutta/nb13-200-sih/nb13_india_transfer,
India_69724,India,45131314f9ae802d8d85,0,ok,45131314f9ae802d8d85.npz,EPSG:32646,1.0,1.0,1.0,S2A_T46REQ_20230108T042807_L2A,2023-01-08T04:31:07.023000Z,93.371835,26.6554475,/kaggle/input/notebooks/aaryanadutta/nb13-200-sih/nb13_india_transfer,
India_334951,India,5b37a7417fe045e57b83,1,ok,5b37a7417fe045e57b83.npz,EPSG:32643,1.0,1.0,1.0,S2B_T43RFM_20230203T053321_L2A,2023-02-03T05:41:03.655000Z,76.8945025,28.7534025,/kaggle/input/notebooks/aaryanadutta/nb13-200-sih/nb13_india_transfer,
India_974439,India,8c9249165fbcbd515e9d,0,ok,8c9249165fbcbd515e9d.npz,EPSG:32643,0.9815,0.96,1.0,S2B_T43RFQ_20231004T054609_L2A,2023-10-04T05:50:19.156000Z,76.6974,31.49831,/kaggle/input/notebooks/aaryanadutta/nb13-200-sih/nb13_india_transfer,
India_921927,India,1d08df283983b25d88e4,0,ok,1d08df283983b25d88e4.npz,EPSG:32643,1.0,1.0,1.0,S2A_T43PGR_20240427T051439_L2A,2024-04-27T05:25:07.645000Z,77.55997,13.56563,/kaggle/input/notebooks/aaryanadutta/nb13-200-sih/nb13_india_transfer,
India_217749,India,d5ee9e328b23debbd45a,1,ok,d5ee9e328b23debbd45a.npz,EPSG:32644,0.9999,1.0,1.0,S2B_T44QND_20230306T051219_L2A,2023-03-06T05:14:14.542000Z,81.89596666666667,16.81542,/kaggle/input/notebooks/aaryanadutta/nb13-200-sih/nb13_india_transfer,
India_716104,India,d5d453889dd9e761f87f,0,ok,d5d453889dd9e761f87f.npz,EPSG:32643,0.9991,0.9904,1.0,S2B_T43PCT_20230305T053523_L2A,2023-03-05T05:44:41.820000Z,73.79005,15.81757,/kaggle/input/notebooks/aaryanadutta/nb13-200-sih/nb13_india_transfer,
India_187940,India,29cf568615f5eceea165,0,ok,29cf568615f5eceea165.npz,EPSG:32646,0.9933,0.9992,1.0,S2A_T46QDM_20240303T042950_L2A,2024-03-03T04:31:55.532000Z,92.46919000000001,23.735110000000002,/kaggle/input/notebooks/aaryanadutta/nb13-200-sih/nb13_india_transfer,
India_924741,India,263458a30b9825b2d8ca,1,ok,263458a30b9825b2d8ca.npz,EPSG:32646,1.0,1.0,1.0,S2A_T46RGR_20230108T042807_L2A,2023-01-08T04:30:45.623000Z,95.32334,27.32951,/kaggle/input/notebooks/aaryanadutta/nb13-200-sih/nb13_india_transfer,
India_280183,India,31bd5f8f182fb0e1cf10,0,ok,31bd5f8f182fb0e1cf10.npz,EPSG:32644,1.0,1.0,1.0,S2B_T44QMG_20230227T051601_L2A,2023-02-27T05:23:27.201000Z,80.3608825,18.9664175,/kaggle/input/notebooks/aaryanadutta/nb13-200-sih/nb13_india_transfer,
India_150953,India,9d37db062047d3a0ba3e,0,ok,9d37db062047d3a0ba3e.npz,EPSG:32643,0.999,1.0,1.0,S2B_T43QFF_20231011T053320_L2A,2023-10-11T05:42:35.233000Z,76.8776675,22.85958375,/kaggle/input/notebooks/aaryanadutta/nb13-200-sih/nb13_india_transfer,
India_303954,India,a638cc83771f76c003ac,1,ok,a638cc83771f76c003ac.npz,EPSG:32646,1.0,1.0,1.0,S2A_T46RFQ_20231114T042757_L2A,2023-11-14T04:31:04.038000Z,94.67119037037037,26.784386851851853,/kaggle/input/notebooks/aaryanadutta/nb13-200-sih/nb13_india_transfer,
India_159084,India,cb59f483e954f9fcce54,0,ok,cb59f483e954f9fcce54.npz,EPSG:32644,0.998375,1.0,1.0,S2A_T44RMN_20240217T051716_L2A,2024-02-17T05:21:57.729000Z,80.70490333333333,24.88466,/kaggle/input/notebooks/aaryanadutta/nb13-200-sih/nb13_india_transfer,
India_131235,India,aa7fcee50efc1de86495,0,ok,aa7fcee50efc1de86495.npz,EPSG:32644,0.9919,1.0,1.0,S2A_T44QLG_20240217T051716_L2A,2024-02-17T05:23:28.129000Z,79.917395,19.155815,/kaggle/input/notebooks/aaryanadutta/nb13-200-sih/nb13_india_transfer,
India_840478,India,dda91776436a7840680f,1,ok,dda91776436a7840680f.npz,EPSG:32643,0.9992,1.0,1.0,S2A_T43QBG_20241112T054053_L2A,2024-11-12T05:52:27.070000Z,72.27285,23.53101,/kaggle/input/notebooks/aaryanadutta/nb13-200-sih/nb13_india_transfer,
India_685335,India,eb9880696884a5498314,0,ok,eb9880696884a5498314.npz,EPSG:32644,0.9991,1.0,1.0,S2B_T44QQL_20230224T050739_L2A,2023-02-24T05:12:23.752000Z,83.78095,23.20869,/kaggle/input/notebooks/aaryanadutta/nb13-200-sih/nb13_india_transfer,
India_214277,India,7846638963f118ea14bf,0,ok,7846638963f118ea14bf.npz,EPSG:32643,0.943325,0.992,1.0,S2B_T43QED_20240319T054135_L2A,2024-03-19T05:43:05.702000Z,75.83010857142858,21.070311428571426,/kaggle/input/notebooks/aaryanadutta/nb13-200-sih/nb13_india_transfer,
India_336978,India,b26e5a1ea97cc32df291,1,ok,b26e5a1ea97cc32df291.npz,EPSG:32646,1.0,1.0,1.0,S2A_T46RGR_20230108T042807_L2A,2023-01-08T04:30:45.623000Z,95.39990533333334,27.53515819047619,/kaggle/input/notebooks/aaryanadutta/nb13-200-sih/nb13_india_transfer,
India_818813,India,231b62ddd5f161f1006f,0,ok,231b62ddd5f161f1006f.npz,EPSG:32645,1.0,1.0,1.0,S2A_T45RTH_20230226T050141_L2A,2023-02-26T05:01:53.158000Z,84.9931,25.00696,/kaggle/input/notebooks/aaryanadutta/nb13-200-sih/nb13_india_transfer,
India_559979,India,dd5203b5c9e9fdddabc0,0,ok,dd5203b5c9e9fdddabc0.npz,EPSG:32644,0.9969,1.0,1.0,S2A_T44RKU_20241119T053114_L2A,2024-11-19T05:40:30.994000Z,78.74432875,30.0004575,/kaggle/input/notebooks/aaryanadutta/nb13-200-sih/nb13_india_transfer,
India_330067,India,ec5538dbf168fa70175d,1,ok,ec5538dbf168fa70175d.npz,EPSG:32644,0.9919,0.9696,1.0,S2B_T44PMV_20241026T051112_L2A,2024-10-26T05:15:13.784000Z,80.3458390909091,13.290329090909092,/kaggle/input/notebooks/aaryanadutta/nb13-200-sih/nb13_india_transfer,
India_167566,India,abff9d7dfda427500c59,0,ok,abff9d7dfda427500c59.npz,EPSG:32644,1.0,1.0,1.0,S2B_T44QLJ_20240113T051714_L2A,2024-01-13T05:22:59.336000Z,79.2961,20.7124,/kaggle/input/notebooks/aaryanadutta/nb13-200-sih/nb13_india_transfer,
India_180727,India,e6037bd98f5dae361b98,0,ok,e6037bd98f5dae361b98.npz,EPSG:32643,0.915,1.0,1.0,S2B_T43RCL_20231123T055038_L2A,2023-11-23T05:51:22.122000Z,72.9817247368421,28.003166315789475,/kaggle/input/notebooks/aaryanadutta/nb13-200-sih/nb13_india_transfer,
India_453785,India,95bface567dd90428ec3,1,ok,95bface567dd90428ec3.npz,EPSG:32646,1.0,1.0,1.0,S2A_T46RGR_20230108T042807_L2A,2023-01-08T04:30:45.623000Z,95.1241,27.482963333333334,/kaggle/input/notebooks/aaryanadutta/nb13-200-sih/nb13_india_transfer,
India_948272,India,1dfdccfb500e2c44e410,0,ok,1dfdccfb500e2c44e410.npz,EPSG:32642,0.9816,0.8944,1.0,S2B_T42QXK_20241031T055945_L2A,2024-10-31T06:02:59.953000Z,70.22216,22.40037,/kaggle/input/notebooks/aaryanadutta/nb13-200-sih/nb13_india_transfer,
India_4336,India,48ca56ffb6a8c89e807b,0,ok,48ca56ffb6a8c89e807b.npz,EPSG:32645,0.9996,1.0,1.0,S2B_T45QUC_20230313T045258_L2A,2023-03-13T05:03:08.146000Z,85.93076,19.86055,/kaggle/input/notebooks/aaryanadutta/nb13-200-sih/nb13_india_transfer,
India_453784,India,cfe3896e9275e6f303c4,1,ok,cfe3896e9275e6f303c4.npz,EPSG:32646,1.0,1.0,1.0,S2A_T46RGR_20230108T042807_L2A,2023-01-08T04:30:45.623000Z,95.62082,27.730230000000002,/kaggle/input/notebooks/aaryanadutta/nb13-200-sih/nb13_india_transfer,
India_804942,India,327dd0f4695816787f86,0,ok,327dd0f4695816787f86.npz,EPSG:32644,1.0,1.0,1.0,S2A_T44RMN_20240217T051716_L2A,2024-02-17T05:21:57.729000Z,80.85946,24.71464,/kaggle/input/notebooks/aaryanadutta/nb13-200-sih/nb13_india_transfer,
India_950986,India,ec997bf59a6a72e84577,0,ok,ec997bf59a6a72e84577.npz,EPSG:32644,0.9979,1.0,1.0,S2B_T44QQF_20231111T050809_L2A,2023-11-11T05:13:37.366000Z,82.984205,18.751375,/kaggle/input/notebooks/aaryanadutta/nb13-200-sih/nb13_india_transfer,
India_778471,India,6e6c2ba792ad97c3ec02,1,ok,6e6c2ba792ad97c3ec02.npz,EPSG:32644,0.9764,1.0,1.0,S2A_T44PLS_20230729T050900_L2A,2023-07-29T05:16:05.073000Z,79.671078,10.75582,/kaggle/input/notebooks/aaryanadutta/nb13-200-sih/nb13_india_transfer,
India_755170,India,f22d07c91675eb73db34,0,ok,f22d07c91675eb73db34.npz,EPSG:32646,0.9736,0.9808,1.0,S2B_T46RDN_20240210T043557_L2A,2024-02-10T04:41:36.557000Z,92.3869,25.05692,/kaggle/input/notebooks/aaryanadutta/nb13-200-sih/nb13_india_transfer,
India_51185,India,2083d49e8471555bc412,0,ok,2083d49e8471555bc412.npz,EPSG:32643,1.0,1.0,1.0,S2A_T43RFP_20231115T053059_L2A,2023-11-15T05:40:36.150000Z,76.50254,29.9581,/kaggle/input/notebooks/aaryanadutta/nb13-200-sih/nb13_india_transfer,
India_218748,India,6e9ca4f7ccd6599d6394,1,ok,6e9ca4f7ccd6599d6394.npz,EPSG:32646,1.0,1.0,1.0,S2A_T46REQ_20230108T042807_L2A,2023-01-08T04:31:07.023000Z,93.780495,26.58155,/kaggle/input/notebooks/aaryanadutta/nb13-200-sih/nb13_india_transfer,
India_637613,India,db3315674b0b35bef21c,0,ok,db3315674b0b35bef21c.npz,EPSG:32646,0.9996,1.0,1.0,S2A_T46QDM_20240303T042950_L2A,2024-03-03T04:31:55.532000Z,92.5795675,23.46225,/kaggle/input/notebooks/aaryanadutta/nb13-200-sih/nb13_india_transfer,
India_771911,India,db540c6b7b0de0c44fca,0,ok,db540c6b7b0de0c44fca.npz,EPSG:32643,0.9647,1.0,1.0,S2B_T43QGE_20241101T052722_L2A,2024-11-01T05:32:49.092000Z,77.15120666666667,22.05985,/kaggle/input/notebooks/aaryanadutta/nb13-200-sih/nb13_india_transfer,
India_563236,India,a9c0552119965ed3e3d7,1,ok,a9c0552119965ed3e3d7.npz,EPSG:32643,0.9882,1.0,1.0,S2B_T42QZK_20241028T055122_L2A,2024-10-28T05:52:59.303000Z,72.47583875,22.37442,/kaggle/input/notebooks/aaryanadutta/nb13-200-sih/nb13_india_transfer,
India_46806,India,e276f7d4ca9cf0e902eb,0,ok,e276f7d4ca9cf0e902eb.npz,EPSG:32644,1.0,1.0,1.0,S2A_T44QPM_20240125T050059_L2A,2024-01-25T05:12:05.927000Z,82.91147000000001,23.97461,/kaggle/input/notebooks/aaryanadutta/nb13-200-sih/nb13_india_transfer,
India_890382,India,969dfc16bca8b302b681,0,ok,969dfc16bca8b302b681.npz,EPSG:32643,0.99175,1.0,1.0,S2B_T43QBD_20230308T055223_L2A,2023-03-08T05:53:15.691000Z,72.96819,21.6352,/kaggle/input/notebooks/aaryanadutta/nb13-200-sih/nb13_india_transfer,
India_466228,India,f3f041b166b0277bf591,1,ok,f3f041b166b0277bf591.npz,EPSG:32644,1.0,1.0,1.0,S2A_T44QPD_20230301T051224_L2A,2023-03-01T05:14:05.350000Z,82.42584,16.66818,/kaggle/input/notebooks/aaryanadutta/nb13-200-sih/nb13_india_transfer,
India_260245,India,33c98146e5a335b11074,0,ok,33c98146e5a335b11074.npz,EPSG:32644,0.96815,0.9968,1.0,S2A_T44PKU_20230314T051815_L2A,2023-03-14T05:25:26.011000Z,79.0549,11.9559,/kaggle/input/notebooks/aaryanadutta/nb13-200-sih/nb13_india_transfer,
India_566787,India,d0d0bc709d011dabc785,0,ok,d0d0bc709d011dabc785.npz,EPSG:32643,1.0,1.0,1.0,S2B_T43QDA_20230114T053155_L2A,2023-01-14T05:43:49.101000Z,74.50534,18.73688,/kaggle/input/notebooks/aaryanadutta/nb13-200-sih/nb13_india_transfer,
India_448826,India,656600e1cb1882739eee,1,ok,656600e1cb1882739eee.npz,EPSG:32644,0.992775,1.0,1.0,S2B_T44PMC_20230306T051219_L2A,2023-03-06T05:14:32.233000Z,80.93802503937007,15.963070157480315,/kaggle/input/notebooks/aaryanadutta/nb13-200-sih/nb13_india_transfer,
India_685019,India,9bd8c9ba0ad72aa41e25,0,ok,9bd8c9ba0ad72aa41e25.npz,EPSG:32644,0.9988,1.0,1.0,S2B_T44QQM_20230306T050332_L2A,2023-03-06T05:12:11.907000Z,82.98499,23.87725,/kaggle/input/notebooks/aaryanadutta/nb13-200-sih/nb13_india_transfer,
India_434468,India,d281b7c097eb462a5f61,0,ok,d281b7c097eb462a5f61.npz,EPSG:32644,0.9978,1.0,1.0,S2A_T44RMQ_20230304T051951_L2A,2023-03-04T05:21:27.381000Z,80.60201,26.844325,/kaggle/input/notebooks/aaryanadutta/nb13-200-sih/nb13_india_transfer,
India_1175,India,c41a37a83e7a0a7158bd,1,ok,c41a37a83e7a0a7158bd.npz,EPSG:32646,1.0,1.0,1.0,S2A_T46RGR_20230108T042807_L2A,2023-01-08T04:30:45.623000Z,95.14984607142857,27.260355,/kaggle/input/notebooks/aaryanadutta/nb13-200-sih/nb13_india_transfer,
India_175519,India,f7eec88caa65097fadf0,0,ok,f7eec88caa65097fadf0.npz,EPSG:32643,0.9993,1.0,1.0,S2B_T43RFQ_20231004T054609_L2A,2023-10-04T05:50:19.156000Z,76.19210666666667,30.802993333333333,/kaggle/input/notebooks/aaryanadutta/nb13-200-sih/nb13_india_transfer,
India_916321,India,e92639b4ecbe0b2ab628,0,ok,e92639b4ecbe0b2ab628.npz,EPSG:32642,0.9989,0.9968,1.0,S2B_T42QWL_20230212T060437_L2A,2023-02-12T06:12:42.669000Z,69.46309000000001,23.35768333333333,/kaggle/input/notebooks/aaryanadutta/nb13-200-sih/nb13_india_transfer,
India_602312,India,9a165e5bdded532cf700,1,ok,9a165e5bdded532cf700.npz,EPSG:32645,1.0,1.0,1.0,S2B_T45QUG_20230313T045258_L2A,2023-03-13T05:02:10.339000Z,85.8391952631579,23.7756050877193,/kaggle/input/notebooks/aaryanadutta/nb13-200-sih/nb13_india_transfer,
India_450150,India,5d639d8a157db94f8887,0,ok,5d639d8a157db94f8887.npz,EPSG:32643,1.0,1.0,1.0,S2A_T43RFP_20231115T053059_L2A,2023-11-15T05:40:36.150000Z,76.64267,29.97328333333333,/kaggle/input/notebooks/aaryanadutta/nb13-200-sih/nb13_india_transfer,
India_928915,India,7e65a4a97eca57d594c2,0,ok,7e65a4a97eca57d594c2.npz,EPSG:32644,0.9982,1.0,1.0,S2A_T44PLT_20230314T051815_L2A,2023-03-14T05:25:32.127000Z,79.19626,11.54979,/kaggle/input/notebooks/aaryanadutta/nb13-200-sih/nb13_india_transfer,
India_468438,India,c350bcf19949369dfe0d,1,ok,c350bcf19949369dfe0d.npz,EPSG:32643,1.0,1.0,1.0,S2B_T42QZJ_20221218T054234_L2A,2022-12-18T05:53:08.056000Z,72.668992,21.166242,/kaggle/input/notebooks/aaryanadutta/nb13-200-sih/nb13_india_transfer,
India_738976,India,59ae775ae3abeb8d437b,0,ok,59ae775ae3abeb8d437b.npz,EPSG:32643,1.0,1.0,1.0,S2B_T43QDA_20230114T053155_L2A,2023-01-14T05:43:49.101000Z,75.00822,18.60083,/kaggle/input/notebooks/aaryanadutta/nb13-200-sih/nb13_india_transfer,
India_287846,India,95f25502154a5483842c,0,ok,95f25502154a5483842c.npz,EPSG:32644,0.944,1.0,1.0,S2B_T44QLD_20230227T051601_L2A,2023-02-27T05:24:14.407000Z,79.88020499999999,16.381230000000002,/kaggle/input/notebooks/aaryanadutta/nb13-200-sih/nb13_india_transfer,
India_137792,India,1f508a14581fc506abae,1,ok,1f508a14581fc506abae.npz,EPSG:32642,1.0,1.0,1.0,S2B_T42RYP_20240524T055946_L2A,2024-05-24T06:01:58.599000Z,71.74980333333333,25.30199,/kaggle/input/notebooks/aaryanadutta/nb13-200-sih/nb13_india_transfer,
India_776944,India,826ba2f4b57e0bab66a1,0,ok,826ba2f4b57e0bab66a1.npz,EPSG:32643,0.9835,1.0,1.0,S2B_T43QED_20240319T054135_L2A,2024-03-19T05:43:05.702000Z,75.40291,21.32562,/kaggle/input/notebooks/aaryanadutta/nb13-200-sih/nb13_india_transfer,
India_196482,India,7c51371c5fa731ea62ea,0,ok,7c51371c5fa731ea62ea.npz,EPSG:32644,0.9963,1.0,1.0,S2B_T44QPF_20231111T050809_L2A,2023-11-11T05:13:40.734000Z,82.3603,18.0602,/kaggle/input/notebooks/aaryanadutta/nb13-200-sih/nb13_india_transfer,
India_556182,India,fb7bc79eae7a1fa17052,1,ok,fb7bc79eae7a1fa17052.npz,EPSG:32646,1.0,1.0,1.0,S2A_T46RFQ_20231114T042757_L2A,2023-11-14T04:31:04.038000Z,94.1739909090909,26.447754545454544,/kaggle/input/notebooks/aaryanadutta/nb13-200-sih/nb13_india_transfer,
India_31373,India,6d45d15dc61116a5ab3a,0,ok,6d45d15dc61116a5ab3a.npz,EPSG:32643,1.0,1.0,1.0,S2A_T43QEF_20240203T053030_L2A,2024-02-03T05:42:33.026000Z,75.65555,23.05014,/kaggle/input/notebooks/aaryanadutta/nb13-200-sih/nb13_india_transfer,
India_57912,India,a629e44b129ce1dc82b8,0,ok,a629e44b129ce1dc82b8.npz,EPSG:32643,1.0,1.0,1.0,S2A_T43REP_20241013T054552_L2A,2024-10-13T05:50:35.409000Z,75.31147222222222,30.53129,/kaggle/input/notebooks/aaryanadutta/nb13-200-sih/nb13_india_transfer,
India_188751,India,0f1d58c05c83d9a1d3a3,1,ok,0f1d58c05c83d9a1d3a3.npz,EPSG:32646,1.0,1.0,1.0,S2A_T46RFQ_20231114T042757_L2A,2023-11-14T04:31:04.038000Z,94.7957,27.0103,/kaggle/input/notebooks/aaryanadutta/nb13-200-sih/nb13_india_transfer,
India_228152,India,1e23197fdae787a7cb89,0,ok,1e23197fdae787a7cb89.npz,EPSG:32643,0.9594,0.9008,1.0,S2B_T43QFU_20230401T052512_L2A,2023-04-01T05:34:21.522000Z,76.4582,16.995235,/kaggle/input/notebooks/aaryanadutta/nb13-200-sih/nb13_india_transfer,
India_590172,India,7f99e900210d63ea0347,0,ok,7f99e900210d63ea0347.npz,EPSG:32646,1.0,1.0,1.0,S2A_T46RFS_20231114T042757_L2A,2023-11-14T04:30:35.064000Z,94.60831,28.22059,/kaggle/input/notebooks/aaryanadutta/nb13-200-sih/nb13_india_transfer,
India_3378,India,4e2d1fc392d04237024f,1,ok,4e2d1fc392d04237024f.npz,EPSG:32642,0.99655,0.9936,1.0,S2B_T42QWK_20241031T055945_L2A,2024-10-31T06:03:03.041000Z,69.88921,22.339559166666664,/kaggle/input/notebooks/aaryanadutta/nb13-200-sih/nb13_india_transfer,
India_876211,India,dd0b3313b7470f5c35fd,0,ok,dd0b3313b7470f5c35fd.npz,EPSG:32644,0.9996,1.0,1.0,S2B_T44QME_20230224T050739_L2A,2023-02-24T05:14:00.519000Z,80.79546,17.47127,/kaggle/input/notebooks/aaryanadutta/nb13-200-sih/nb13_india_transfer,
India_826442,India,f6b107e32842df7a7773,0,ok,f6b107e32842df7a7773.npz,EPSG:32642,1.0,1.0,1.0,S2B_T42QYK_20240105T055232_L2A,2024-01-05T06:02:56.525000Z,71.18945000000001,21.612943333333334,/kaggle/input/notebooks/aaryanadutta/nb13-200-sih/nb13_india_transfer,
India_187081,India,777861b7d799a5460d44,1,ok,777861b7d799a5460d44.npz,EPSG:32646,1.0,1.0,1.0,S2A_T46RGR_20230108T042807_L2A,2023-01-08T04:30:45.623000Z,95.194445,27.381315,/kaggle/input/notebooks/aaryanadutta/nb13-200-sih/nb13_india_transfer,
India_843413,India,3a769bb10015bfec013f,0,ok,3a769bb10015bfec013f.npz,EPSG:32644,1.0,1.0,1.0,S2A_T43QHV_20221224T052359_L2A,2022-12-24T05:24:06.911000Z,78.7784,17.29239,/kaggle/input/notebooks/aaryanadutta/nb13-200-sih/nb13_india_transfer,
India_233386,India,55e6089e305415904e77,0,ok,55e6089e305415904e77.npz,EPSG:32644,0.9997,1.0,1.0,S2A_T44RNR_20230513T051520_L2A,2023-05-13T05:21:12.632000Z,81.2988,27.3549,/kaggle/input/notebooks/aaryanadutta/nb13-200-sih/nb13_india_transfer,
India_811360,India,944f2d3ad09d7c728fd0,1,ok,944f2d3ad09d7c728fd0.npz,EPSG:32644,0.8966,1.0,1.0,S2A_T44QPD_20230301T051224_L2A,2023-03-01T05:14:05.350000Z,82.14677,16.86598,/kaggle/input/notebooks/aaryanadutta/nb13-200-sih/nb13_india_transfer,
India_905301,India,8bc45559e917d639257f,0,ok,8bc45559e917d639257f.npz,EPSG:32643,1.0,1.0,1.0,S2A_T43RGH_20230208T054008_L2A,2023-02-08T05:42:00.308000Z,77.07856,24.881014999999998,/kaggle/input/notebooks/aaryanadutta/nb13-200-sih/nb13_india_transfer,
India_98260,India,dd1ac7e9f93f0212a3ce,0,ok,dd1ac7e9f93f0212a3ce.npz,EPSG:32643,1.0,1.0,1.0,S2B_T43SER_20231024T054204_L2A,2023-10-24T05:50:09.011000Z,75.5486675,31.92688625,/kaggle/input/notebooks/aaryanadutta/nb13-200-sih/nb13_india_transfer,
India_823237,India,4f6dc5e68573d3fa44f7,1,ok,4f6dc5e68573d3fa44f7.npz,EPSG:32646,1.0,1.0,1.0,S2A_T46RFQ_20231114T042757_L2A,2023-11-14T04:31:04.038000Z,94.50609287671233,26.772755753424658,/kaggle/input/notebooks/aaryanadutta/nb13-200-sih/nb13_india_transfer,
India_266959,India,5afbac7e41865a314628,0,ok,5afbac7e41865a314628.npz,EPSG:32643,0.93355,0.904,1.0,S2A_T43RGQ_20241129T053157_L2A,2024-11-29T05:40:18.618000Z,77.42633000000001,30.75618,/kaggle/input/notebooks/aaryanadutta/nb13-200-sih/nb13_india_transfer,
India_773953,India,9e0e3ed6dd00acd35e0a,0,ok,9e0e3ed6dd00acd35e0a.npz,EPSG:32643,1.0,1.0,1.0,S2B_T43QHE_20221222T052753_L2A,2022-12-22T05:32:45.901000Z,77.91347,21.85352,/kaggle/input/notebooks/aaryanadutta/nb13-200-sih/nb13_india_transfer,
India_371858,India,5231bf2a24586d7807a7,1,ok,5231bf2a24586d7807a7.npz,EPSG:32643,1.0,1.0,1.0,S2B_T43QBE_20241127T054324_L2A,2024-11-27T05:52:59.069000Z,73.01191181818182,21.73874545454545,/kaggle/input/notebooks/aaryanadutta/nb13-200-sih/nb13_india_transfer,
India_425087,India,13afbd4fc60e035e13dc,0,ok,13afbd4fc60e035e13dc.npz,EPSG:32644,0.9832,1.0,1.0,S2A_T44QQG_20230130T051047_L2A,2023-01-30T05:13:19.346000Z,83.17536,19.56538,/kaggle/input/notebooks/aaryanadutta/nb13-200-sih/nb13_india_transfer,
India_639273,India,7fa66bee6168c9bc6c9a,0,ok,7fa66bee6168c9bc6c9a.npz,EPSG:32644,0.98945,1.0,1.0,S2A_T44QMF_20240217T051716_L2A,2024-02-17T05:23:38.797000Z,80.3014525,18.33748375,/kaggle/input/notebooks/aaryanadutta/nb13-200-sih/nb13_india_transfer,
India_850928,India,75f378952f9b9a926181,1,ok,75f378952f9b9a926181.npz,EPSG:32646,0.9975,1.0,1.0,S2A_T46QCM_20230302T043937_L2A,2023-03-02T04:41:51.391000Z,91.20182,23.63128,/kaggle/input/notebooks/aaryanadutta/nb13-200-sih/nb13_india_transfer,
India_448765,India,13a16e2d643326ddc341,0,ok,13a16e2d643326ddc341.npz,EPSG:32643,1.0,1.0,1.0,S2A_T43REQ_20221213T054232_L2A,2022-12-13T05:50:22.352000Z,75.30999,31.049795000000003,/kaggle/input/notebooks/aaryanadutta/nb13-200-sih/nb13_india_transfer,
India_52746,India,360e4ca96ca247ef25a0,0,ok,360e4ca96ca247ef25a0.npz,EPSG:32643,0.9987,1.0,1.0,S2A_T43REP_20241013T054552_L2A,2024-10-13T05:50:35.409000Z,75.96802230769231,30.243334615384615,/kaggle/input/notebooks/aaryanadutta/nb13-200-sih/nb13_india_transfer,
India_318490,India,7d04565063aae98ec07e,1,ok,7d04565063aae98ec07e.npz,EPSG:32643,0.9983,1.0,1.0,S2A_T43QBG_20241112T054053_L2A,2024-11-12T05:52:27.070000Z,72.4071475,23.543723,/kaggle/input/notebooks/aaryanadutta/nb13-200-sih/nb13_india_transfer,
India_19065,India,cd64265658405d06918f,0,ok,cd64265658405d06918f.npz,EPSG:32643,1.0,1.0,1.0,S2A_T43QEF_20240203T053030_L2A,2024-02-03T05:42:33.026000Z,75.14675,22.61011,/kaggle/input/notebooks/aaryanadutta/nb13-200-sih/nb13_india_transfer,
India_981915,India,28a7201756f1198b0c18,0,ok,28a7201756f1198b0c18.npz,EPSG:32643,0.999,1.0,1.0,S2B_T43RCN_20230308T054253_L2A,2023-03-08T05:51:01.873000Z,73.71861,29.19874,/kaggle/input/notebooks/aaryanadutta/nb13-200-sih/nb13_india_transfer,
India_465737,India,ffab8556599e85b6c27b,1,ok,ffab8556599e85b6c27b.npz,EPSG:32646,1.0,1.0,1.0,S2A_T46RGR_20230108T042807_L2A,2023-01-08T04:30:45.623000Z,95.394125,27.301705,/kaggle/input/notebooks/aaryanadutta/nb13-200-sih/nb13_india_transfer,
India_816401,India,050ebbe3fb25f1d2acc0,0,ok,050ebbe3fb25f1d2acc0.npz,EPSG:32643,1.0,1.0,1.0,S2A_T43RGN_20230608T053650_L2A,2023-06-08T05:40:52.556000Z,77.91259666666667,29.20089333333333,/kaggle/input/notebooks/aaryanadutta/nb13-200-sih/nb13_india_transfer,
India_731680,India,762e68e520e6daae28cc,0,ok,762e68e520e6daae28cc.npz,EPSG:32644,0.9974,1.0,1.0,S2B_T44RQQ_20240229T051052_L2A,2024-02-29T05:11:23.429000Z,83.31351,26.449645,/kaggle/input/notebooks/aaryanadutta/nb13-200-sih/nb13_india_transfer,
India_936021,India,eea70e009829a8a83c7a,1,ok,eea70e009829a8a83c7a.npz,EPSG:32643,1.0,1.0,1.0,S2B_T43REN_20221208T054220_L2A,2022-12-08T05:50:47.292000Z,75.43927,29.01114,/kaggle/input/notebooks/aaryanadutta/nb13-200-sih/nb13_india_transfer,
India_495834,India,63556e5137b3be3fd436,0,ok,63556e5137b3be3fd436.npz,EPSG:32646,0.9994,1.0,1.0,S2B_T46RFP_20240308T042959_L2A,2024-03-08T04:31:13.952000Z,94.60802,25.47307,/kaggle/input/notebooks/aaryanadutta/nb13-200-sih/nb13_india_transfer,
India_14397,India,26c22d6c880db61d0471,0,ok,26c22d6c880db61d0471.npz,EPSG:32646,1.0,1.0,1.0,S2B_T46REN_20240308T042959_L2A,2024-03-08T04:31:31.806000Z,93.655662,25.107826,/kaggle/input/notebooks/aaryanadutta/nb13-200-sih/nb13_india_transfer,
India_915623,India,f63518c42d1b5b16f9b5,1,ok,f63518c42d1b5b16f9b5.npz,EPSG:32646,1.0,1.0,1.0,S2B_T46REP_20230103T042448_L2A,2023-01-03T04:31:21.365000Z,93.89175,26.05667,/kaggle/input/notebooks/aaryanadutta/nb13-200-sih/nb13_india_transfer,
India_170994,India,69463ca7fdf0357d643f,0,ok,69463ca7fdf0357d643f.npz,EPSG:32643,1.0,1.0,1.0,S2B_T43REN_20221208T054220_L2A,2022-12-08T05:50:47.292000Z,75.11556,29.637115,/kaggle/input/notebooks/aaryanadutta/nb13-200-sih/nb13_india_transfer,
India_341904,India,1c50699ec9006567d47c,0,ok,1c50699ec9006567d47c.npz,EPSG:32646,0.98195,1.0,1.0,S2B_T46QDK_20220319T042930_L2A,2022-03-19T04:32:22.408000Z,92.83778,22.24804,/kaggle/input/notebooks/aaryanadutta/nb13-200-sih/nb13_india_transfer,
India_304403,India,0593e52b6dd699ee7bd4,1,ok,0593e52b6dd699ee7bd4.npz,EPSG:32646,1.0,1.0,1.0,S2B_T46RCP_20240210T043557_L2A,2024-02-10T04:41:25.819000Z,91.8076146875,26.1888359375,/kaggle/input/notebooks/aaryanadutta/nb13-200-sih/nb13_india_transfer,
India_853433,India,6c1d623f135aa4f13f88,0,ok,6c1d623f135aa4f13f88.npz,EPSG:32644,0.99375,1.0,1.0,S2A_T44QLE_20240328T051856_L2A,2024-03-28T05:23:59.363000Z,79.74021666666665,17.42641,/kaggle/input/notebooks/aaryanadutta/nb13-200-sih/nb13_india_transfer,
India_338971,India,b1e03a9e56581d034701,0,ok,b1e03a9e56581d034701.npz,EPSG:32644,0.99345,1.0,1.0,S2A_T44QPE_20230110T050156_L2A,2023-01-10T05:13:52.051000Z,82.57089,17.787771666666668,/kaggle/input/notebooks/aaryanadutta/nb13-200-sih/nb13_india_transfer,
India_984986,India,52ab73ec236fb0fa4ae0,1,ok,52ab73ec236fb0fa4ae0.npz,EPSG:32646,1.0,1.0,1.0,S2A_T46RGR_20230108T042807_L2A,2023-01-08T04:30:45.623000Z,95.34540142857144,27.221815,/kaggle/input/notebooks/aaryanadutta/nb13-200-sih/nb13_india_transfer,
India_764509,India,8c6306b7eb931af09608,0,ok,8c6306b7eb931af09608.npz,EPSG:32643,0.8152,1.0,1.0,S2B_T43SES_20221218T054234_L2A,2022-12-18T05:49:52.016000Z,75.15576,33.18829,/kaggle/input/notebooks/aaryanadutta/nb13-200-sih/nb13_india_transfer,
India_434499,India,d3294d950da7d0db4ea5,0,ok,d3294d950da7d0db4ea5.npz,EPSG:32644,1.0,1.0,1.0,S2A_T44RLT_20231122T052116_L2A,2023-11-22T05:30:42.715000Z,79.21384,28.94629,/kaggle/input/notebooks/aaryanadutta/nb13-200-sih/nb13_india_transfer,
India_326084,India,13acd68901b0614115c6,1,ok,13acd68901b0614115c6.npz,EPSG:32646,1.0,1.0,1.0,S2A_T46RFQ_20231114T042757_L2A,2023-11-14T04:31:04.038000Z,94.04793833333333,26.293948333333333,/kaggle/input/notebooks/aaryanadutta/nb13-200-sih/nb13_india_transfer,
India_931742,India,2988f691047d1f21c18b,0,ok,2988f691047d1f21c18b.npz,EPSG:32644,1.0,1.0,1.0,S2B_T44QKH_20240205T053130_L2A,2024-02-05T05:33:12.806000Z,78.70909,19.98614,/kaggle/input/notebooks/aaryanadutta/nb13-200-sih/nb13_india_transfer,
India_794487,India,59f61c1e34457d16f3b1,0,ok,59f61c1e34457d16f3b1.npz,EPSG:32644,0.9999,1.0,1.0,S2B_T44QQM_20230306T050332_L2A,2023-03-06T05:12:11.907000Z,83.83027,23.93949,/kaggle/input/notebooks/aaryanadutta/nb13-200-sih/nb13_india_transfer,
India_334738,India,f3c20d874281d7079b35,1,ok,f3c20d874281d7079b35.npz,EPSG:32643,0.990825,1.0,1.0,S2B_T42QZK_20241028T055122_L2A,2024-10-28T05:52:59.303000Z,72.68135333333333,21.90824388888889,/kaggle/input/notebooks/aaryanadutta/nb13-200-sih/nb13_india_transfer,
India_234448,India,1c5f3ef536e785dd3310,0,ok,1c5f3ef536e785dd3310.npz,EPSG:32643,0.9988,1.0,1.0,S2A_T43RGN_20230608T053650_L2A,2023-06-08T05:40:52.556000Z,77.5712,29.6355,/kaggle/input/notebooks/aaryanadutta/nb13-200-sih/nb13_india_transfer,
India_275683,India,23a52478a592cf6a90db,0,ok,23a52478a592cf6a90db.npz,EPSG:32646,1.0,1.0,1.0,S2B_T45RYK_20240311T044033_L2A,2024-03-11T04:41:16.172000Z,90.087,26.6289,,
India_558271,India,f2d1075a08bf95214b46,1,ok,f2d1075a08bf95214b46.npz,EPSG:32643,1.0,1.0,1.0,S2A_T43QBG_20241112T054053_L2A,2024-11-12T05:52:27.070000Z,72.47504,23.44883,,
India_869830,India,0c9d87b7c1d239c22f27,0,ok,0c9d87b7c1d239c22f27.npz,EPSG:32643,1.0,1.0,1.0,S2B_T43PEP_20230312T052443_L2A,2023-03-12T05:35:40.411000Z,75.8000975,11.950985,,
India_507188,India,bf2fb420c9102536bd13,0,ok,bf2fb420c9102536bd13.npz,EPSG:32643,1.0,1.0,1.0,S2B_T43QCV_20240309T054156_L2A,2024-03-09T05:44:05.780000Z,73.55238,17.76,,
India_453629,India,0ce4104e8893e5b82d9f,1,ok,0ce4104e8893e5b82d9f.npz,EPSG:32645,0.96305,1.0,1.0,S2B_T45QVC_20230228T044920_L2A,2023-02-28T04:53:05.776000Z,86.61829499999999,20.30628,,
India_537434,India,d570b43b5cbc190e4599,0,ok,d570b43b5cbc190e4599.npz,EPSG:32644,0.9994,1.0,1.0,S2A_T44QLE_20240328T051856_L2A,2024-03-28T05:23:59.363000Z,79.9482,17.42107,,
India_24955,India,27f1dd4a05123bb6ca7d,0,ok,27f1dd4a05123bb6ca7d.npz,EPSG:32643,0.89815,0.8312,1.0,S2B_T43QGE_20241101T052722_L2A,2024-11-01T05:32:49.092000Z,77.366716,22.392986,,
India_932445,India,26414003fed759cdde38,1,ok,26414003fed759cdde38.npz,EPSG:32643,0.98745,0.9936,1.0,S2B_T42QZK_20241028T055122_L2A,2024-10-28T05:52:59.303000Z,72.81026,22.09689,,
India_449096,India,370706c5fe90bee00055,0,ok,370706c5fe90bee00055.npz,EPSG:32646,0.97785,1.0,1.0,S2A_T46RFR_20240522T042209_L2A,2024-05-22T04:30:50.273000Z,94.24046,27.3936,,
India_957698,India,1eb87c6f6fb8e92faf7a,0,ok,1eb87c6f6fb8e92faf7a.npz,EPSG:32645,0.9978,1.0,1.0,S2B_T45RVH_20230303T050149_L2A,2023-03-03T05:01:55.509000Z,86.84781,24.45384,,
India_987289,India,98d2897114e93d5522a0,1,ok,98d2897114e93d5522a0.npz,EPSG:32644,0.9498,1.0,1.0,S2B_T44QND_20230306T051219_L2A,2023-03-06T05:14:14.542000Z,81.66907,16.66684,,
India_181547,India,a709a4373fdb17ca1ebb,0,ok,a709a4373fdb17ca1ebb.npz,EPSG:32644,0.9936,1.0,1.0,S2B_T44RPP_20240229T051052_L2A,2024-02-29T05:11:40.942000Z,82.872765,25.914859999999997,,
India_15357,India,6088aaf794b24d628f8d,0,ok,6088aaf794b24d628f8d.npz,EPSG:32646,0.9868,0.9872,1.0,S2B_T46RDP_20240210T043557_L2A,2024-02-10T04:41:21.859000Z,92.3731,26.025435,,
India_953973,India,31eaaa4f38da3f78487b,1,ok,31eaaa4f38da3f78487b.npz,EPSG:32643,1.0,1.0,1.0,S2B_T42QZJ_20221218T054234_L2A,2022-12-18T05:53:08.056000Z,72.73232,21.48033,,
India_524488,India,1927b13bf5e902f74408,0,ok,1927b13bf5e902f74408.npz,EPSG:32643,0.999925,1.0,1.0,S2B_T43RFJ_20230203T053321_L2A,2023-02-03T05:41:47.115000Z,76.036,25.31344,,
India_467966,India,0b051f4db1113458fcc0,0,ok,0b051f4db1113458fcc0.npz,EPSG:32644,0.99995,1.0,1.0,S2B_T44QPJ_20230125T051013_L2A,2023-01-25T05:12:53.634000Z,82.07107333333333,21.258893333333333,,
India_142386,India,b1c3777b6f3270e87852,0,ok,b1c3777b6f3270e87852.npz,EPSG:32643,1.0,1.0,1.0,S2A_T43QCE_20230228T053351_L2A,2023-02-28T05:42:55.875000Z,73.990668,22.212837999999998,,
India_254565,India,e60fa1feffdd8c81b10c,0,ok,e60fa1feffdd8c81b10c.npz,EPSG:32645,1.0,1.0,1.0,S2A_T45QTE_20241227T045528_L2A,2024-12-27T05:02:39.374000Z,84.75166833333334,22.132785,,
India_320254,India,29fa4b7625aac587829c,0,ok,29fa4b7625aac587829c.npz,EPSG:32643,1.0,1.0,1.0,S2B_T43QCU_20230305T053523_L2A,2023-03-05T05:44:27.952000Z,73.99753,16.79718,,
India_175902,India,1ea9b3a6153ceaa17edd,0,ok,1ea9b3a6153ceaa17edd.npz,EPSG:32643,0.9944,1.0,1.0,S2A_T43RFN_20241010T053314_L2A,2024-10-10T05:40:49.211000Z,76.65929,29.37851,,
India_518845,India,a2c67563712cf83ce217,0,ok,a2c67563712cf83ce217.npz,EPSG:32644,0.9996,1.0,1.0,S2B_T44QLJ_20240113T051714_L2A,2024-01-13T05:22:59.336000Z,79.97729,21.31285,,
India_367749,India,ea3da48c5a8cdaa99207,0,ok,ea3da48c5a8cdaa99207.npz,EPSG:32644,1.0,1.0,1.0,S2A_T44QPM_20240125T050059_L2A,2024-01-25T05:12:05.927000Z,82.494295,23.741142500000002,,
India_809021,India,4abf52d0510e1fca1a8a,0,ok,4abf52d0510e1fca1a8a.npz,EPSG:32643,0.9998,1.0,1.0,S2B_T43QGG_20230312T052443_L2A,2023-03-12T05:32:24.813000Z,77.4201,23.43922,,
India_342166,India,5a5a62fecaca34e356a0,0,ok,5a5a62fecaca34e356a0.npz,EPSG:32646,0.9836,1.0,1.0,S2B_T46RCP_20240210T043557_L2A,2024-02-10T04:41:25.819000Z,91.70047500000001,25.585884999999998,,
India_252982,India,c11d4dc472bbfb1970a5,0,ok,c11d4dc472bbfb1970a5.npz,EPSG:32644,0.9716,0.9352,1.0,S2B_T44RQN_20240229T051052_L2A,2024-02-29T05:11:52.557000Z,83.3443,24.8799,,
India_164952,India,a8a2428b8f804cc55f85,0,ok,a8a2428b8f804cc55f85.npz,EPSG:32644,0.9968,0.9984,1.0,S2B_T44RMR_20231008T052542_L2A,2023-10-08T05:31:12.458000Z,80.27108,27.44584,,
India_663349,India,ceb02bfbeba80dba71c6,0,ok,ceb02bfbeba80dba71c6.npz,EPSG:32644,0.84495,0.9744,1.0,S2B_T44RLU_20240309T053132_L2A,2024-03-09T05:40:18.809000Z,78.93008,30.18223,,
India_674342,India,5a589f6d8ae985a17937,0,ok,5a589f6d8ae985a17937.npz,EPSG:32645,0.97465,1.0,1.0,S2B_T45QVE_20230221T050037_L2A,2023-02-21T05:02:30.651000Z,86.2106,22.409823333333335,,
India_242612,India,3625b736cd086b1689b9,0,ok,3625b736cd086b1689b9.npz,EPSG:32646,1.0,1.0,1.0,S2A_T46RFQ_20231114T042757_L2A,2023-11-14T04:31:04.038000Z,94.5544,26.4543,,
India_73660,India,615c963e7074c77434b2,0,ok,615c963e7074c77434b2.npz,EPSG:32644,1.0,1.0,1.0,S2A_T44QME_20240227T052054_L2A,2024-02-27T05:23:54.823000Z,80.17470666666667,17.80524,,
India_188037,India,3f0bc17d80876598c8b1,0,ok,3f0bc17d80876598c8b1.npz,EPSG:32643,0.999,0.9992,1.0,S2B_T43QCU_20230305T053523_L2A,2023-03-05T05:44:27.952000Z,73.76418333333334,16.70096,,
India_247971,India,2ac316d50e29593867f7,0,ok,2ac316d50e29593867f7.npz,EPSG:32643,1.0,1.0,1.0,S2B_T43QGF_20230111T052604_L2A,2023-01-11T05:32:31.049000Z,77.46264333333333,22.78918333333333,,
India_985250,India,7642eb4717d47aea24d4,0,ok,7642eb4717d47aea24d4.npz,EPSG:32644,0.9999,1.0,1.0,S2B_T44QKF_20230528T051854_L2A,2023-05-28T05:23:52.474000Z,78.84026,18.29421,,
India_894584,India,a99d2fc509572e1b5422,0,ok,a99d2fc509572e1b5422.npz,EPSG:32645,1.0,1.0,1.0,S2B_T45QUF_20240327T045157_L2A,2024-03-27T05:02:19.028000Z,85.25566,23.21975,,
India_148461,India,16759a8909a89be022e5,0,ok,16759a8909a89be022e5.npz,EPSG:32643,0.9845,0.8752,1.0,S2A_T43QEE_20240203T053030_L2A,2024-02-03T05:42:47.531000Z,75.81412,22.43152,,
India_957609,India,277aa458a3c27bfeae40,0,ok,277aa458a3c27bfeae40.npz,EPSG:32644,1.0,1.0,1.0,S2A_T44QMH_20230113T052231_L2A,2023-01-13T05:23:09.747000Z,80.65713,20.00464,,
India_907339,India,92a8596407153952f800,0,ok,92a8596407153952f800.npz,EPSG:32642,1.0,1.0,1.0,S2B_T42QVL_20230103T060237_L2A,2023-01-03T06:12:46.186000Z,68.63144,23.355836666666665,,
India_686005,India,b8f18acd91424ec1fb0b,0,ok,b8f18acd91424ec1fb0b.npz,EPSG:32643,0.9993,1.0,1.0,S2B_T43PHR_20230128T052242_L2A,2023-01-28T05:24:59.906000Z,77.93461,13.98358,,
India_605474,India,fccd9ea3de8b328bb883,0,ok,fccd9ea3de8b328bb883.npz,EPSG:32643,0.99825,1.0,1.0,S2B_T43QFD_20241114T053733_L2A,2024-11-14T05:42:58.547000Z,76.38034,21.07866,,
India_924635,India,60e383b1cb71d692f72c,0,ok,60e383b1cb71d692f72c.npz,EPSG:32643,0.9978,0.9792,1.0,S2A_T43QFU_20230307T052919_L2A,2023-03-07T05:34:16.152000Z,76.39563,16.2925,,
India_184828,India,3e93663ef49701d0eced,0,ok,3e93663ef49701d0eced.npz,EPSG:32644,0.9703,0.956,1.0,S2B_T44QPK_20240229T051052_L2A,2024-02-29T05:12:39.384000Z,82.1387,21.9463,,
India_843160,India,04471ae0c3affa52241a,0,ok,04471ae0c3affa52241a.npz,EPSG:32643,1.0,1.0,1.0,S2B_T43QDF_20231230T053232_L2A,2023-12-30T05:42:41.631000Z,74.99659,23.349685,,
India_260054,India,2bf2ff04f32f8e34e84b,0,ok,2bf2ff04f32f8e34e84b.npz,EPSG:32643,1.0,1.0,1.0,S2B_T43REN_20221208T054220_L2A,2022-12-08T05:50:47.292000Z,75.3567,29.5115,,
India_284741,India,1f05ab648f69dedd7034,0,ok,1f05ab648f69dedd7034.npz,EPSG:32644,1.0,1.0,1.0,S2B_T44RPQ_20240202T052012_L2A,2024-02-02T05:21:20.682000Z,82.94212333333333,26.591218333333334,,
India_340425,India,dae972b1b5161eeb1d91,0,ok,dae972b1b5161eeb1d91.npz,EPSG:32646,0.995,1.0,1.0,S2A_T46QDM_20240303T042950_L2A,2024-03-03T04:31:55.532000Z,92.426555,23.831229999999998,,
India_623527,India,ed4c3bef0b56b02d8bf0,0,failed,ed4c3bef0b56b02d8bf0.npz,,,,,,,82.96212333333334,23.577776666666665,,"RuntimeError: No acceptable scene: [{""item"": ""S2B_T44QQM_20230306T050332_L2A"", ""reason"": ""cloud/coverage"", ""clear_fraction"": 0.64}, {""item"": ""S2A_T44QQM_20221231T050215_L2A"", ""reason"": ""cloud/coverage"", ""clear_fraction"": 0.64}, {""item"": ""S2A_T44QQM_20230110T050156_L2A"", ""reason"": ""cloud/coverage"", ""clear_fraction"": 0.64}, {""item"": ""S2A_T44QQM_20230209T050547_L2A"", ""reason"": ""cloud/coverage"", ""clear_fraction"": 0.64}, {""item"": ""S2B_T44QQM_20240310T050448_L2A"", ""reason"": ""cloud/coverage"", ""clear_fraction"": 0.64}, {""item"": ""S2A_T44QQM_20240204T050011_L2A"", ""reason"": ""cloud/coverage"", ""clear_fraction"": 0.64}, {""item"": ""S2B_T44QQM_20240229T051052_L2A"", ""reason"": ""cloud/coverage"", ""clear_fraction"": 0.64}, {""item"": ""S2A_T44QQM_20231106T050003_L2A"", ""reason"": ""cloud/coverage"", ""clear_fraction"": 0.64}]"
India_274324,India,763ce973f57399f04833,0,ok,763ce973f57399f04833.npz,EPSG:32644,0.95875,1.0,1.0,S2A_T44PLV_20240308T052226_L2A,2024-03-08T05:25:11.843000Z,79.3116,13.0581,,
India_783584,India,e1f53493f426753af7d1,0,ok,e1f53493f426753af7d1.npz,EPSG:32644,0.973,0.9984,1.0,S2B_T44QLH_20240323T051727_L2A,2024-03-23T05:23:16.144000Z,79.323805,20.024045,,
India_356965,India,223bb9e9a155d2b4965c,0,ok,223bb9e9a155d2b4965c.npz,EPSG:32644,1.0,1.0,1.0,S2A_T44QMH_20230113T052231_L2A,2023-01-13T05:23:09.747000Z,80.274815,20.205945,,
India_28160,India,0c2b88b049479cb9e5b8,0,ok,0c2b88b049479cb9e5b8.npz,EPSG:32645,0.9998,1.0,1.0,S2B_T45QTD_20230211T050134_L2A,2023-02-11T05:02:51.471000Z,84.55169,21.03175,,
India_528475,India,324c257ba43db520c945,0,ok,324c257ba43db520c945.npz,EPSG:32643,0.9998,1.0,1.0,S2B_T43QGG_20230312T052443_L2A,2023-03-12T05:32:24.813000Z,77.72099,23.463485,,
India_109910,India,5a824154fd41eaa1ef13,0,ok,5a824154fd41eaa1ef13.npz,EPSG:32643,1.0,1.0,1.0,S2B_T43QDV_20231230T053232_L2A,2023-12-30T05:44:08.691000Z,75.01698,17.93807,,
India_13592,India,d56d94ac17f25c13155a,0,ok,d56d94ac17f25c13155a.npz,EPSG:32646,0.9925,0.988,1.0,S2B_T46QDK_20220319T042930_L2A,2022-03-19T04:32:22.408000Z,92.764696,22.50319,,
India_367363,India,5679a508454ed3d5a0ef,0,ok,5679a508454ed3d5a0ef.npz,EPSG:32644,0.9854,1.0,1.0,S2B_T44QKL_20240205T053130_L2A,2024-02-05T05:32:29.875000Z,79.030505,23.197895000000003,,
India_91570,India,94ac37a1b8f6cc8560a7,0,ok,94ac37a1b8f6cc8560a7.npz,EPSG:32644,0.98785,0.9936,1.0,S2A_T44QMK_20230212T051514_L2A,2023-02-12T05:22:41.504000Z,80.12464750000001,22.4214225,,
India_761295,India,6d96532fc72b13d422d2,0,ok,6d96532fc72b13d422d2.npz,EPSG:32646,1.0,1.0,1.0,S2B_T46RCP_20240210T043557_L2A,2024-02-10T04:41:25.819000Z,91.62024,25.703325,,
India_892227,India,9ed829834d96c4ed6099,0,ok,9ed829834d96c4ed6099.npz,EPSG:32644,0.9941,1.0,1.0,S2B_T43QHB_20230309T052025_L2A,2023-03-09T05:23:38.572000Z,78.39931,19.05894,,
India_986246,India,6e9cfca2cf45326d7366,0,ok,6e9cfca2cf45326d7366.npz,EPSG:32644,1.0,1.0,1.0,S2A_T44RLS_20231112T052318_L2A,2023-11-12T05:31:00.568000Z,79.58829,28.77476,,
India_111624,India,e86df84ee010cacfd7f4,0,ok,e86df84ee010cacfd7f4.npz,EPSG:32645,0.9999,0.9984,1.0,S2B_T45RTH_20230306T050332_L2A,2023-03-06T05:11:53.196000Z,84.048224,25.135596,,
India_605144,India,de2a19d33e7fd23f7505,0,ok,de2a19d33e7fd23f7505.npz,EPSG:32645,0.9913,0.9984,1.0,S2B_T45QUG_20230313T045258_L2A,2023-03-13T05:02:10.339000Z,85.27549,23.882689999999997,,
India_96658,India,d6e5324f0a3cb3115f53,0,ok,d6e5324f0a3cb3115f53.npz,EPSG:32642,1.0,1.0,1.0,S2A_T42RXR_20230405T060034_L2A,2023-04-05T06:01:32.566000Z,70.8374,27.4082,,
India_758241,India,84aca3750e9375bc6bb7,0,ok,84aca3750e9375bc6bb7.npz,EPSG:32643,1.0,1.0,1.0,S2B_T43QBC_20241217T054942_L2A,2024-12-17T05:53:27.334000Z,72.819905,20.080325000000002,,
India_559833,India,8e1687415766609b25e0,0,ok,8e1687415766609b25e0.npz,EPSG:32644,1.0,1.0,1.0,S2B_T44QNK_20221229T051316_L2A,2022-12-29T05:22:38.635000Z,81.44225499999999,21.70616,,
India_668942,India,ca6780dd3db7efe3dda2,0,ok,ca6780dd3db7efe3dda2.npz,EPSG:32644,1.0,1.0,1.0,S2B_T44QMM_20240323T051727_L2A,2024-03-23T05:22:14.691000Z,80.54529500000001,23.650565,,
India_69197,India,a2e32aebd784b0b19cab,0,ok,a2e32aebd784b0b19cab.npz,EPSG:32645,0.872625,0.9136,1.0,S2B_T45RTK_20240229T051052_L2A,2024-02-29T05:11:20.051000Z,84.46581,26.58828,,
India_205212,India,ee5d66e04b200838da2d,0,ok,ee5d66e04b200838da2d.npz,EPSG:32643,0.99635,1.0,1.0,S2B_T43QGE_20241101T052722_L2A,2024-11-01T05:32:49.092000Z,77.510615,22.438135,,
India_787995,India,59a02132e1e31aac5267,0,ok,59a02132e1e31aac5267.npz,EPSG:32644,0.992675,1.0,1.0,S2B_T44RLU_20221212T052632_L2A,2022-12-12T05:30:29.542000Z,79.31862,29.95874,,
India_261664,India,8c31673ee8a4624fe303,0,ok,8c31673ee8a4624fe303.npz,EPSG:32643,0.9901,0.9728,1.0,S2A_T43REP_20241013T054552_L2A,2024-10-13T05:50:35.409000Z,75.88874666666668,30.557873333333333,,
India_523638,India,d731e23d9a3566608b7e,0,ok,d731e23d9a3566608b7e.npz,EPSG:32643,1.0,1.0,1.0,S2A_T43QEF_20240203T053030_L2A,2024-02-03T05:42:33.026000Z,75.8392,23.23015,,
India_285846,India,fe7b1b48df8fd57899cf,0,ok,fe7b1b48df8fd57899cf.npz,EPSG:32644,0.97665,0.9392,1.0,S2A_T44RNS_20240308T051202_L2A,2024-03-08T05:20:59.003000Z,81.231875,28.192705,,
India_486022,India,083aeabd3317774767d0,0,ok,083aeabd3317774767d0.npz,EPSG:32644,0.992675,0.9852,1.0,S2B_T43PHR_20230128T052242_L2A,2023-01-28T05:24:59.906000Z,78.1656,14.29263,,
India_740064,India,ae1aca433a630eaae072,0,ok,ae1aca433a630eaae072.npz,EPSG:32644,0.95285,0.8224,1.0,S2A_T44PKU_20230314T051815_L2A,2023-03-14T05:25:26.011000Z,78.60984,12.48692,,
India_270158,India,58033e9e3cf77f6e573c,0,ok,58033e9e3cf77f6e573c.npz,EPSG:32645,0.99215,0.9984,1.0,S2A_T45QVD_20240309T044711_L2A,2024-03-09T04:52:50.918000Z,86.9279,20.8108,,
India_534072,India,cec2c152acbd4b0e2d6d,0,ok,cec2c152acbd4b0e2d6d.npz,EPSG:32643,1.0,1.0,1.0,S2A_T43RFP_20231115T053059_L2A,2023-11-15T05:40:36.150000Z,76.57290333333333,29.75749,,
India_27554,India,e4c5034eae7fc016f78b,0,ok,e4c5034eae7fc016f78b.npz,EPSG:32644,1.0,1.0,1.0,S2B_T43QHF_20221222T052753_L2A,2022-12-22T05:32:31.298000Z,78.25537333333334,23.301190000000002,,
India_784803,India,0aa253b6821daba7a004,0,ok,0aa253b6821daba7a004.npz,EPSG:32644,0.9993,1.0,1.0,S2B_T44QML_20240323T051727_L2A,2024-03-23T05:22:29.251000Z,80.16634,23.02491,,
India_81539,India,9b49030bd76a46e9f882,0,ok,9b49030bd76a46e9f882.npz,EPSG:32646,0.9998,1.0,1.0,S2B_T46REN_20240308T042959_L2A,2024-03-08T04:31:31.806000Z,93.56814750000001,24.87524875,,
India_342906,India,cb8e09e99960d30e0abc,0,ok,cb8e09e99960d30e0abc.npz,EPSG:32644,1.0,1.0,1.0,S2B_T44QPH_20230115T051210_L2A,2023-01-15T05:13:06.644000Z,82.33932,20.11184,,
India_345393,India,9fd6c26eaf411835376a,0,ok,9fd6c26eaf411835376a.npz,EPSG:32644,0.9999,1.0,1.0,S2B_T44QQF_20231111T050809_L2A,2023-11-11T05:13:37.366000Z,83.08916,18.67609,,
India_93503,India,4e2d7159019b53d792c4,0,ok,4e2d7159019b53d792c4.npz,EPSG:32643,0.9714,0.9704,1.0,S2B_T43SDR_20231004T054609_L2A,2023-10-04T05:50:11.625000Z,74.97954,31.73018,,
India_347353,India,83584b48e71c704b1bac,0,ok,83584b48e71c704b1bac.npz,EPSG:32643,0.99925,1.0,1.0,S2B_T43QFE_20231011T053320_L2A,2023-10-11T05:42:49.754000Z,76.10708,22.33811,,
India_744744,India,52332827502641625d4b,0,ok,52332827502641625d4b.npz,EPSG:32643,1.0,1.0,1.0,S2B_T43PCT_20230305T053523_L2A,2023-03-05T05:44:41.820000Z,73.62581,15.9803,,
India_541223,India,88aa5279f00ba1d1f03b,0,ok,88aa5279f00ba1d1f03b.npz,EPSG:32644,0.9997,0.9984,1.0,S2A_T44QME_20240227T052054_L2A,2024-02-27T05:23:54.823000Z,80.4393025,17.240202500000002,,
India_973848,India,76d984d7c820c44a8010,0,ok,76d984d7c820c44a8010.npz,EPSG:32643,0.99905,1.0,1.0,S2B_T43RFQ_20231004T054609_L2A,2023-10-04T05:50:19.156000Z,76.08246,31.503045,,
India_929934,India,c975800f533ccfca6527,0,ok,c975800f533ccfca6527.npz,EPSG:32645,0.9869,0.9824,1.0,S2A_T45QXF_20230305T044808_L2A,2023-03-05T04:52:11.621000Z,88.52735,22.56953,,
India_465880,India,42d332891c525028ad6f,0,ok,42d332891c525028ad6f.npz,EPSG:32644,0.99975,1.0,1.0,S2B_T44QQJ_20240406T045655_L2A,2024-04-06T05:02:55.427000Z,83.72964,21.02169,,
India_195570,India,e7a1e317c6b367f8a20d,0,ok,e7a1e317c6b367f8a20d.npz,EPSG:32644,0.9956,1.0,1.0,S2B_T43QHB_20230309T052025_L2A,2023-03-09T05:23:38.572000Z,78.7977,19.2125,,
India_262529,India,7daee67270a666baafe7,0,ok,7daee67270a666baafe7.npz,EPSG:32643,1.0,1.0,1.0,S2A_T43REP_20241013T054552_L2A,2024-10-13T05:50:35.409000Z,75.15459000000001,30.072475,,
India_210593,India,06d718f8bbb74118f561,0,ok,06d718f8bbb74118f561.npz,EPSG:32643,0.9998,1.0,1.0,S2B_T43QGG_20230312T052443_L2A,2023-03-12T05:32:24.813000Z,77.7286,24.0886,,
India_290383,India,586067e36b133246e3bc,0,ok,586067e36b133246e3bc.npz,EPSG:32643,0.9998,1.0,1.0,S2A_T43RDP_20241013T054552_L2A,2024-10-13T05:50:38.943000Z,74.90896,30.161693333333332,,
India_274388,India,47ae1a6e469385a904d6,0,ok,47ae1a6e469385a904d6.npz,EPSG:32644,0.9997,1.0,1.0,S2B_T44QKD_20230217T051553_L2A,2023-02-17T05:24:15.227000Z,78.5331,16.2917,,
India_882315,India,985edb96f3f7c0cd3966,0,ok,985edb96f3f7c0cd3966.npz,EPSG:32644,0.9998,1.0,1.0,S2B_T44RQQ_20240229T051052_L2A,2024-02-29T05:11:23.429000Z,83.62428,26.5333,,
India_48301,India,6ef4045533bd2cd09274,0,ok,6ef4045533bd2cd09274.npz,EPSG:32644,0.85195,0.8112,1.0,S2B_T44RLU_20221212T052632_L2A,2022-12-12T05:30:29.542000Z,78.98988333333334,29.812390000000004,,
India_549556,India,95cfc891329a25a54c55,0,ok,95cfc891329a25a54c55.npz,EPSG:32643,1.0,1.0,1.0,S2A_T43REQ_20221213T054232_L2A,2022-12-13T05:50:22.352000Z,75.683945,31.5283075,,
India_293912,India,b89d62c0e75e24fc3775,0,ok,b89d62c0e75e24fc3775.npz,EPSG:32643,1.0,1.0,1.0,S2B_T43SES_20221218T054234_L2A,2022-12-18T05:49:52.016000Z,75.37039333333333,32.608224444444446,,
India_922736,India,c087534da96acad520b0,0,ok,c087534da96acad520b0.npz,EPSG:32643,0.97305,1.0,1.0,S2B_T43QDU_20240319T054135_L2A,2024-03-19T05:44:21.603000Z,74.75447,16.72051,,
India_740798,India,ad8f6dd2f259d203ab1b,0,ok,ad8f6dd2f259d203ab1b.npz,EPSG:32643,1.0,1.0,1.0,S2A_T43QDB_20231225T053231_L2A,2023-12-25T05:43:35.383000Z,75.006685,19.675635,,
India_197508,India,fe9857755443217fd6f9,0,ok,fe9857755443217fd6f9.npz,EPSG:32646,0.9995,0.9972,1.0,S2A_T45RZJ_20230411T043801_L2A,2023-04-11T04:41:29.454000Z,90.2318,25.7622,,
India_591255,India,e7f4cec682cd9e644e2d,0,ok,e7f4cec682cd9e644e2d.npz,EPSG:32644,1.0,1.0,1.0,S2B_T44QPH_20230115T051210_L2A,2023-01-15T05:13:06.644000Z,82.29867666666667,19.88358,,
India_80620,India,f8f93133a4f26110c868,0,ok,f8f93133a4f26110c868.npz,EPSG:32644,0.8876,0.8024,1.0,S2B_T44PKA_20230217T051553_L2A,2023-02-17T05:24:54.382000Z,78.9029475,14.2879225,,
