source_id,country,status,full_clear_fraction,full_worldcover_fraction,full_negative_fraction,full_below_minus005_fraction,full_ndvi_valid_fraction,full_ndbi_valid_fraction,full_mndwi_valid_fraction,center_clear_fraction,center_worldcover_fraction,center_negative_fraction,center_below_minus005_fraction,center_ndvi_valid_fraction,center_ndbi_valid_fraction,center_mndwi_valid_fraction,review_reflectance_tail
India_722682,India,ok,0.9871,1.0,0.0,0.0,1.0,1.0,1.0,0.9976,1.0,0.0,0.0,1.0,1.0,1.0,False
India_104808,India,ok,1.0,1.0,0.0,0.0,1.0,1.0,1.0,1.0,1.0,0.0,0.0,1.0,1.0,1.0,False
India_164658,India,ok,0.9992,1.0,0.0,0.0,1.0,1.0,1.0,1.0,1.0,0.0,0.0,1.0,1.0,1.0,False
India_462352,India,ok,1.0,1.0,0.0,0.0,1.0,1.0,1.0,1.0,1.0,0.0,0.0,1.0,1.0,1.0,False
India_150746,India,ok,1.0,1.0,0.0,0.0,1.0,1.0,1.0,1.0,1.0,0.0,0.0,1.0,1.0,1.0,False
India_791469,India,ok,1.0,1.0,0.0,0.0,1.0,1.0,1.0,1.0,1.0,0.0,0.0,1.0,1.0,1.0,False
India_315825,India,ok,0.9999,1.0,0.0,0.0,1.0,1.0,1.0,1.0,1.0,0.0,0.0,1.0,1.0,1.0,False
India_789130,India,ok,1.0,1.0,0.0,0.0,1.0,1.0,1.0,1.0,1.0,0.0,0.0,1.0,1.0,1.0,False
India_255112,India,ok,0.992,1.0,0.0,0.0,1.0,1.0,1.0,1.0,1.0,0.0,0.0,1.0,1.0,1.0,False
India_985898,India,ok,0.9997,1.0,0.0,0.0,1.0,1.0,1.0,1.0,1.0,0.0,0.0,1.0,1.0,1.0,False
India_52601,India,ok,1.0,1.0,0.0,0.0,1.0,1.0,1.0,1.0,1.0,0.0,0.0,1.0,1.0,1.0,False
India_27017,India,ok,0.9998,1.0,0.0,0.0,1.0,1.0,1.0,1.0,1.0,0.0,0.0,1.0,1.0,1.0,False
India_319405,India,ok,1.0,1.0,0.0,0.0,1.0,1.0,1.0,1.0,1.0,0.0,0.0,1.0,1.0,1.0,False
India_222673,India,ok,0.9999,1.0,0.0,0.0,1.0,1.0,1.0,1.0,1.0,0.0,0.0,1.0,1.0,1.0,False
India_556460,India,ok,0.9986,1.0,0.0,0.0,1.0,1.0,1.0,1.0,1.0,0.0,0.0,1.0,1.0,1.0,False
India_303277,India,ok,1.0,1.0,0.0,0.0,1.0,1.0,1.0,1.0,1.0,0.0,0.0,1.0,1.0,1.0,False
India_12509,India,ok,1.0,1.0,0.0,0.0,1.0,1.0,1.0,1.0,1.0,0.0,0.0,1.0,1.0,1.0,False
India_362319,India,ok,0.98775,1.0,0.0,0.0,1.0,1.0,1.0,0.9968,1.0,0.0,0.0,1.0,1.0,1.0,False
India_494240,India,ok,0.925425,1.0,0.0,0.0,1.0,1.0,1.0,0.8388,1.0,0.0,0.0,1.0,1.0,1.0,False
India_525586,India,ok,0.9999,1.0,0.0,0.0,1.0,1.0,1.0,1.0,1.0,0.0,0.0,1.0,1.0,1.0,False
India_610084,India,ok,1.0,1.0,0.0,0.0,1.0,1.0,1.0,1.0,1.0,0.0,0.0,1.0,1.0,1.0,False
India_902739,India,ok,0.987075,1.0,0.0,0.0,1.0,1.0,1.0,0.996,1.0,0.0,0.0,1.0,1.0,1.0,False
India_295479,India,ok,0.9991,1.0,0.0,0.0,1.0,1.0,1.0,1.0,1.0,0.0,0.0,1.0,1.0,1.0,False
India_499366,India,ok,1.0,1.0,0.0,0.0,1.0,1.0,1.0,1.0,1.0,0.0,0.0,1.0,1.0,1.0,False
India_812366,India,ok,1.0,1.0,0.0,0.0,1.0,1.0,1.0,1.0,1.0,0.0,0.0,1.0,1.0,1.0,False
India_665777,India,ok,1.0,1.0,0.0,0.0,1.0,1.0,1.0,1.0,1.0,0.0,0.0,1.0,1.0,1.0,False
India_759878,India,ok,1.0,1.0,0.0,0.0,1.0,1.0,1.0,1.0,1.0,0.0,0.0,1.0,1.0,1.0,False
India_39469,India,ok,0.9974,1.0,0.0,0.0,1.0,1.0,1.0,1.0,1.0,0.0,0.0,1.0,1.0,1.0,False
India_199101,India,ok,0.98345,1.0,0.0,0.0,1.0,1.0,1.0,0.9728,1.0,0.0,0.0,1.0,1.0,1.0,False
India_669850,India,ok,1.0,1.0,0.0,0.0,1.0,1.0,1.0,1.0,1.0,0.0,0.0,1.0,1.0,1.0,False
India_60784,India,ok,0.980025,1.0,0.0,0.0,1.0,1.0,1.0,0.9696,1.0,0.0,0.0,1.0,1.0,1.0,False
India_869609,India,ok,0.9954,1.0,0.0,0.0,1.0,1.0,1.0,1.0,1.0,0.0,0.0,1.0,1.0,1.0,False
India_215708,India,ok,0.9811,1.0,0.0,0.0,1.0,1.0,1.0,0.9904,1.0,0.0,0.0,1.0,1.0,1.0,False
India_957691,India,ok,0.99765,1.0,0.0,0.0,1.0,1.0,1.0,1.0,1.0,0.0,0.0,1.0,1.0,1.0,False
India_772989,India,ok,1.0,1.0,0.0,0.0,1.0,1.0,1.0,1.0,1.0,0.0,0.0,1.0,1.0,1.0,False
India_786263,India,ok,1.0,1.0,0.0,0.0,1.0,1.0,1.0,1.0,1.0,0.0,0.0,1.0,1.0,1.0,False
India_314155,India,ok,1.0,1.0,8.333333333333334e-06,0.0,0.999975,1.0,1.0,1.0,1.0,0.0,0.0,1.0,1.0,1.0,False
India_418808,India,ok,0.975,1.0,0.0,0.0,1.0,1.0,1.0,1.0,1.0,0.0,0.0,1.0,1.0,1.0,False
India_522517,India,ok,0.96215,1.0,0.0,0.0,1.0,1.0,1.0,1.0,1.0,0.0,0.0,1.0,1.0,1.0,False
India_452915,India,ok,0.9988,1.0,0.0,0.0,1.0,1.0,1.0,0.9992,1.0,0.0,0.0,1.0,1.0,1.0,False
India_752974,India,ok,0.9995,1.0,0.0,0.0,1.0,1.0,1.0,1.0,1.0,0.0,0.0,1.0,1.0,1.0,False
India_58175,India,ok,1.0,1.0,0.0,0.0,1.0,1.0,1.0,1.0,1.0,0.0,0.0,1.0,1.0,1.0,False
India_465303,India,ok,1.0,1.0,0.0,0.0,1.0,1.0,1.0,1.0,1.0,0.0,0.0,1.0,1.0,1.0,False
India_625957,India,ok,0.9998,1.0,0.0,0.0,1.0,1.0,1.0,1.0,1.0,0.0,0.0,1.0,1.0,1.0,False
India_830693,India,ok,0.872075,1.0,0.0004156752572886506,0.0,0.997505948456268,0.997505948456268,1.0,0.8224,1.0,0.0,0.0,1.0,1.0,1.0,False
India_549068,India,ok,1.0,1.0,0.0,0.0,1.0,1.0,1.0,1.0,1.0,0.0,0.0,1.0,1.0,1.0,False
India_280220,India,ok,0.9999,1.0,0.0,0.0,1.0,1.0,1.0,1.0,1.0,0.0,0.0,1.0,1.0,1.0,False
India_163008,India,ok,1.0,1.0,0.0,0.0,1.0,1.0,1.0,1.0,1.0,0.0,0.0,1.0,1.0,1.0,False
India_318477,India,ok,0.9974,1.0,0.0,0.0,1.0,1.0,1.0,1.0,1.0,0.0,0.0,1.0,1.0,1.0,False
India_632490,India,ok,0.9494,1.0,0.0,0.0,1.0,1.0,1.0,1.0,1.0,0.0,0.0,1.0,1.0,1.0,False
India_362144,India,ok,1.0,1.0,0.0,0.0,1.0,1.0,1.0,1.0,1.0,0.0,0.0,1.0,1.0,1.0,False
India_699373,India,ok,1.0,1.0,0.0,0.0,1.0,1.0,1.0,1.0,1.0,0.0,0.0,1.0,1.0,1.0,False
India_706746,India,ok,0.9708,1.0,0.0,0.0,1.0,1.0,1.0,0.9976,1.0,0.0,0.0,1.0,1.0,1.0,False
India_706371,India,ok,1.0,1.0,0.0,0.0,1.0,1.0,1.0,1.0,1.0,0.0,0.0,1.0,1.0,1.0,False
India_221309,India,ok,1.0,1.0,0.0,0.0,1.0,1.0,1.0,1.0,1.0,0.0,0.0,1.0,1.0,1.0,False
India_169469,India,ok,1.0,1.0,6.25e-05,0.0,1.0,1.0,1.0,1.0,1.0,0.0,0.0,1.0,1.0,1.0,False
India_678165,India,ok,0.9996,1.0,0.0,0.0,1.0,1.0,1.0,1.0,1.0,0.0,0.0,1.0,1.0,1.0,False
India_859466,India,ok,0.9997,1.0,0.0,0.0,1.0,1.0,1.0,1.0,1.0,0.0,0.0,1.0,1.0,1.0,False
India_45151,India,ok,0.9984,1.0,0.0,0.0,1.0,1.0,1.0,1.0,1.0,0.0,0.0,1.0,1.0,1.0,False
India_954923,India,ok,0.9999,1.0,0.0,0.0,1.0,1.0,1.0,1.0,1.0,0.0,0.0,1.0,1.0,1.0,False
India_785025,India,ok,1.0,1.0,0.0,0.0,1.0,1.0,1.0,1.0,1.0,0.0,0.0,1.0,1.0,1.0,False
India_194148,India,ok,1.0,1.0,0.0,0.0,1.0,1.0,1.0,1.0,1.0,0.0,0.0,1.0,1.0,1.0,False
India_191648,India,ok,1.0,1.0,0.0,0.0,1.0,1.0,1.0,1.0,1.0,0.0,0.0,1.0,1.0,1.0,False
India_722652,India,ok,1.0,1.0,0.0,0.0,1.0,1.0,1.0,1.0,1.0,0.0,0.0,1.0,1.0,1.0,False
India_60586,India,ok,0.99,1.0,0.0,0.0,1.0,1.0,1.0,1.0,1.0,0.0,0.0,1.0,1.0,1.0,False
India_122017,India,ok,0.9811,1.0,0.006400129106784901,0.0,0.9999235551931506,1.0,1.0,1.0,1.0,0.0,0.0,1.0,1.0,1.0,False
India_387242,India,ok,0.9954,1.0,0.0,0.0,1.0,1.0,1.0,1.0,1.0,0.0,0.0,1.0,1.0,1.0,False
India_65931,India,ok,0.9038,1.0,0.0,0.0,1.0,1.0,1.0,0.8304,1.0,0.0,0.0,1.0,1.0,1.0,False
India_240760,India,ok,0.9895,1.0,0.0,0.0,1.0,1.0,1.0,1.0,1.0,0.0,0.0,1.0,1.0,1.0,False
India_446842,India,ok,1.0,1.0,0.0,0.0,1.0,1.0,1.0,1.0,1.0,0.0,0.0,1.0,1.0,1.0,False
India_175979,India,ok,1.0,1.0,0.0,0.0,1.0,1.0,1.0,1.0,1.0,0.0,0.0,1.0,1.0,1.0,False
India_143053,India,ok,1.0,1.0,0.0,0.0,1.0,1.0,1.0,1.0,1.0,0.0,0.0,1.0,1.0,1.0,False
India_742303,India,ok,1.0,1.0,0.0,0.0,1.0,1.0,1.0,1.0,1.0,0.0,0.0,1.0,1.0,1.0,False
India_827555,India,ok,0.9999,1.0,0.0,0.0,1.0,1.0,1.0,1.0,1.0,0.0,0.0,1.0,1.0,1.0,False
India_417615,India,ok,1.0,1.0,0.0,0.0,1.0,1.0,1.0,1.0,1.0,0.0,0.0,1.0,1.0,1.0,False
India_723152,India,ok,1.0,1.0,0.0,0.0,1.0,1.0,1.0,1.0,1.0,0.0,0.0,1.0,1.0,1.0,False
India_984143,India,ok,0.9998,1.0,0.0,0.0,1.0,1.0,1.0,1.0,1.0,0.0,0.0,1.0,1.0,1.0,False
India_249255,India,ok,0.9997,1.0,0.0,0.0,1.0,1.0,1.0,1.0,1.0,0.0,0.0,1.0,1.0,1.0,False
India_303546,India,ok,0.9715,1.0,0.0,0.0,1.0,1.0,1.0,0.9472,1.0,0.0,0.0,1.0,1.0,1.0,False
India_983837,India,ok,0.9998,1.0,0.0,0.0,1.0,1.0,1.0,1.0,1.0,0.0,0.0,1.0,1.0,1.0,False
India_974824,India,ok,1.0,1.0,0.0,0.0,1.0,1.0,1.0,1.0,1.0,0.0,0.0,1.0,1.0,1.0,False
India_741767,India,ok,1.0,1.0,0.0,0.0,1.0,1.0,1.0,1.0,1.0,0.0,0.0,1.0,1.0,1.0,False
India_982216,India,ok,1.0,1.0,0.0,0.0,1.0,1.0,1.0,1.0,1.0,0.0,0.0,1.0,1.0,1.0,False
India_242133,India,ok,0.99255,1.0,0.0,0.0,1.0,1.0,1.0,1.0,1.0,0.0,0.0,1.0,1.0,1.0,False
India_294594,India,ok,0.9993,1.0,0.0,0.0,1.0,1.0,1.0,0.9968,1.0,0.0,0.0,1.0,1.0,1.0,False
India_130685,India,ok,0.997625,1.0,0.0,0.0,1.0,1.0,1.0,1.0,1.0,0.0,0.0,1.0,1.0,1.0,False
India_494960,India,ok,0.9824,1.0,0.0,0.0,1.0,1.0,1.0,0.9904,1.0,0.0,0.0,1.0,1.0,1.0,False
India_930248,India,ok,1.0,1.0,0.0,0.0,1.0,1.0,1.0,1.0,1.0,0.0,0.0,1.0,1.0,1.0,False
India_949675,India,ok,1.0,1.0,0.0,0.0,1.0,1.0,1.0,1.0,1.0,0.0,0.0,1.0,1.0,1.0,False
India_440180,India,ok,0.9993,1.0,0.0,0.0,1.0,1.0,1.0,1.0,1.0,0.0,0.0,1.0,1.0,1.0,False
India_183492,India,ok,0.9999,1.0,0.0,0.0,1.0,1.0,1.0,1.0,1.0,0.0,0.0,1.0,1.0,1.0,False
India_549099,India,ok,0.943575,1.0,0.025938584638211058,0.0,0.9903293325914739,1.0,0.990514797445884,1.0,1.0,0.012866666666666667,0.0,1.0,1.0,1.0,False
India_961743,India,ok,1.0,1.0,0.0,0.0,1.0,1.0,1.0,1.0,1.0,0.0,0.0,1.0,1.0,1.0,False
India_64730,India,ok,1.0,1.0,0.0,0.0,1.0,1.0,1.0,1.0,1.0,0.0,0.0,1.0,1.0,1.0,False
India_452750,India,ok,0.986525,1.0,0.0,0.0,1.0,1.0,1.0,1.0,1.0,0.0,0.0,1.0,1.0,1.0,False
India_318060,India,ok,0.9941,1.0,0.0,0.0,1.0,1.0,1.0,1.0,1.0,0.0,0.0,1.0,1.0,1.0,False
India_991449,India,ok,1.0,1.0,0.0,0.0,1.0,1.0,1.0,1.0,1.0,0.0,0.0,1.0,1.0,1.0,False
India_898476,India,ok,0.9939,1.0,0.0,0.0,1.0,1.0,1.0,0.9944,1.0,0.0,0.0,1.0,1.0,1.0,False
India_69724,India,ok,1.0,1.0,0.0,0.0,1.0,1.0,1.0,1.0,1.0,0.0,0.0,1.0,1.0,1.0,False
India_334951,India,ok,1.0,1.0,0.0,0.0,1.0,1.0,1.0,1.0,1.0,0.0,0.0,1.0,1.0,1.0,False
India_974439,India,ok,0.9815,1.0,0.0,0.0,1.0,1.0,1.0,0.96,1.0,0.0,0.0,1.0,1.0,1.0,False
India_921927,India,ok,1.0,1.0,0.0,0.0,1.0,1.0,1.0,1.0,1.0,0.0,0.0,1.0,1.0,1.0,False
India_217749,India,ok,0.9999,1.0,0.0,0.0,1.0,1.0,1.0,1.0,1.0,0.0,0.0,1.0,1.0,1.0,False
India_716104,India,ok,0.9991,1.0,0.0,0.0,1.0,1.0,1.0,0.9904,1.0,0.0,0.0,1.0,1.0,1.0,False
India_187940,India,ok,0.9933,1.0,4.194771636632102e-06,0.0,1.0,1.0,1.0,0.9992,1.0,0.0,0.0,1.0,1.0,1.0,False
India_924741,India,ok,1.0,1.0,0.0,0.0,1.0,1.0,1.0,1.0,1.0,0.0,0.0,1.0,1.0,1.0,False
India_280183,India,ok,1.0,1.0,0.0,0.0,1.0,1.0,1.0,1.0,1.0,0.0,0.0,1.0,1.0,1.0,False
India_150953,India,ok,0.999,1.0,0.0,0.0,1.0,1.0,1.0,1.0,1.0,0.0,0.0,1.0,1.0,1.0,False
India_303954,India,ok,1.0,1.0,0.0,0.0,1.0,1.0,1.0,1.0,1.0,0.0,0.0,1.0,1.0,1.0,False
India_159084,India,ok,0.998375,1.0,0.0,0.0,1.0,1.0,1.0,1.0,1.0,0.0,0.0,1.0,1.0,1.0,False
India_131235,India,ok,0.9919,1.0,0.0,0.0,1.0,1.0,1.0,1.0,1.0,0.0,0.0,1.0,1.0,1.0,False
India_840478,India,ok,0.9992,1.0,0.0,0.0,1.0,1.0,1.0,1.0,1.0,0.0,0.0,1.0,1.0,1.0,False
India_685335,India,ok,0.9991,1.0,0.0,0.0,1.0,1.0,1.0,1.0,1.0,0.0,0.0,1.0,1.0,1.0,False
India_214277,India,ok,0.943325,1.0,0.0,0.0,1.0,1.0,1.0,0.992,1.0,0.0,0.0,1.0,1.0,1.0,False
India_336978,India,ok,1.0,1.0,0.0,0.0,1.0,1.0,1.0,1.0,1.0,0.0,0.0,1.0,1.0,1.0,False
India_818813,India,ok,1.0,1.0,0.0,0.0,1.0,1.0,1.0,1.0,1.0,0.0,0.0,1.0,1.0,1.0,False
India_559979,India,ok,0.9969,1.0,0.0,0.0,1.0,1.0,1.0,1.0,1.0,0.0,0.0,1.0,1.0,1.0,False
India_330067,India,ok,0.9919,1.0,0.0,0.0,1.0,1.0,1.0,0.9696,1.0,0.0,0.0,1.0,1.0,1.0,False
India_167566,India,ok,1.0,1.0,0.0,0.0,1.0,1.0,1.0,1.0,1.0,0.0,0.0,1.0,1.0,1.0,False
India_180727,India,ok,0.915,1.0,0.0,0.0,1.0,1.0,1.0,1.0,1.0,0.0,0.0,1.0,1.0,1.0,False
India_453785,India,ok,1.0,1.0,0.0,0.0,1.0,1.0,1.0,1.0,1.0,0.0,0.0,1.0,1.0,1.0,False
India_948272,India,ok,0.9816,1.0,0.0,0.0,1.0,1.0,1.0,0.8944,1.0,0.0,0.0,1.0,1.0,1.0,False
India_4336,India,ok,0.9996,1.0,0.0,0.0,1.0,1.0,1.0,1.0,1.0,0.0,0.0,1.0,1.0,1.0,False
India_453784,India,ok,1.0,1.0,0.0,0.0,1.0,1.0,1.0,1.0,1.0,0.0,0.0,1.0,1.0,1.0,False
India_804942,India,ok,1.0,1.0,0.0,0.0,1.0,1.0,1.0,1.0,1.0,0.0,0.0,1.0,1.0,1.0,False
India_950986,India,ok,0.9979,1.0,0.0,0.0,1.0,1.0,1.0,1.0,1.0,0.0,0.0,1.0,1.0,1.0,False
India_778471,India,ok,0.9764,1.0,0.0,0.0,1.0,1.0,1.0,1.0,1.0,0.0,0.0,1.0,1.0,1.0,False
India_755170,India,ok,0.9736,1.0,0.0,0.0,1.0,1.0,1.0,0.9808,1.0,0.0,0.0,1.0,1.0,1.0,False
India_51185,India,ok,1.0,1.0,0.0,0.0,1.0,1.0,1.0,1.0,1.0,0.0,0.0,1.0,1.0,1.0,False
India_218748,India,ok,1.0,1.0,0.0,0.0,1.0,1.0,1.0,1.0,1.0,0.0,0.0,1.0,1.0,1.0,False
India_637613,India,ok,0.9996,1.0,0.0004543484060290783,0.0,1.0,1.0,1.0,1.0,1.0,0.0,0.0,1.0,1.0,1.0,False
India_771911,India,ok,0.9647,1.0,0.0,0.0,1.0,1.0,1.0,1.0,1.0,0.0,0.0,1.0,1.0,1.0,False
India_563236,India,ok,0.9882,1.0,0.0,0.0,1.0,1.0,1.0,1.0,1.0,0.0,0.0,1.0,1.0,1.0,False
India_46806,India,ok,1.0,1.0,0.0,0.0,1.0,1.0,1.0,1.0,1.0,0.0,0.0,1.0,1.0,1.0,False
India_890382,India,ok,0.99175,1.0,0.0,0.0,1.0,1.0,1.0,1.0,1.0,0.0,0.0,1.0,1.0,1.0,False
India_466228,India,ok,1.0,1.0,0.0,0.0,1.0,1.0,1.0,1.0,1.0,0.0,0.0,1.0,1.0,1.0,False
India_260245,India,ok,0.96815,1.0,0.0,0.0,1.0,1.0,1.0,0.9968,1.0,0.0,0.0,1.0,1.0,1.0,False
India_566787,India,ok,1.0,1.0,0.0,0.0,1.0,1.0,1.0,1.0,1.0,0.0,0.0,1.0,1.0,1.0,False
India_448826,India,ok,0.992775,1.0,0.024737058581585286,0.0,0.9996978167258442,0.9996978167258442,1.0,1.0,1.0,0.0012,0.0,1.0,1.0,1.0,False
India_685019,India,ok,0.9988,1.0,0.0,0.0,1.0,1.0,1.0,1.0,1.0,0.0,0.0,1.0,1.0,1.0,False
India_434468,India,ok,0.9978,1.0,0.0,0.0,1.0,1.0,1.0,1.0,1.0,0.0,0.0,1.0,1.0,1.0,False
India_1175,India,ok,1.0,1.0,0.0,0.0,1.0,1.0,1.0,1.0,1.0,0.0,0.0,1.0,1.0,1.0,False
India_175519,India,ok,0.9993,1.0,0.0,0.0,1.0,1.0,1.0,1.0,1.0,0.0,0.0,1.0,1.0,1.0,False
India_916321,India,ok,0.9989,1.0,0.0,0.0,1.0,1.0,1.0,0.9968,1.0,0.0,0.0,1.0,1.0,1.0,False
India_602312,India,ok,1.0,1.0,0.0,0.0,1.0,1.0,1.0,1.0,1.0,0.0,0.0,1.0,1.0,1.0,False
India_450150,India,ok,1.0,1.0,0.0,0.0,1.0,1.0,1.0,1.0,1.0,0.0,0.0,1.0,1.0,1.0,False
India_928915,India,ok,0.9982,1.0,0.0002003606491685033,0.0,1.0,1.0,1.0,1.0,1.0,0.0,0.0,1.0,1.0,1.0,False
India_468438,India,ok,1.0,1.0,0.0,0.0,1.0,1.0,1.0,1.0,1.0,0.0,0.0,1.0,1.0,1.0,False
India_738976,India,ok,1.0,1.0,0.0,0.0,1.0,1.0,1.0,1.0,1.0,0.0,0.0,1.0,1.0,1.0,False
India_287846,India,ok,0.944,1.0,0.0,0.0,1.0,1.0,1.0,1.0,1.0,0.0,0.0,1.0,1.0,1.0,False
India_137792,India,ok,1.0,1.0,0.0,0.0,1.0,1.0,1.0,1.0,1.0,0.0,0.0,1.0,1.0,1.0,False
India_776944,India,ok,0.9835,1.0,0.0,0.0,1.0,1.0,1.0,1.0,1.0,0.0,0.0,1.0,1.0,1.0,False
India_196482,India,ok,0.9963,1.0,0.0,0.0,1.0,1.0,1.0,1.0,1.0,0.0,0.0,1.0,1.0,1.0,False
India_556182,India,ok,1.0,1.0,0.0,0.0,1.0,1.0,1.0,1.0,1.0,0.0,0.0,1.0,1.0,1.0,False
India_31373,India,ok,1.0,1.0,0.0,0.0,1.0,1.0,1.0,1.0,1.0,0.0,0.0,1.0,1.0,1.0,False
India_57912,India,ok,1.0,1.0,0.0,0.0,1.0,1.0,1.0,1.0,1.0,0.0,0.0,1.0,1.0,1.0,False
India_188751,India,ok,1.0,1.0,0.0,0.0,1.0,1.0,1.0,1.0,1.0,0.0,0.0,1.0,1.0,1.0,False
India_228152,India,ok,0.9594,1.0,0.0,0.0,1.0,1.0,1.0,0.9008,1.0,0.0,0.0,1.0,1.0,1.0,False
India_590172,India,ok,1.0,1.0,0.010033333333333333,0.0,0.999975,1.0,1.0,1.0,1.0,0.006933333333333333,0.0,1.0,1.0,1.0,False
India_3378,India,ok,0.99655,1.0,0.0,0.0,1.0,1.0,1.0,0.9936,1.0,0.0,0.0,1.0,1.0,1.0,False
India_876211,India,ok,0.9996,1.0,0.0,0.0,1.0,1.0,1.0,1.0,1.0,0.0,0.0,1.0,1.0,1.0,False
India_826442,India,ok,1.0,1.0,0.0,0.0,1.0,1.0,1.0,1.0,1.0,0.0,0.0,1.0,1.0,1.0,False
India_187081,India,ok,1.0,1.0,0.0,0.0,1.0,1.0,1.0,1.0,1.0,0.0,0.0,1.0,1.0,1.0,False
India_843413,India,ok,1.0,1.0,0.0,0.0,1.0,1.0,1.0,1.0,1.0,0.0,0.0,1.0,1.0,1.0,False
India_233386,India,ok,0.9997,1.0,0.0,0.0,1.0,1.0,1.0,1.0,1.0,0.0,0.0,1.0,1.0,1.0,False
India_811360,India,ok,0.8966,1.0,0.0,0.0,1.0,1.0,1.0,1.0,1.0,0.0,0.0,1.0,1.0,1.0,False
India_905301,India,ok,1.0,1.0,0.0,0.0,1.0,1.0,1.0,1.0,1.0,0.0,0.0,1.0,1.0,1.0,False
India_98260,India,ok,1.0,1.0,0.0,0.0,1.0,1.0,1.0,1.0,1.0,0.0,0.0,1.0,1.0,1.0,False
India_823237,India,ok,1.0,1.0,0.0,0.0,1.0,1.0,1.0,1.0,1.0,0.0,0.0,1.0,1.0,1.0,False
India_266959,India,ok,0.93355,1.0,0.0,0.0,1.0,1.0,1.0,0.904,1.0,0.0,0.0,1.0,1.0,1.0,False
India_773953,India,ok,1.0,1.0,0.0,0.0,1.0,1.0,1.0,1.0,1.0,0.0,0.0,1.0,1.0,1.0,False
India_371858,India,ok,1.0,1.0,0.0,0.0,1.0,1.0,1.0,1.0,1.0,0.0,0.0,1.0,1.0,1.0,False
India_425087,India,ok,0.9832,1.0,0.0008306211011662599,0.0,1.0,1.0,1.0,1.0,1.0,0.0017333333333333333,0.0,1.0,1.0,1.0,False
India_639273,India,ok,0.98945,1.0,0.0,0.0,1.0,1.0,1.0,1.0,1.0,0.0,0.0,1.0,1.0,1.0,False
India_850928,India,ok,0.9975,1.0,0.0,0.0,1.0,1.0,1.0,1.0,1.0,0.0,0.0,1.0,1.0,1.0,False
India_448765,India,ok,1.0,1.0,0.0,0.0,1.0,1.0,1.0,1.0,1.0,0.0,0.0,1.0,1.0,1.0,False
India_52746,India,ok,0.9987,1.0,0.0,0.0,1.0,1.0,1.0,1.0,1.0,0.0,0.0,1.0,1.0,1.0,False
India_318490,India,ok,0.9983,1.0,0.0,0.0,1.0,1.0,1.0,1.0,1.0,0.0,0.0,1.0,1.0,1.0,False
India_19065,India,ok,1.0,1.0,0.0,0.0,1.0,1.0,1.0,1.0,1.0,0.0,0.0,1.0,1.0,1.0,False
India_981915,India,ok,0.999,1.0,5.422088755422089e-05,0.0,0.9996996996996997,1.0,1.0,1.0,1.0,0.0,0.0,1.0,1.0,1.0,False
India_465737,India,ok,1.0,1.0,0.0,0.0,1.0,1.0,1.0,1.0,1.0,0.0,0.0,1.0,1.0,1.0,False
India_816401,India,ok,1.0,1.0,0.0,0.0,1.0,1.0,1.0,1.0,1.0,0.0,0.0,1.0,1.0,1.0,False
India_731680,India,ok,0.9974,1.0,0.0,0.0,1.0,1.0,1.0,1.0,1.0,0.0,0.0,1.0,1.0,1.0,False
India_936021,India,ok,1.0,1.0,0.0,0.0,1.0,1.0,1.0,1.0,1.0,0.0,0.0,1.0,1.0,1.0,False
India_495834,India,ok,0.9994,1.0,0.0,0.0,1.0,1.0,1.0,1.0,1.0,0.0,0.0,1.0,1.0,1.0,False
India_14397,India,ok,1.0,1.0,0.0,0.0,1.0,1.0,1.0,1.0,1.0,0.0,0.0,1.0,1.0,1.0,False
India_915623,India,ok,1.0,1.0,0.0,0.0,1.0,1.0,1.0,1.0,1.0,0.0,0.0,1.0,1.0,1.0,False
India_170994,India,ok,1.0,1.0,8.333333333333334e-06,0.0,1.0,1.0,1.0,1.0,1.0,0.0,0.0,1.0,1.0,1.0,False
India_341904,India,ok,0.98195,1.0,0.0,0.0,1.0,1.0,1.0,1.0,1.0,0.0,0.0,1.0,1.0,1.0,False
India_304403,India,ok,1.0,1.0,0.0,0.0,1.0,1.0,1.0,1.0,1.0,0.0,0.0,1.0,1.0,1.0,False
India_853433,India,ok,0.99375,1.0,0.0,0.0,1.0,1.0,1.0,1.0,1.0,0.0,0.0,1.0,1.0,1.0,False
India_338971,India,ok,0.99345,1.0,0.0,0.0,1.0,1.0,1.0,1.0,1.0,0.0,0.0,1.0,1.0,1.0,False
India_984986,India,ok,1.0,1.0,0.0,0.0,1.0,1.0,1.0,1.0,1.0,0.0,0.0,1.0,1.0,1.0,False
India_764509,India,ok,0.8152,1.0,0.0001686702649656526,5.111220150474321e-06,0.9990799803729146,1.0,0.9999386653581943,1.0,1.0,0.0,0.0,1.0,1.0,1.0,False
India_434499,India,ok,1.0,1.0,0.0,0.0,1.0,1.0,1.0,1.0,1.0,0.0,0.0,1.0,1.0,1.0,False
India_326084,India,ok,1.0,1.0,0.0,0.0,1.0,1.0,1.0,1.0,1.0,0.0,0.0,1.0,1.0,1.0,False
India_931742,India,ok,1.0,1.0,0.0,0.0,1.0,1.0,1.0,1.0,1.0,0.0,0.0,1.0,1.0,1.0,False
India_794487,India,ok,0.9999,1.0,0.0,0.0,1.0,1.0,1.0,1.0,1.0,0.0,0.0,1.0,1.0,1.0,False
India_334738,India,ok,0.990825,1.0,0.0,0.0,1.0,1.0,1.0,1.0,1.0,0.0,0.0,1.0,1.0,1.0,False
India_234448,India,ok,0.9988,1.0,0.0,0.0,1.0,1.0,1.0,1.0,1.0,0.0,0.0,1.0,1.0,1.0,False
India_275683,India,ok,1.0,1.0,0.0,0.0,1.0,1.0,1.0,1.0,1.0,0.0,0.0,1.0,1.0,1.0,False
India_558271,India,ok,1.0,1.0,0.0,0.0,1.0,1.0,1.0,1.0,1.0,0.0,0.0,1.0,1.0,1.0,False
India_869830,India,ok,1.0,1.0,0.0,0.0,1.0,1.0,1.0,1.0,1.0,0.0,0.0,1.0,1.0,1.0,False
India_507188,India,ok,1.0,1.0,0.0,0.0,1.0,1.0,1.0,1.0,1.0,0.0,0.0,1.0,1.0,1.0,False
India_453629,India,ok,0.96305,1.0,0.0,0.0,1.0,1.0,1.0,1.0,1.0,0.0,0.0,1.0,1.0,1.0,False
India_537434,India,ok,0.9994,1.0,0.0,0.0,1.0,1.0,1.0,1.0,1.0,0.0,0.0,1.0,1.0,1.0,False
India_24955,India,ok,0.89815,1.0,0.0,0.0,1.0,1.0,1.0,0.8312,1.0,0.0,0.0,1.0,1.0,1.0,False
India_932445,India,ok,0.98745,1.0,0.0,0.0,1.0,1.0,1.0,0.9936,1.0,0.0,0.0,1.0,1.0,1.0,False
India_449096,India,ok,0.97785,1.0,0.0,0.0,1.0,1.0,1.0,1.0,1.0,0.0,0.0,1.0,1.0,1.0,False
India_957698,India,ok,0.9978,1.0,0.0,0.0,1.0,1.0,1.0,1.0,1.0,0.0,0.0,1.0,1.0,1.0,False
India_987289,India,ok,0.9498,1.0,0.0,0.0,1.0,1.0,1.0,1.0,1.0,0.0,0.0,1.0,1.0,1.0,False
India_181547,India,ok,0.9936,1.0,0.0,0.0,1.0,1.0,1.0,1.0,1.0,0.0,0.0,1.0,1.0,1.0,False
India_15357,India,ok,0.9868,1.0,0.0,0.0,1.0,1.0,1.0,0.9872,1.0,0.0,0.0,1.0,1.0,1.0,False
India_953973,India,ok,1.0,1.0,0.00014583333333333335,0.0,0.999125,0.999125,1.0,1.0,1.0,0.0,0.0,1.0,1.0,1.0,False
India_524488,India,ok,0.999925,1.0,0.002554358243534932,0.0,0.9846738505387904,0.9846738505387904,1.0,1.0,1.0,0.0,0.0,1.0,1.0,1.0,False
India_467966,India,ok,0.99995,1.0,0.0,0.0,1.0,1.0,1.0,1.0,1.0,0.0,0.0,1.0,1.0,1.0,False
India_142386,India,ok,1.0,1.0,0.0,0.0,1.0,1.0,1.0,1.0,1.0,0.0,0.0,1.0,1.0,1.0,False
India_254565,India,ok,1.0,1.0,0.0,0.0,1.0,1.0,1.0,1.0,1.0,0.0,0.0,1.0,1.0,1.0,False
India_320254,India,ok,1.0,1.0,0.0,0.0,1.0,1.0,1.0,1.0,1.0,0.0,0.0,1.0,1.0,1.0,False
India_175902,India,ok,0.9944,1.0,0.0,0.0,1.0,1.0,1.0,1.0,1.0,0.0,0.0,1.0,1.0,1.0,False
India_518845,India,ok,0.9996,1.0,0.0,0.0,1.0,1.0,1.0,1.0,1.0,0.0,0.0,1.0,1.0,1.0,False
India_367749,India,ok,1.0,1.0,0.0,0.0,1.0,1.0,1.0,1.0,1.0,0.0,0.0,1.0,1.0,1.0,False
India_809021,India,ok,0.9998,1.0,0.0,0.0,1.0,1.0,1.0,1.0,1.0,0.0,0.0,1.0,1.0,1.0,False
India_342166,India,ok,0.9836,1.0,0.0,0.0,1.0,1.0,1.0,1.0,1.0,0.0,0.0,1.0,1.0,1.0,False
India_252982,India,ok,0.9716,1.0,0.0,0.0,1.0,1.0,1.0,0.9352,1.0,0.0,0.0,1.0,1.0,1.0,False
India_164952,India,ok,0.9968,1.0,5.016051364365971e-05,0.0,1.0,1.0,1.0,0.9984,1.0,0.0,0.0,1.0,1.0,1.0,False
India_663349,India,ok,0.84495,1.0,0.0003550505947097461,0.0,0.9992898988105805,1.0,0.9999112373513226,0.9744,1.0,0.0,0.0,1.0,1.0,1.0,False
India_674342,India,ok,0.97465,1.0,0.0,0.0,1.0,1.0,1.0,1.0,1.0,0.0,0.0,1.0,1.0,1.0,False
India_242612,India,ok,1.0,1.0,0.0,0.0,1.0,1.0,1.0,1.0,1.0,0.0,0.0,1.0,1.0,1.0,False
India_73660,India,ok,1.0,1.0,0.0,0.0,1.0,1.0,1.0,1.0,1.0,0.0,0.0,1.0,1.0,1.0,False
India_188037,India,ok,0.999,1.0,0.0,0.0,1.0,1.0,1.0,0.9992,1.0,0.0,0.0,1.0,1.0,1.0,False
India_247971,India,ok,1.0,1.0,0.0,0.0,1.0,1.0,1.0,1.0,1.0,0.0,0.0,1.0,1.0,1.0,False
India_985250,India,ok,0.9999,1.0,0.0,0.0,1.0,1.0,1.0,1.0,1.0,0.0,0.0,1.0,1.0,1.0,False
India_894584,India,ok,1.0,1.0,0.0,0.0,1.0,1.0,1.0,1.0,1.0,0.0,0.0,1.0,1.0,1.0,False
India_148461,India,ok,0.9845,1.0,0.0,0.0,1.0,1.0,1.0,0.8752,1.0,0.0,0.0,1.0,1.0,1.0,False
India_957609,India,ok,1.0,1.0,0.0,0.0,1.0,1.0,1.0,1.0,1.0,0.0,0.0,1.0,1.0,1.0,False
India_907339,India,ok,1.0,1.0,0.0025583333333333335,0.0,0.98465,0.98465,1.0,1.0,1.0,0.0,0.0,1.0,1.0,1.0,False
India_686005,India,ok,0.9993,1.0,0.0,0.0,1.0,1.0,1.0,1.0,1.0,0.0,0.0,1.0,1.0,1.0,False
India_605474,India,ok,0.99825,1.0,0.0,0.0,1.0,1.0,1.0,1.0,1.0,0.0,0.0,1.0,1.0,1.0,False
India_924635,India,ok,0.9978,1.0,0.0,0.0,1.0,1.0,1.0,0.9792,1.0,0.0,0.0,1.0,1.0,1.0,False
India_184828,India,ok,0.9703,1.0,0.0,0.0,1.0,1.0,1.0,0.956,1.0,0.0,0.0,1.0,1.0,1.0,False
India_843160,India,ok,1.0,1.0,0.0,0.0,1.0,1.0,1.0,1.0,1.0,0.0,0.0,1.0,1.0,1.0,False
India_260054,India,ok,1.0,1.0,0.0,0.0,1.0,1.0,1.0,1.0,1.0,0.0,0.0,1.0,1.0,1.0,False
India_284741,India,ok,1.0,1.0,0.0,0.0,1.0,1.0,1.0,1.0,1.0,0.0,0.0,1.0,1.0,1.0,False
India_340425,India,ok,0.995,1.0,0.0,0.0,1.0,1.0,1.0,1.0,1.0,0.0,0.0,1.0,1.0,1.0,False
India_623527,India,failed,,,,,,,,,,,,,,,
India_274324,India,ok,0.95875,1.0,0.0,0.0,1.0,1.0,1.0,1.0,1.0,0.0,0.0,1.0,1.0,1.0,False
India_783584,India,ok,0.973,1.0,0.0,0.0,1.0,1.0,1.0,0.9984,1.0,0.0,0.0,1.0,1.0,1.0,False
India_356965,India,ok,1.0,1.0,0.0,0.0,1.0,1.0,1.0,1.0,1.0,0.0,0.0,1.0,1.0,1.0,False
India_28160,India,ok,0.9998,1.0,0.0,0.0,1.0,1.0,1.0,1.0,1.0,0.0,0.0,1.0,1.0,1.0,False
India_528475,India,ok,0.9998,1.0,3.750750150030006e-05,0.0,1.0,1.0,1.0,1.0,1.0,0.0002,0.0,1.0,1.0,1.0,False
India_109910,India,ok,1.0,1.0,0.0,0.0,1.0,1.0,1.0,1.0,1.0,0.0,0.0,1.0,1.0,1.0,False
India_13592,India,ok,0.9925,1.0,0.0,0.0,1.0,1.0,1.0,0.988,1.0,0.0,0.0,1.0,1.0,1.0,False
India_367363,India,ok,0.9854,1.0,0.0,0.0,1.0,1.0,1.0,1.0,1.0,0.0,0.0,1.0,1.0,1.0,False
India_91570,India,ok,0.98785,1.0,0.0,0.0,1.0,1.0,1.0,0.9936,1.0,0.0,0.0,1.0,1.0,1.0,False
India_761295,India,ok,1.0,1.0,8.333333333333334e-06,0.0,1.0,1.0,1.0,1.0,1.0,0.0,0.0,1.0,1.0,1.0,False
India_892227,India,ok,0.9941,1.0,0.0,0.0,1.0,1.0,1.0,1.0,1.0,0.0,0.0,1.0,1.0,1.0,False
India_986246,India,ok,1.0,1.0,0.0,0.0,1.0,1.0,1.0,1.0,1.0,0.0,0.0,1.0,1.0,1.0,False
India_111624,India,ok,0.9999,1.0,0.0,0.0,1.0,1.0,1.0,0.9984,1.0,0.0,0.0,1.0,1.0,1.0,False
India_605144,India,ok,0.9913,1.0,0.0,0.0,1.0,1.0,1.0,0.9984,1.0,0.0,0.0,1.0,1.0,1.0,False
India_96658,India,ok,1.0,1.0,0.0,0.0,1.0,1.0,1.0,1.0,1.0,0.0,0.0,1.0,1.0,1.0,False
India_758241,India,ok,1.0,1.0,0.0,0.0,1.0,1.0,1.0,1.0,1.0,0.0,0.0,1.0,1.0,1.0,False
India_559833,India,ok,1.0,1.0,0.0,0.0,1.0,1.0,1.0,1.0,1.0,0.0,0.0,1.0,1.0,1.0,False
India_668942,India,ok,1.0,1.0,0.0,0.0,1.0,1.0,1.0,1.0,1.0,0.0,0.0,1.0,1.0,1.0,False
India_69197,India,ok,0.872625,1.0,0.0,0.0,1.0,1.0,1.0,0.9136,1.0,0.0,0.0,1.0,1.0,1.0,False
India_205212,India,ok,0.99635,1.0,0.0,0.0,1.0,1.0,1.0,1.0,1.0,0.0,0.0,1.0,1.0,1.0,False
India_787995,India,ok,0.992675,1.0,0.002191049437126955,0.0,0.9876092376659027,1.0,0.9994207570453573,1.0,1.0,0.0,0.0,1.0,1.0,1.0,False
India_261664,India,ok,0.9901,1.0,0.0,0.0,1.0,1.0,1.0,0.9728,1.0,0.0,0.0,1.0,1.0,1.0,False
India_523638,India,ok,1.0,1.0,0.0,0.0,1.0,1.0,1.0,1.0,1.0,0.0,0.0,1.0,1.0,1.0,False
India_285846,India,ok,0.97665,1.0,0.0,0.0,1.0,1.0,1.0,0.9392,1.0,0.0,0.0,1.0,1.0,1.0,False
India_486022,India,ok,0.992675,1.0,0.0,0.0,1.0,1.0,1.0,0.9852,1.0,0.0,0.0,1.0,1.0,1.0,False
India_740064,India,ok,0.95285,1.0,0.0,0.0,1.0,1.0,1.0,0.8224,1.0,0.0,0.0,1.0,1.0,1.0,False
India_270158,India,ok,0.99215,1.0,0.0,0.0,1.0,1.0,1.0,0.9984,1.0,0.0,0.0,1.0,1.0,1.0,False
India_534072,India,ok,1.0,1.0,0.0,0.0,1.0,1.0,1.0,1.0,1.0,0.0,0.0,1.0,1.0,1.0,False
India_27554,India,ok,1.0,1.0,0.0,0.0,1.0,1.0,1.0,1.0,1.0,0.0,0.0,1.0,1.0,1.0,False
India_784803,India,ok,0.9993,1.0,0.0,0.0,1.0,1.0,1.0,1.0,1.0,0.0,0.0,1.0,1.0,1.0,False
India_81539,India,ok,0.9998,1.0,0.0,0.0,1.0,1.0,1.0,1.0,1.0,0.0,0.0,1.0,1.0,1.0,False
India_342906,India,ok,1.0,1.0,0.0,0.0,1.0,1.0,1.0,1.0,1.0,0.0,0.0,1.0,1.0,1.0,False
India_345393,India,ok,0.9999,1.0,0.0,0.0,1.0,1.0,1.0,1.0,1.0,0.0,0.0,1.0,1.0,1.0,False
India_93503,India,ok,0.9714,1.0,0.0,0.0,1.0,1.0,1.0,0.9704,1.0,0.0,0.0,1.0,1.0,1.0,False
India_347353,India,ok,0.99925,1.0,0.0,0.0,1.0,1.0,1.0,1.0,1.0,0.0,0.0,1.0,1.0,1.0,False
India_744744,India,ok,1.0,1.0,0.0,0.0,1.0,1.0,1.0,1.0,1.0,0.0,0.0,1.0,1.0,1.0,False
India_541223,India,ok,0.9997,1.0,0.0,0.0,1.0,1.0,1.0,0.9984,1.0,0.0,0.0,1.0,1.0,1.0,False
India_973848,India,ok,0.99905,1.0,0.0,0.0,1.0,1.0,1.0,1.0,1.0,0.0,0.0,1.0,1.0,1.0,False
India_929934,India,ok,0.9869,1.0,0.0,0.0,1.0,1.0,1.0,0.9824,1.0,0.0,0.0,1.0,1.0,1.0,False
India_465880,India,ok,0.99975,1.0,0.0,0.0,1.0,1.0,1.0,1.0,1.0,0.0,0.0,1.0,1.0,1.0,False
India_195570,India,ok,0.9956,1.0,0.0,0.0,1.0,1.0,1.0,1.0,1.0,0.0,0.0,1.0,1.0,1.0,False
India_262529,India,ok,1.0,1.0,0.0,0.0,1.0,1.0,1.0,1.0,1.0,0.0,0.0,1.0,1.0,1.0,False
India_210593,India,ok,0.9998,1.0,1.250250050010002e-05,0.0,1.0,1.0,1.0,1.0,1.0,0.0,0.0,1.0,1.0,1.0,False
India_290383,India,ok,0.9998,1.0,0.0,0.0,1.0,1.0,1.0,1.0,1.0,0.0,0.0,1.0,1.0,1.0,False
India_274388,India,ok,0.9997,1.0,0.0,0.0,1.0,1.0,1.0,1.0,1.0,0.0,0.0,1.0,1.0,1.0,False
India_882315,India,ok,0.9998,1.0,0.0,0.0,1.0,1.0,1.0,1.0,1.0,0.0,0.0,1.0,1.0,1.0,False
India_48301,India,ok,0.85195,1.0,0.00413267601776317,0.0,0.9776101883913375,1.0,0.9975937555020834,0.8112,1.0,0.004848783694937541,0.0,0.9738658777120316,1.0,0.9970414201183432,False
India_549556,India,ok,1.0,1.0,0.0,0.0,1.0,1.0,1.0,1.0,1.0,0.0,0.0,1.0,1.0,1.0,False
India_293912,India,ok,1.0,1.0,0.0,0.0,1.0,1.0,1.0,1.0,1.0,0.0,0.0,1.0,1.0,1.0,False
India_922736,India,ok,0.97305,1.0,0.0,0.0,1.0,1.0,1.0,1.0,1.0,0.0,0.0,1.0,1.0,1.0,False
India_740798,India,ok,1.0,1.0,0.0,0.0,1.0,1.0,1.0,1.0,1.0,0.0,0.0,1.0,1.0,1.0,False
India_197508,India,ok,0.9995,1.0,0.0,0.0,1.0,1.0,1.0,0.9972,1.0,0.0,0.0,1.0,1.0,1.0,False
India_591255,India,ok,1.0,1.0,0.0,0.0,1.0,1.0,1.0,1.0,1.0,0.0,0.0,1.0,1.0,1.0,False
India_80620,India,ok,0.8876,1.0,0.0,0.0,1.0,1.0,1.0,0.8024,1.0,0.0,0.0,1.0,1.0,1.0,False
